{
"type": "FeatureCollection",
"crs": { "type": "name", "properties": { "name": "urn:ogc:def:crs:OGC:1.3:CRS84" } },
"features": [
{ "type": "Feature", "properties": { "Height": 59.76, "Neighborhood": "Civic Center", "Floors": 17 }, "geometry": { "type": "Polygon", "coordinates": [ [ [ -104.988623347999976, 39.729285428000026 ], [ -104.988625247999948, 39.729219170000079 ], [ -104.988673528, 39.729229674000067 ], [ -104.988714895999976, 39.729258612000081 ], [ -104.988738290999947, 39.729297805000044 ], [ -104.988735218999977, 39.729379509000069 ], [ -104.988705373999949, 39.72938031800004 ], [ -104.988705714999981, 39.729409862000068 ], [ -104.988739257999953, 39.729411260000063 ], [ -104.988732536999976, 39.730132265000066 ], [ -104.988699839, 39.730133240000043 ], [ -104.988697667999986, 39.730174495000028 ], [ -104.988686939, 39.730180020000034 ], [ -104.988708020999979, 39.730199249000066 ], [ -104.98872049199997, 39.730224002000057 ], [ -104.988720084999954, 39.730250819000048 ], [ -104.988705714999981, 39.730275505000066 ], [ -104.988695426999982, 39.730285886000047 ], [ -104.988684256999989, 39.730293897000024 ], [ -104.988670846, 39.730301257000065 ], [ -104.988638658999946, 39.730311133000043 ], [ -104.988603790999946, 39.730311201000063 ], [ -104.988572717999944, 39.73030032500003 ], [ -104.988558841999975, 39.730292074000033 ], [ -104.98854870599996, 39.730283823000036 ], [ -104.988537431999987, 39.730271446000074 ], [ -104.988525449999941, 39.730248756000037 ], [ -104.988524929999983, 39.73024050500004 ], [ -104.988480408999976, 39.730256877000045 ], [ -104.988210522999964, 39.730250819000048 ], [ -104.988222577999977, 39.729282744000045 ], [ -104.988623347999976, 39.729285428000026 ] ] ] } },
{ "type": "Feature", "properties": { "Height": 20.7, "Neighborhood": "Civic Center", "Floors": 6 }, "geometry": { "type": "Polygon", "coordinates": [ [ [ -104.987601908999977, 39.730355576000079 ], [ -104.987601959999949, 39.730070900000044 ], [ -104.988157193999939, 39.730070958000056 ], [ -104.988157144999946, 39.730355634000034 ], [ -104.987601908999977, 39.730355576000079 ] ] ] } },
{ "type": "Feature", "properties": { "Height": 21.32, "Neighborhood": "Civic Center", "Floors": 6 }, "geometry": { "type": "Polygon", "coordinates": [ [ [ -104.988211408999973, 39.730849209000041 ], [ -104.988212414999964, 39.730573811000056 ], [ -104.988751540999942, 39.730573753000044 ], [ -104.988750536999987, 39.730849151000029 ], [ -104.988211408999973, 39.730849209000041 ] ] ] } },
{ "type": "Feature", "properties": { "Height": 25.81, "Neighborhood": "Civic Center", "Floors": 7 }, "geometry": { "type": "Polygon", "coordinates": [ [ [ -104.988686106999978, 39.73128543200005 ], [ -104.988625586999945, 39.731286385000033 ], [ -104.988627097999938, 39.731318345000034 ], [ -104.988690289999965, 39.731319389000078 ], [ -104.988691470999981, 39.73138467800004 ], [ -104.988717891999954, 39.731385397000054 ], [ -104.988712928999973, 39.731547431000024 ], [ -104.988690272999975, 39.73154835400004 ], [ -104.988686106999978, 39.731615151000028 ], [ -104.988661106999984, 39.731616425000027 ], [ -104.988656602, 39.731687552000039 ], [ -104.988505027999963, 39.731684495000025 ], [ -104.988503715999968, 39.731605369000079 ], [ -104.988461356999949, 39.731601985000054 ], [ -104.988463482999975, 39.731578343000081 ], [ -104.988543837999941, 39.731577232000063 ], [ -104.988543949999951, 39.731318564000048 ], [ -104.988387459999956, 39.731319389000078 ], [ -104.988383017, 39.731396996000058 ], [ -104.988360930999988, 39.731397773000026 ], [ -104.988361558999941, 39.731526971000051 ], [ -104.988387561999957, 39.731527727000071 ], [ -104.988386790999982, 39.731564856000034 ], [ -104.988385699, 39.731614362000073 ], [ -104.988383017, 39.73161755700005 ], [ -104.988365229999943, 39.731618487000048 ], [ -104.988358876999939, 39.731685080000034 ], [ -104.988203542999941, 39.731680370000049 ], [ -104.988205990999973, 39.731380371000057 ], [ -104.988247345, 39.731377146000057 ], [ -104.988246223999965, 39.731351600000039 ], [ -104.988239417999978, 39.731346205000079 ], [ -104.988230569999985, 39.731335891000072 ], [ -104.988224766999963, 39.731325577000064 ], [ -104.988221528999986, 39.731315263000056 ], [ -104.988221086999943, 39.731292573000076 ], [ -104.988232623999977, 39.73127194500006 ], [ -104.988246389999972, 39.731257506000077 ], [ -104.988244245999965, 39.731226565000043 ], [ -104.988204282999959, 39.731222439000078 ], [ -104.988205990999973, 39.730918117000044 ], [ -104.988381826999955, 39.73091921300005 ], [ -104.988383017, 39.731277652000074 ], [ -104.988403133999952, 39.731278147000069 ], [ -104.988547962999974, 39.731276071000025 ], [ -104.988546931999963, 39.731024414000046 ], [ -104.988469298999973, 39.731020289000071 ], [ -104.98847152999997, 39.730998609000039 ], [ -104.988512078999975, 39.73099553600008 ], [ -104.988514444999964, 39.730918302000077 ], [ -104.988719657, 39.730921276000061 ], [ -104.988715610999975, 39.731221088000041 ], [ -104.988690645999952, 39.731222439000078 ], [ -104.988686106999978, 39.73128543200005 ] ] ] } },
{ "type": "Feature", "properties": { "Height": 23.46, "Neighborhood": "Civic Center", "Floors": 7 }, "geometry": { "type": "Polygon", "coordinates": [ [ [ -104.989832671999977, 39.729211702000043 ], [ -104.990014402999975, 39.729430360000038 ], [ -104.989970538999955, 39.729455804000054 ], [ -104.989891240999953, 39.729455114000075 ], [ -104.98985520399998, 39.729403646000037 ], [ -104.989733469999976, 39.729403544000036 ], [ -104.989734504999944, 39.72952360000005 ], [ -104.99002881399997, 39.729523186000051 ], [ -104.990029547999939, 39.72951226400005 ], [ -104.990089074999958, 39.729512872000043 ], [ -104.990371521999975, 39.729921307000041 ], [ -104.990370187999986, 39.729988939000066 ], [ -104.99019584499996, 39.730248544000062 ], [ -104.990159752999944, 39.730249291000064 ], [ -104.990158293999968, 39.730321553000067 ], [ -104.990123604999951, 39.730321488000072 ], [ -104.990120742999977, 39.730351603000031 ], [ -104.988999547, 39.730355541000051 ], [ -104.989004943999987, 39.729200018000029 ], [ -104.989832671999977, 39.729211702000043 ] ], [ [ -104.990013408999971, 39.729836732000081 ], [ -104.99001345399995, 39.729718977000061 ], [ -104.989724943999988, 39.729719153000076 ], [ -104.989723676999972, 39.729837147000069 ], [ -104.990013408999971, 39.729836732000081 ] ], [ [ -104.99001345399995, 39.730035351000026 ], [ -104.989727763999952, 39.730034213000067 ], [ -104.98972645799995, 39.730153585000039 ], [ -104.990012844999967, 39.730152340000075 ], [ -104.99001345399995, 39.730035351000026 ] ], [ [ -104.989468919999979, 39.729519061000076 ], [ -104.989468965999947, 39.729401944000074 ], [ -104.989256135999938, 39.729401481000025 ], [ -104.98925488499998, 39.729519269000036 ], [ -104.989468919999979, 39.729519061000076 ] ] ] } },
{ "type": "Feature", "properties": { "Height": 30.62, "Neighborhood": "Civic Center", "Floors": 9 }, "geometry": { "type": "Polygon", "coordinates": [ [ [ -104.990126815999986, 39.731504468000026 ], [ -104.990117425999983, 39.731953106000049 ], [ -104.989630695999949, 39.731947061000028 ], [ -104.989634628999966, 39.73149737600005 ], [ -104.990126815999986, 39.731504468000026 ] ] ] } },
{ "type": "Feature", "properties": { "Height": 26.41, "Neighborhood": "Civic Center", "Floors": 8 }, "geometry": { "type": "Polygon", "coordinates": [ [ [ -104.991144282999983, 39.732846042000062 ], [ -104.991547791999949, 39.732857954000053 ], [ -104.991545511999959, 39.733061117000034 ], [ -104.99100965699995, 39.73305391100007 ], [ -104.991018086999986, 39.732835264000073 ], [ -104.991022480999959, 39.732556290000048 ], [ -104.991045457999974, 39.732554736000054 ], [ -104.991043938999951, 39.732516605000058 ], [ -104.991008081999951, 39.73251554400008 ], [ -104.99100638799996, 39.732171349000055 ], [ -104.991537106999942, 39.732181383000068 ], [ -104.991549515999964, 39.732202010000037 ], [ -104.991537464999965, 39.732752018000042 ], [ -104.991513718999954, 39.732752756000025 ], [ -104.991491867999969, 39.732822490000046 ], [ -104.991384874999937, 39.732804324000028 ], [ -104.991379214999938, 39.732653893000077 ], [ -104.991151226999989, 39.73265374600004 ], [ -104.991145862999986, 39.73265374600004 ], [ -104.991144282999983, 39.732846042000062 ] ] ] } },
{ "type": "Feature", "properties": { "Height": 60.81, "Neighborhood": "Civic Center", "Floors": 17 }, "geometry": { "type": "Polygon", "coordinates": [ [ [ -104.992302627999948, 39.733746850000045 ], [ -104.991868109999984, 39.733746789000065 ], [ -104.991793837999978, 39.733745802000044 ], [ -104.991797479999946, 39.733246547000078 ], [ -104.992287830999942, 39.733246631000043 ], [ -104.992302627999948, 39.733746850000045 ] ] ] } },
{ "type": "Feature", "properties": { "Height": 31.83, "Neighborhood": "Civic Center", "Floors": 9 }, "geometry": { "type": "Polygon", "coordinates": [ [ [ -104.991317619999961, 39.734180371000036 ], [ -104.991225076999967, 39.734179447000031 ], [ -104.991224966999937, 39.734162945000037 ], [ -104.991042415999971, 39.734154695000029 ], [ -104.991045258999975, 39.73398753500004 ], [ -104.991214237999941, 39.733987618000072 ], [ -104.991218680999964, 39.733987618000072 ], [ -104.991219601999944, 39.733964953000054 ], [ -104.991337193, 39.733964929000081 ], [ -104.991337619999968, 39.73398691500006 ], [ -104.991488237999988, 39.733987618000072 ], [ -104.991487822999943, 39.734010486000045 ], [ -104.99150035699995, 39.734010308000052 ], [ -104.991501233999941, 39.734138515000041 ], [ -104.991486428999963, 39.734140256000046 ], [ -104.991485140999941, 39.73416317300007 ], [ -104.991315006999969, 39.734165008000048 ], [ -104.991317619999961, 39.734180371000036 ] ] ] } },
{ "type": "Feature", "properties": { "Height": 27.93, "Neighborhood": "Civic Center", "Floors": 8 }, "geometry": { "type": "Polygon", "coordinates": [ [ [ -104.992578996999953, 39.734059612000067 ], [ -104.992552726999975, 39.734058571000048 ], [ -104.992554856999959, 39.733988148000037 ], [ -104.992832477999968, 39.73399050300003 ], [ -104.99282575999996, 39.734461816000078 ], [ -104.992548915999976, 39.734458729000039 ], [ -104.992549912999948, 39.734388193000029 ], [ -104.9925879, 39.734388598000066 ], [ -104.992578996999953, 39.734059612000067 ] ] ] } },
{ "type": "Feature", "properties": { "Height": 23.4, "Neighborhood": "Civic Center", "Floors": 7 }, "geometry": { "type": "Polygon", "coordinates": [ [ [ -104.991518521999978, 39.734357263000049 ], [ -104.991516738999962, 39.734409779000032 ], [ -104.991275862999942, 39.734408963000078 ], [ -104.991277782999987, 39.734352428000079 ], [ -104.991518521999978, 39.734357263000049 ] ] ] } },
{ "type": "Feature", "properties": { "Height": 23.77, "Neighborhood": "Civic Center", "Floors": 7 }, "geometry": { "type": "Polygon", "coordinates": [ [ [ -104.991275862999942, 39.734408963000078 ], [ -104.991516738999962, 39.734409779000032 ], [ -104.991515758, 39.734438653000041 ], [ -104.991514777999953, 39.734467527000049 ], [ -104.99127395499994, 39.734465148000027 ], [ -104.991274908999969, 39.734437055000058 ], [ -104.991275862999942, 39.734408963000078 ] ] ] } },
{ "type": "Feature", "properties": { "Height": 32.82, "Neighborhood": "Civic Center", "Floors": 9 }, "geometry": { "type": "Polygon", "coordinates": [ [ [ -104.991225948999954, 39.734540947000028 ], [ -104.991227515999981, 39.734523767000042 ], [ -104.991326266999977, 39.734524445000034 ], [ -104.991326757999957, 39.734542502000068 ], [ -104.991504978999956, 39.734547135000071 ], [ -104.991503783999974, 39.734724163000067 ], [ -104.991322511999954, 39.734724523000068 ], [ -104.991321915999947, 39.734744135000028 ], [ -104.991220701999964, 39.734743087000027 ], [ -104.991219469999976, 39.734721950000051 ], [ -104.991045813999961, 39.734720398000036 ], [ -104.991047807999962, 39.734539518000076 ], [ -104.991225948999954, 39.734540947000028 ] ] ] } },
{ "type": "Feature", "properties": { "Height": 27.66, "Neighborhood": "Civic Center", "Floors": 8 }, "geometry": { "type": "Polygon", "coordinates": [ [ [ -104.991017737999982, 39.734902829000077 ], [ -104.991111376, 39.734901654000055 ], [ -104.991111614999966, 39.734872530000075 ], [ -104.991519684999957, 39.734872777000078 ], [ -104.991519311, 39.735007473000053 ], [ -104.991555528999982, 39.735008912000069 ], [ -104.99155417999998, 39.735150565000026 ], [ -104.991013233999979, 39.735152282000058 ], [ -104.991017737999982, 39.734902829000077 ] ] ] } },
{ "type": "Feature", "properties": { "Height": 35.95, "Neighborhood": "Civic Center", "Floors": 10 }, "geometry": { "type": "Polygon", "coordinates": [ [ [ -104.993642149999971, 39.734892080000066 ], [ -104.993642182999963, 39.734895227000038 ], [ -104.994021984999961, 39.734897520000061 ], [ -104.994021472999975, 39.735166328000048 ], [ -104.993569498999989, 39.735167460000071 ], [ -104.99357350799994, 39.73489481200005 ], [ -104.993573543999958, 39.734892375000072 ], [ -104.993642149999971, 39.734892080000066 ] ] ] } },
{ "type": "Feature", "properties": { "Height": 62.94, "Neighborhood": "Civic Center", "Floors": 18 }, "geometry": { "type": "Polygon", "coordinates": [ [ [ -104.994010997999965, 39.735934857000075 ], [ -104.993786664999959, 39.735932648000073 ], [ -104.993786640999986, 39.735930825000025 ], [ -104.99357701699995, 39.73592900500006 ], [ -104.993590838999978, 39.735383066000054 ], [ -104.994023994999964, 39.735389792000035 ], [ -104.994010997999965, 39.735934857000075 ] ] ] } },
{ "type": "Feature", "properties": { "Height": 20.16, "Neighborhood": "Civic Center", "Floors": 6 }, "geometry": { "type": "Polygon", "coordinates": [ [ [ -104.992838615999972, 39.735383734000038 ], [ -104.992839320999963, 39.735529733000078 ], [ -104.992758923999986, 39.735529963000033 ], [ -104.992759082999953, 39.735383961000025 ], [ -104.992838615999972, 39.735383734000038 ] ] ] } },
{ "type": "Feature", "properties": { "Height": 20.06, "Neighborhood": "Civic Center", "Floors": 6 }, "geometry": { "type": "Polygon", "coordinates": [ [ [ -104.992759082999953, 39.735383961000025 ], [ -104.992758923999986, 39.735529963000033 ], [ -104.992724372999987, 39.735530061000077 ], [ -104.992689821999988, 39.735530160000053 ], [ -104.992686806999984, 39.735384168000053 ], [ -104.992722944999969, 39.735384064000073 ], [ -104.992759082999953, 39.735383961000025 ] ] ] } },
{ "type": "Feature", "properties": { "Height": 23.77, "Neighborhood": "Civic Center", "Floors": 7 }, "geometry": { "type": "Polygon", "coordinates": [ [ [ -104.991217007999978, 39.735564432000047 ], [ -104.991230193999968, 39.735565541000028 ], [ -104.991230418999976, 39.735585766000042 ], [ -104.991314333, 39.735584105000044 ], [ -104.991316249999954, 39.735562341000048 ], [ -104.991328942999985, 39.735561416000053 ], [ -104.991326977999961, 39.73539898100006 ], [ -104.991534865999938, 39.735400531000039 ], [ -104.991533508999964, 39.735759273000042 ], [ -104.991328537999948, 39.73575736500004 ], [ -104.991326977999961, 39.735640406000073 ], [ -104.991313121999951, 39.735639796000044 ], [ -104.991310884999962, 39.735616934000063 ], [ -104.991230418999976, 39.735617107000053 ], [ -104.991227736999974, 39.735637592000046 ], [ -104.991214325999977, 39.735637733000033 ], [ -104.991211642999986, 39.735760415000072 ], [ -104.991026169999941, 39.735759428000051 ], [ -104.991026947999956, 39.735399552000047 ], [ -104.991211170999975, 39.735400531000039 ], [ -104.991217007999978, 39.735564432000047 ] ] ] } },
{ "type": "Feature", "properties": { "Height": 44.93, "Neighborhood": "Civic Center", "Floors": 13 }, "geometry": { "type": "Polygon", "coordinates": [ [ [ -104.995125152999947, 39.736262129000067 ], [ -104.995186319999959, 39.736344633000044 ], [ -104.995191133999981, 39.736764389000029 ], [ -104.994764155999974, 39.736764287000028 ], [ -104.994759298999952, 39.736261984000066 ], [ -104.995125152999947, 39.736262129000067 ] ] ] } },
{ "type": "Feature", "properties": { "Height": 33.11, "Neighborhood": "Civic Center", "Floors": 9 }, "geometry": { "type": "Polygon", "coordinates": [ [ [ -104.99243963899994, 39.737352484000041 ], [ -104.992436956999939, 39.737433525000029 ], [ -104.992241214999979, 39.737434247000067 ], [ -104.992171417999941, 39.737434109000048 ], [ -104.992162789999952, 39.737434987000029 ], [ -104.992112408999958, 39.737474245000044 ], [ -104.991953871999954, 39.737474176000035 ], [ -104.991954158999988, 39.737285014000065 ], [ -104.992006368999967, 39.737284419000048 ], [ -104.992013167999971, 39.73700292400008 ], [ -104.992660904, 39.737008034000041 ], [ -104.992654215999949, 39.737349522000045 ], [ -104.99243963899994, 39.737352484000041 ] ] ] } },
{ "type": "Feature", "properties": { "Height": 28.42, "Neighborhood": "Civic Center", "Floors": 8 }, "geometry": { "type": "Polygon", "coordinates": [ [ [ -104.992335917999981, 39.737925588000053 ], [ -104.992338687999961, 39.737741171000039 ], [ -104.992435585999942, 39.737683220000065 ], [ -104.992440611999939, 39.73750040300007 ], [ -104.992771879999964, 39.737501715000064 ], [ -104.992767840999988, 39.737925510000025 ], [ -104.992335917999981, 39.737925588000053 ] ] ] } },
{ "type": "Feature", "properties": { "Height": 24.52, "Neighborhood": "Civic Center", "Floors": 7 }, "geometry": { "type": "Polygon", "coordinates": [ [ [ -104.994011598999975, 39.737822889000029 ], [ -104.994007998999962, 39.738339575000055 ], [ -104.993064949999962, 39.738334402000078 ], [ -104.993068789999938, 39.737817452000058 ], [ -104.994011598999975, 39.737822889000029 ] ] ] } },
{ "type": "Feature", "properties": { "Height": 27.55, "Neighborhood": "Civic Center", "Floors": 8 }, "geometry": { "type": "Polygon", "coordinates": [ [ [ -104.995206006999979, 39.736977043000024 ], [ -104.995204648999959, 39.737330788000065 ], [ -104.994749967999951, 39.73732915800008 ], [ -104.994751355999938, 39.736978730000033 ], [ -104.995206006999979, 39.736977043000024 ] ] ] } },
{ "type": "Feature", "properties": { "Height": 36.91, "Neighborhood": "Civic Center", "Floors": 11 }, "geometry": { "type": "Polygon", "coordinates": [ [ [ -104.995071017999976, 39.739864757000078 ], [ -104.994704795999951, 39.739857568000048 ], [ -104.994703554999944, 39.739825155000062 ], [ -104.994646403, 39.739822505000063 ], [ -104.99466063999995, 39.73974589200003 ], [ -104.994632842999977, 39.739742068000055 ], [ -104.994674840999949, 39.73951106700008 ], [ -104.994458728999973, 39.739247066000075 ], [ -104.994485332999943, 39.739166627000031 ], [ -104.994299812999941, 39.739030501000059 ], [ -104.994497840999941, 39.738785060000055 ], [ -104.994641533999982, 39.73884281100004 ], [ -104.994649910999954, 39.738704159000065 ], [ -104.99509130499996, 39.738714934000029 ], [ -104.99507207399995, 39.739310013000079 ], [ -104.995088403999944, 39.739310931000034 ], [ -104.995131185999981, 39.739317191000055 ], [ -104.995087884999975, 39.739579130000038 ], [ -104.995071017999976, 39.739864757000078 ] ] ] } },
{ "type": "Feature", "properties": { "Height": 26.54, "Neighborhood": "Civic Center", "Floors": 8 }, "geometry": { "type": "Polygon", "coordinates": [ [ [ -104.992165217999968, 39.738332624000066 ], [ -104.991875539999967, 39.738336537000066 ], [ -104.99188090399997, 39.738269134000063 ], [ -104.991900356999963, 39.73826742500006 ], [ -104.991902361999962, 39.738203862000034 ], [ -104.991918173999977, 39.738201423000078 ], [ -104.99191577299996, 39.738029582000024 ], [ -104.992239962999975, 39.73803229400005 ], [ -104.992240319999951, 39.738056787000062 ], [ -104.99231851199994, 39.738057045000062 ], [ -104.992320785999937, 39.73800880400006 ], [ -104.992660272999956, 39.73801373100008 ], [ -104.992661426999973, 39.738114584000073 ], [ -104.992704745999959, 39.738112733000037 ], [ -104.992719052999973, 39.738189048000038 ], [ -104.992701659999966, 39.738271964000035 ], [ -104.992677811999954, 39.738273612000057 ], [ -104.992680201999974, 39.738328546000048 ], [ -104.992298045999974, 39.738324570000032 ], [ -104.992315422, 39.738282988000037 ], [ -104.992323248, 39.738281862000065 ], [ -104.992323467999938, 39.738267842000027 ], [ -104.992168982999942, 39.738269487000025 ], [ -104.992165217999968, 39.738332624000066 ] ] ] } },
{ "type": "Feature", "properties": { "Height": 41.59, "Neighborhood": "Civic Center", "Floors": 12 }, "geometry": { "type": "Polygon", "coordinates": [ [ [ -104.991455552, 39.738224161000062 ], [ -104.991451569999981, 39.73834387900007 ], [ -104.991097337999975, 39.738346900000067 ], [ -104.991100200999938, 39.738218791000065 ], [ -104.991455552, 39.738224161000062 ] ] ] } },
{ "type": "Feature", "properties": { "Height": 29.76, "Neighborhood": "Civic Center", "Floors": 9 }, "geometry": { "type": "Polygon", "coordinates": [ [ [ -104.991284278999956, 39.739646396000069 ], [ -104.991467586999988, 39.739648485000032 ], [ -104.991461304999973, 39.739837221000073 ], [ -104.99053467799996, 39.739834110000061 ], [ -104.990533260999939, 39.739809593000075 ], [ -104.990487427999938, 39.739805235000063 ], [ -104.990490345999945, 39.73961999200003 ], [ -104.990613726999982, 39.739619921000042 ], [ -104.990723181999954, 39.739594860000068 ], [ -104.990812633999951, 39.739547423000033 ], [ -104.990891915999953, 39.73948142200004 ], [ -104.990923615999975, 39.73940923400005 ], [ -104.990938273999973, 39.739356479000037 ], [ -104.990854421999984, 39.739351484000053 ], [ -104.99086317299998, 39.739118447000067 ], [ -104.990941998999972, 39.739116357000057 ], [ -104.990927545999966, 39.739067424000041 ], [ -104.990896414999952, 39.73900291800004 ], [ -104.990822939999987, 39.738934045000065 ], [ -104.990731743999959, 39.73888403400008 ], [ -104.990683464999961, 39.738866381000037 ], [ -104.990616408999983, 39.738859522000041 ], [ -104.99054399, 39.73885473200005 ], [ -104.990490603999945, 39.738854417000027 ], [ -104.990498391999949, 39.738667781000061 ], [ -104.990532018999943, 39.738664664000055 ], [ -104.990533313999947, 39.738635741000053 ], [ -104.991457324999942, 39.738639913000043 ], [ -104.991453258999968, 39.738828540000043 ], [ -104.991270056999952, 39.738827604000051 ], [ -104.991276232999951, 39.739124633000074 ], [ -104.991500219999978, 39.739124607000065 ], [ -104.991493491999961, 39.739361068000051 ], [ -104.991286176999949, 39.739359734000061 ], [ -104.991284278999956, 39.739646396000069 ] ] ] } },
{ "type": "Feature", "properties": { "Height": 32.82, "Neighborhood": "Civic Center", "Floors": 9 }, "geometry": { "type": "Polygon", "coordinates": [ [ [ -104.993789278999941, 39.738693110000042 ], [ -104.99376381899998, 39.739867684000046 ], [ -104.993130418999954, 39.73985258700003 ], [ -104.993154956999945, 39.73867510000008 ], [ -104.993789278999941, 39.738693110000042 ] ] ] } },
{ "type": "Feature", "properties": { "Height": 28.5, "Neighborhood": "Civic Center", "Floors": 8 }, "geometry": { "type": "Polygon", "coordinates": [ [ [ -104.992817122999952, 39.739615436000065 ], [ -104.992645527999969, 39.739619651000055 ], [ -104.992637415, 39.739886733000048 ], [ -104.991989390999947, 39.739879527000028 ], [ -104.991996366999956, 39.739353013000027 ], [ -104.991936055999986, 39.739353588000029 ], [ -104.991929311999968, 39.739480918000027 ], [ -104.99182243599995, 39.739477338000029 ], [ -104.991827388, 39.739321593000057 ], [ -104.991954470999985, 39.739318525000044 ], [ -104.99195076999996, 39.739243746000056 ], [ -104.991822511999942, 39.739240149000068 ], [ -104.991827388, 39.73910096600008 ], [ -104.991934631999982, 39.739099898000063 ], [ -104.991934675999971, 39.739097836000042 ], [ -104.991937195, 39.738939021000078 ], [ -104.991940040999964, 39.738760379000041 ], [ -104.99270620599998, 39.738761644000078 ], [ -104.992704469999978, 39.738917221000065 ], [ -104.992829214999972, 39.738918396000031 ], [ -104.992819026999939, 39.739468573000067 ], [ -104.992819679999968, 39.739468057000067 ], [ -104.992817122999952, 39.739615436000065 ] ] ] } },
{ "type": "Feature", "properties": { "Height": 23.45, "Neighborhood": "CBD", "Floors": 7 }, "geometry": { "type": "Polygon", "coordinates": [ [ [ -104.99242705599994, 39.740267462000077 ], [ -104.992495960999975, 39.740217496000071 ], [ -104.992544789999954, 39.740256683000041 ], [ -104.992601398999966, 39.740215180000064 ], [ -104.992751296999984, 39.740330933000052 ], [ -104.99284279799997, 39.740262057000052 ], [ -104.992995684, 39.740388090000067 ], [ -104.992746856999986, 39.740576368000063 ], [ -104.992441258999975, 39.740335272000038 ], [ -104.992475334999938, 39.740309118000027 ], [ -104.99242705599994, 39.740267462000077 ] ] ] } },
{ "type": "Feature", "properties": { "Height": 53.22, "Neighborhood": "CBD", "Floors": 15 }, "geometry": { "type": "Polygon", "coordinates": [ [ [ -104.99238298399996, 39.740315630000055 ], [ -104.991874151, 39.740692261000049 ], [ -104.991571990999944, 39.740454489000058 ], [ -104.991892139999948, 39.740215238000076 ], [ -104.992384336999976, 39.740211956000053 ], [ -104.99238298399996, 39.740315630000055 ] ] ] } },
{ "type": "Feature", "properties": { "Height": 22.54, "Neighborhood": "Auraria", "Floors": 6 }, "geometry": { "type": "Polygon", "coordinates": [ [ [ -105.015483760999984, 39.740611576000049 ], [ -105.015533650999942, 39.740611570000056 ], [ -105.015533641, 39.740567696000028 ], [ -105.015766643999939, 39.740567665000071 ], [ -105.015766653999947, 39.740611538000053 ], [ -105.015824903999942, 39.740611530000081 ], [ -105.015824894, 39.740567657000042 ], [ -105.015883224999982, 39.74056764900007 ], [ -105.015883224999982, 39.740918634000025 ], [ -105.015824974999987, 39.740918642000054 ], [ -105.015824984999938, 39.740962515000035 ], [ -105.015766733999953, 39.740962523000064 ], [ -105.015766743999961, 39.741006396000046 ], [ -105.015650242, 39.741006412000047 ], [ -105.015650251999944, 39.741050285000028 ], [ -105.015592000999959, 39.741050293000058 ], [ -105.015591990999951, 39.741006420000076 ], [ -105.015533739999967, 39.741006428000048 ], [ -105.015533719999951, 39.740918681000039 ], [ -105.015475468999966, 39.740918689000068 ], [ -105.015483760999984, 39.740611576000049 ] ] ] } },
{ "type": "Feature", "properties": { "Height": 62.74, "Neighborhood": "CBD", "Floors": 18 }, "geometry": { "type": "Polygon", "coordinates": [ [ [ -104.990645778999976, 39.740490665000038 ], [ -104.990707469999961, 39.740487471000051 ], [ -104.990726403999986, 39.740502808000031 ], [ -104.990726244999962, 39.740528680000068 ], [ -104.990732387999969, 39.740533980000066 ], [ -104.99075843199995, 39.740556432000062 ], [ -104.990863037999986, 39.740646708000043 ], [ -104.99088717799998, 39.740667537000036 ], [ -104.989904543999955, 39.741396904000055 ], [ -104.989261758999987, 39.740889344000038 ], [ -104.990038637999987, 39.740292435000072 ], [ -104.990224671999954, 39.740431920000049 ], [ -104.990246129999946, 39.740417917000059 ], [ -104.990404379999973, 39.740541532000066 ], [ -104.990627003999975, 39.740479940000057 ], [ -104.990645778999976, 39.740490665000038 ] ] ] } },
{ "type": "Feature", "properties": { "Height": 21.28, "Neighborhood": "CBD", "Floors": 6 }, "geometry": { "type": "Polygon", "coordinates": [ [ [ -104.991634461, 39.741445456000065 ], [ -104.991584139999986, 39.741406204000043 ], [ -104.99160021199998, 39.741393819000052 ], [ -104.991329913999948, 39.741184715000031 ], [ -104.991479076999951, 39.741069637000066 ], [ -104.991800143999967, 39.741317619000029 ], [ -104.991634461, 39.741445456000065 ] ] ] } },
{ "type": "Feature", "properties": { "Height": 22.97, "Neighborhood": "Auraria", "Floors": 7 }, "geometry": { "type": "Polygon", "coordinates": [ [ [ -105.004818, 39.741702301000032 ], [ -105.00456050799994, 39.741356565000046 ], [ -105.005270886999938, 39.741033478000077 ], [ -105.005408085999989, 39.741211999000029 ], [ -105.005536831999962, 39.74115719200006 ], [ -105.005590475999952, 39.741228406000062 ], [ -105.005610441999977, 39.741221162000045 ], [ -105.005687035999983, 39.741325151000069 ], [ -105.005579747999946, 39.741373005000071 ], [ -105.005570576999958, 39.741360567000072 ], [ -105.004977930999985, 39.741629654000064 ], [ -105.004818, 39.741702301000032 ] ] ] } },
{ "type": "Feature", "properties": { "Height": 20.94, "Neighborhood": "Civic Center", "Floors": 6 }, "geometry": { "type": "Polygon", "coordinates": [ [ [ -104.987831403999962, 39.732710012000041 ], [ -104.987968239999987, 39.732712764000041 ], [ -104.988133169999969, 39.732716079000056 ], [ -104.98813181099996, 39.732886961000077 ], [ -104.987948341, 39.73288522200005 ], [ -104.987945479999951, 39.732986294000057 ], [ -104.987942326999985, 39.733100791000027 ], [ -104.987602881999976, 39.733099743000025 ], [ -104.987608438999985, 39.732712655000057 ], [ -104.987831363999987, 39.732712722000031 ], [ -104.987831403999962, 39.732710012000041 ] ] ] } },
{ "type": "Feature", "properties": { "Height": 24.12, "Neighborhood": "Civic Center", "Floors": 7 }, "geometry": { "type": "Polygon", "coordinates": [ [ [ -104.98926155099997, 39.733466188000079 ], [ -104.989420506999977, 39.733466203000035 ], [ -104.989420465999956, 39.733736423000039 ], [ -104.989039582999965, 39.733736387000079 ], [ -104.989041549999968, 39.733493448000047 ], [ -104.98926155099997, 39.733466188000079 ] ] ] } },
{ "type": "Feature", "properties": { "Height": 23.08, "Neighborhood": "Civic Center", "Floors": 7 }, "geometry": { "type": "Polygon", "coordinates": [ [ [ -104.989463605999958, 39.734482097000068 ], [ -104.989459036999961, 39.734586258000036 ], [ -104.98909503699997, 39.734581105000075 ], [ -104.989096895999978, 39.734518194000032 ], [ -104.989098127999966, 39.734475795000037 ], [ -104.989128525999945, 39.734475909000025 ], [ -104.989131807999968, 39.734364967000033 ], [ -104.989099043999943, 39.734362463000025 ], [ -104.989102302999981, 39.734271306000039 ], [ -104.98913614199995, 39.734271706000072 ], [ -104.989137171999971, 39.734164219000036 ], [ -104.989102779999939, 39.734162384000058 ], [ -104.989107667999974, 39.734062870000059 ], [ -104.989471039999955, 39.734069564000038 ], [ -104.989467083999955, 39.734159170000055 ], [ -104.989418683999986, 39.734158259000026 ], [ -104.98942416899996, 39.734481229000039 ], [ -104.989463605999958, 39.734482097000068 ] ] ] } },
{ "type": "Feature", "properties": { "Height": 34.07, "Neighborhood": "Civic Center", "Floors": 10 }, "geometry": { "type": "Polygon", "coordinates": [ [ [ -104.987631949, 39.734734131000039 ], [ -104.987623986999949, 39.734701746000042 ], [ -104.987617844999988, 39.734676765000074 ], [ -104.987598285999979, 39.734582112000055 ], [ -104.987597480999966, 39.734495481000067 ], [ -104.987611728, 39.734406786000079 ], [ -104.987625988, 39.734361408000041 ], [ -104.987628573999984, 39.73433433200006 ], [ -104.987625891999983, 39.73432864800003 ], [ -104.987629074999973, 39.734329090000074 ], [ -104.987629785999957, 39.734321641000065 ], [ -104.988132591999943, 39.734322550000059 ], [ -104.988130147, 39.73444710800004 ], [ -104.987923369999976, 39.734448040000075 ], [ -104.987920934999977, 39.734436026000026 ], [ -104.987848514999939, 39.734435351000059 ], [ -104.987838089999968, 39.734445977000064 ], [ -104.987843151, 39.734625258000051 ], [ -104.987856562, 39.73463414500003 ], [ -104.987922492999985, 39.734631616000058 ], [ -104.987923616999979, 39.734620841000037 ], [ -104.988118431999965, 39.73462130300004 ], [ -104.988124582999944, 39.734734292000041 ], [ -104.988124782999989, 39.734737974000041 ], [ -104.988093531999937, 39.734740937000026 ], [ -104.988093492999951, 39.734734742000057 ], [ -104.988093489999983, 39.734734282000034 ], [ -104.987631949, 39.734734131000039 ] ] ] } },
{ "type": "Feature", "properties": { "Height": 25.47, "Neighborhood": "Civic Center", "Floors": 7 }, "geometry": { "type": "Polygon", "coordinates": [ [ [ -104.98821849899997, 39.735670886000037 ], [ -104.988220872999989, 39.735740478000025 ], [ -104.98813032299995, 39.735742304000041 ], [ -104.988127948999988, 39.735672713000042 ], [ -104.98821849899997, 39.735670886000037 ] ] ] } },
{ "type": "Feature", "properties": { "Height": 23.83, "Neighborhood": "Civic Center", "Floors": 7 }, "geometry": { "type": "Polygon", "coordinates": [ [ [ -104.988030941999966, 39.735899498000038 ], [ -104.988127338999959, 39.73578257500003 ], [ -104.988198561, 39.735817300000065 ], [ -104.988102162999951, 39.735934222000026 ], [ -104.988030941999966, 39.735899498000038 ] ] ] } },
{ "type": "Feature", "properties": { "Height": 28.92, "Neighborhood": "Civic Center", "Floors": 8 }, "geometry": { "type": "Polygon", "coordinates": [ [ [ -104.987683569999945, 39.736277080000036 ], [ -104.987663226999985, 39.736279456000034 ], [ -104.987656747999949, 39.736293956000054 ], [ -104.987585649999971, 39.736279456000034 ], [ -104.987597739999956, 39.735760513000059 ], [ -104.987658430999943, 39.735759678000079 ], [ -104.987686251999946, 39.735686512000029 ], [ -104.987583264999955, 39.735687486000074 ], [ -104.987570916999971, 39.735383158000047 ], [ -104.987788175999981, 39.73542459600003 ], [ -104.98780426999997, 39.735382580000078 ], [ -104.987911183999984, 39.735384280000062 ], [ -104.987933015999943, 39.735501495000051 ], [ -104.987992023999936, 39.735512411000059 ], [ -104.98807517299997, 39.735378895000053 ], [ -104.988725192999937, 39.735483286000033 ], [ -104.988663242999962, 39.735590543000058 ], [ -104.988678669999956, 39.735697748000064 ], [ -104.988723013999959, 39.735710175000065 ], [ -104.988587474999974, 39.736185379000062 ], [ -104.988628813999981, 39.736188702000049 ], [ -104.988611678999973, 39.736297636000074 ], [ -104.988559028999987, 39.736291832000063 ], [ -104.988517736999938, 39.73644553400004 ], [ -104.988343393999969, 39.736342083000068 ], [ -104.988328214999967, 39.736378461000072 ], [ -104.988323392999973, 39.736393 ], [ -104.988322266999944, 39.736392717000058 ], [ -104.988316571999974, 39.736406367000029 ], [ -104.988347522999959, 39.736436214000037 ], [ -104.988282819999938, 39.736487779000072 ], [ -104.988148209999963, 39.736370211000065 ], [ -104.988161002999959, 39.736354657000049 ], [ -104.987699662999944, 39.736246765000033 ], [ -104.987683569999945, 39.736277080000036 ] ], [ [ -104.988416996999945, 39.735697410000057 ], [ -104.988120677999973, 39.735623545000067 ], [ -104.98791022599994, 39.73616807600007 ], [ -104.988200819999975, 39.736232017000077 ], [ -104.988416996999945, 39.735697410000057 ] ] ] } },
{ "type": "Feature", "properties": { "Height": 23.91, "Neighborhood": "Civic Center", "Floors": 7 }, "geometry": { "type": "Polygon", "coordinates": [ [ [ -104.988083640999946, 39.736107096000069 ], [ -104.988003314999958, 39.736104706000049 ], [ -104.988010532999965, 39.73596122500004 ], [ -104.988090859999943, 39.73596361400007 ], [ -104.988083640999946, 39.736107096000069 ] ] ] } },
{ "type": "Feature", "properties": { "Height": 43.54, "Neighborhood": "Civic Center", "Floors": 12 }, "geometry": { "type": "Polygon", "coordinates": [ [ [ -104.989594435999948, 39.73760379600003 ], [ -104.989428138999983, 39.737480002000041 ], [ -104.989403999, 39.737471687000038 ], [ -104.989374495, 39.737471121000056 ], [ -104.989347672999941, 39.737480453000046 ], [ -104.989299643999971, 39.737516893000077 ], [ -104.989283299999954, 39.737504928000078 ], [ -104.98924038399997, 39.73746949100007 ], [ -104.989327469999978, 39.737399326000059 ], [ -104.989221608999969, 39.73731570800004 ], [ -104.989001667999958, 39.737312598000074 ], [ -104.989004349999959, 39.736976942000069 ], [ -104.989146606999952, 39.736978560000068 ], [ -104.989063357999953, 39.736635541000055 ], [ -104.989047385, 39.736634108000032 ], [ -104.989031171999954, 39.736745599000074 ], [ -104.988874210999938, 39.736679485000025 ], [ -104.988933421999945, 39.736351532000072 ], [ -104.988872363999974, 39.736279341000056 ], [ -104.988914020999971, 39.736174148000032 ], [ -104.988830005999944, 39.735859768000068 ], [ -104.98901329399996, 39.735932822000052 ], [ -104.989046007999946, 39.735588365000069 ], [ -104.98945555399996, 39.735873006000077 ], [ -104.989416217999974, 39.735961699000029 ], [ -104.989530552999952, 39.736110207000024 ], [ -104.989364198999965, 39.736307516000068 ], [ -104.98952948799996, 39.736353595000026 ], [ -104.989413507999984, 39.736662984000077 ], [ -104.989437085999953, 39.73678674000007 ], [ -104.989420848999941, 39.73680736600005 ], [ -104.98949251199997, 39.737046626000051 ], [ -104.989512977999937, 39.737048688000073 ], [ -104.989511286999971, 39.737105228000075 ], [ -104.989579651999975, 39.737104378000026 ], [ -104.98958102499995, 39.737148368000078 ], [ -104.98965186099997, 39.737149755000075 ], [ -104.989653443999941, 39.737038209000048 ], [ -104.989718036999989, 39.737036313000033 ], [ -104.989718012999958, 39.737033219000068 ], [ -104.989719298999944, 39.737032188000057 ], [ -104.98971800399994, 39.737032188000057 ], [ -104.989717816999985, 39.737008704000061 ], [ -104.98984328399996, 39.737009499000067 ], [ -104.98985192799995, 39.737063595000052 ], [ -104.989896453999961, 39.737065189000077 ], [ -104.989897524999947, 39.737097471000027 ], [ -104.989926536999974, 39.737100253000051 ], [ -104.989942501999963, 39.737108503000059 ], [ -104.989943122999989, 39.737119435000068 ], [ -104.990017183999953, 39.737125004000063 ], [ -104.99001554299997, 39.737188687000071 ], [ -104.990003654999953, 39.737203382000075 ], [ -104.989999448999981, 39.737235465000026 ], [ -104.990084123999964, 39.737238446000049 ], [ -104.990079915999956, 39.73735294200003 ], [ -104.990035870999975, 39.737372513000025 ], [ -104.990018224999972, 39.737389502000042 ], [ -104.99001156099996, 39.737407577000056 ], [ -104.990010177999977, 39.73760661700004 ], [ -104.989932394, 39.737665213000071 ], [ -104.990094674999966, 39.737780901000065 ], [ -104.990093326999954, 39.737873398000033 ], [ -104.989975309999977, 39.737875636000069 ], [ -104.989843880999956, 39.737981577000028 ], [ -104.989600253, 39.737802393000038 ], [ -104.989594435999948, 39.73760379600003 ] ] ] } },
{ "type": "Feature", "properties": { "Height": 49.12, "Neighborhood": "Civic Center", "Floors": 14 }, "geometry": { "type": "Polygon", "coordinates": [ [ [ -104.988802039999939, 39.737290575000031 ], [ -104.988797998999985, 39.737391142000035 ], [ -104.988675953999973, 39.73738957900008 ], [ -104.988671934999957, 39.737457643000027 ], [ -104.988463134999961, 39.737454961000026 ], [ -104.988457358999938, 39.73774030800007 ], [ -104.988035393999951, 39.737740215000031 ], [ -104.988031643999989, 39.73784540500003 ], [ -104.988010906999989, 39.737876344000028 ], [ -104.987966514, 39.737914312000044 ], [ -104.987918234999938, 39.737930998000024 ], [ -104.987878001999945, 39.737929970000039 ], [ -104.987819071999979, 39.737909345000048 ], [ -104.987774028, 39.737868094000078 ], [ -104.987773394999977, 39.737742277000052 ], [ -104.987733080999988, 39.737740215000031 ], [ -104.987733161999984, 39.737455581000063 ], [ -104.987733161999984, 39.737394901000073 ], [ -104.987609132999978, 39.737391641000045 ], [ -104.987612462999948, 39.737282621000077 ], [ -104.987738850999961, 39.737282325000081 ], [ -104.98774389099998, 39.737081425000042 ], [ -104.987807595999982, 39.737082255000075 ], [ -104.987810945999968, 39.736959511000066 ], [ -104.98861057, 39.736964687000068 ], [ -104.988610244999961, 39.737152473000037 ], [ -104.988688476999982, 39.737154445000044 ], [ -104.988688028999945, 39.737288192000051 ], [ -104.988802039999939, 39.737290575000031 ] ] ] } },
{ "type": "Feature", "properties": { "Height": 20.16, "Neighborhood": "Civic Center", "Floors": 6 }, "geometry": { "type": "Polygon", "coordinates": [ [ [ -104.988952996999956, 39.738228224000068 ], [ -104.988751879999938, 39.738227079000069 ], [ -104.988747548, 39.738213356000074 ], [ -104.988629372, 39.738260617000037 ], [ -104.988573268999971, 39.738308970000048 ], [ -104.98848696899995, 39.738308970000048 ], [ -104.988488378999989, 39.738232935000042 ], [ -104.988564036999946, 39.738234800000043 ], [ -104.988632085999939, 39.738188241000046 ], [ -104.98870183799994, 39.73816233000008 ], [ -104.988750241, 39.738152753000065 ], [ -104.988751085999979, 39.738118670000063 ], [ -104.988954790999969, 39.738118616000065 ], [ -104.988953714, 39.738156435000064 ], [ -104.988993132999951, 39.738161887000047 ], [ -104.989073430999952, 39.738188880000052 ], [ -104.989142477999962, 39.73823716000004 ], [ -104.989218850999976, 39.738238310000042 ], [ -104.989217432999965, 39.738306379000051 ], [ -104.989133613999968, 39.738304060000075 ], [ -104.98906365, 39.738252871000043 ], [ -104.988995634, 39.738220032000072 ], [ -104.98895349999998, 39.738212053000041 ], [ -104.988952996999956, 39.738228224000068 ] ] ] } },
{ "type": "Feature", "properties": { "Height": 20.0, "Neighborhood": "Civic Center", "Floors": 6 }, "geometry": { "type": "Polygon", "coordinates": [ [ [ -104.989242602, 39.739613994000081 ], [ -104.989427, 39.739619317000063 ], [ -104.989422309999952, 39.739554221000049 ], [ -104.989685021999946, 39.739565692000042 ], [ -104.989685165999958, 39.739610605000053 ], [ -104.989868834, 39.739619317000063 ], [ -104.989859509999974, 39.739814723000052 ], [ -104.989754903999938, 39.739818272000036 ], [ -104.989301609999984, 39.739801111000077 ], [ -104.989231924999956, 39.739798473000064 ], [ -104.989242602, 39.739613994000081 ] ] ] } },
{ "type": "Feature", "properties": { "Height": 54.03, "Neighborhood": "CBD", "Floors": 15 }, "geometry": { "type": "Polygon", "coordinates": [ [ [ -104.988307565999946, 39.741204757000048 ], [ -104.988288551999972, 39.741217744000039 ], [ -104.988201282999967, 39.741149070000063 ], [ -104.988026998999942, 39.741011917000037 ], [ -104.988009601999977, 39.740998233000028 ], [ -104.987698465999983, 39.741231002000063 ], [ -104.987696347999986, 39.741231569000036 ], [ -104.987680219999959, 39.741221256000074 ], [ -104.987601905999952, 39.741279855000073 ], [ -104.987591378, 39.741270755000073 ], [ -104.987586515999965, 39.74124600600004 ], [ -104.98758657999997, 39.741111946000046 ], [ -104.987585487999979, 39.741025323000031 ], [ -104.98759922399995, 39.740957550000076 ], [ -104.987619782999957, 39.74089538700008 ], [ -104.987657663, 39.740831451000076 ], [ -104.987687736999987, 39.740785584000037 ], [ -104.98772796999998, 39.740734848000045 ], [ -104.987785853999981, 39.740678828000057 ], [ -104.987853958999949, 39.740627266000047 ], [ -104.987875118999966, 39.740649953000059 ], [ -104.987940454999944, 39.740606641000056 ], [ -104.987904712999978, 39.740559204000078 ], [ -104.988091026999939, 39.740411933000075 ], [ -104.988234907999981, 39.740504913000052 ], [ -104.988277422999943, 39.740497330000039 ], [ -104.98828586999997, 39.74050301300008 ], [ -104.988261407999971, 39.740524142000027 ], [ -104.988843768999971, 39.740909560000034 ], [ -104.98837442599995, 39.741258380000033 ], [ -104.988307565999946, 39.741204757000048 ] ] ] } },
{ "type": "Feature", "properties": { "Height": 57.43, "Neighborhood": "CBD", "Floors": 16 }, "geometry": { "type": "Polygon", "coordinates": [ [ [ -104.987664054, 39.741319110000063 ], [ -104.987749884999971, 39.74124878300006 ], [ -104.987783031, 39.741248667000036 ], [ -104.988083535999976, 39.741487911000036 ], [ -104.987816939999959, 39.741696279000053 ], [ -104.98756979999996, 39.741501977000041 ], [ -104.987570176999952, 39.741325934000031 ], [ -104.987664054, 39.741319110000063 ] ] ] } },
{ "type": "Feature", "properties": { "Height": 76.99, "Neighborhood": "CBD", "Floors": 22 }, "geometry": { "type": "Polygon", "coordinates": [ [ [ -104.988576506999948, 39.741575441000066 ], [ -104.988574538999956, 39.741573840000058 ], [ -104.988484630999949, 39.741500664000057 ], [ -104.989037101999941, 39.741057236000074 ], [ -104.98953673799997, 39.741440098000055 ], [ -104.989477728999987, 39.741488289000074 ], [ -104.98950610199995, 39.741510976000029 ], [ -104.989520691999985, 39.741522565000025 ], [ -104.989579652999964, 39.741479497000057 ], [ -104.989614521999954, 39.741505191000044 ], [ -104.989633130999948, 39.741494476000071 ], [ -104.989689623999936, 39.741541344000041 ], [ -104.98967889499994, 39.741551856000058 ], [ -104.989706050999985, 39.741574912000033 ], [ -104.988735763999955, 39.742323576000047 ], [ -104.988619422999989, 39.742230103000054 ], [ -104.988651608999987, 39.742204831000038 ], [ -104.98860267799995, 39.742164769000055 ], [ -104.98862259699996, 39.74214826900004 ], [ -104.988449995999986, 39.742011139000056 ], [ -104.988439161999963, 39.742002531000026 ], [ -104.988787329, 39.741735572000039 ], [ -104.98857732, 39.74157479400003 ], [ -104.988576506999948, 39.741575441000066 ] ] ] } },
{ "type": "Feature", "properties": { "Height": 72.28, "Neighborhood": "CBD", "Floors": 21 }, "geometry": { "type": "Polygon", "coordinates": [ [ [ -104.988530811999965, 39.741612274000033 ], [ -104.988530609999941, 39.741611946000035 ], [ -104.988576506999948, 39.741575441000066 ], [ -104.98857732, 39.74157479400003 ], [ -104.988787329, 39.741735572000039 ], [ -104.988439161999963, 39.742002531000026 ], [ -104.988449995999986, 39.742011139000056 ], [ -104.988356566, 39.74208236700008 ], [ -104.988345894999952, 39.742074044000049 ], [ -104.988140050999959, 39.741913497000041 ], [ -104.988530864999973, 39.74161236100008 ], [ -104.988530811999965, 39.741612274000033 ] ] ] } },
{ "type": "Feature", "properties": { "Height": 118.37, "Neighborhood": "CBD", "Floors": 34 }, "geometry": { "type": "Polygon", "coordinates": [ [ [ -104.987599478999982, 39.742208366000057 ], [ -104.987602239999944, 39.742205531000025 ], [ -104.987583464999943, 39.742191552000065 ], [ -104.987773576999984, 39.742044018000058 ], [ -104.987789994999957, 39.742055653000079 ], [ -104.987795358999961, 39.742051435000064 ], [ -104.987897282999938, 39.74205199000005 ], [ -104.988102217999938, 39.74220488800006 ], [ -104.988102431999948, 39.742279135000047 ], [ -104.988122588999943, 39.742296880000026 ], [ -104.987911395999959, 39.742452379000042 ], [ -104.987894600999937, 39.742441950000057 ], [ -104.987795358999961, 39.742442572000073 ], [ -104.987596498999949, 39.74229151000003 ], [ -104.987599478999982, 39.742208366000057 ] ] ] } },
{ "type": "Feature", "properties": { "Height": 113.41, "Neighborhood": "CBD", "Floors": 32 }, "geometry": { "type": "Polygon", "coordinates": [ [ [ -104.987904083999979, 39.742961992000062 ], [ -104.98779411299995, 39.742961774000037 ], [ -104.987590659999967, 39.742802322000045 ], [ -104.987590264999938, 39.742716054000027 ], [ -104.987802159999944, 39.742557369000053 ], [ -104.987909447999982, 39.742557837000049 ], [ -104.988115597999979, 39.74271705700005 ], [ -104.988115977999939, 39.742799657000035 ], [ -104.987904083999979, 39.742961992000062 ] ] ] } },
{ "type": "Feature", "properties": { "Height": 22.41, "Neighborhood": "CBD", "Floors": 6 }, "geometry": { "type": "Polygon", "coordinates": [ [ [ -104.988085248999937, 39.74314365400005 ], [ -104.98808631299994, 39.743142848000048 ], [ -104.988395242999957, 39.74338496200005 ], [ -104.988258176999977, 39.743488074000027 ], [ -104.98795507799997, 39.743242246000079 ], [ -104.988074669999946, 39.743151742000066 ], [ -104.988085248999937, 39.74314365400005 ] ] ] } },
{ "type": "Feature", "properties": { "Height": 22.31, "Neighborhood": "Auraria", "Floors": 6 }, "geometry": { "type": "Polygon", "coordinates": [ [ [ -105.007677033999983, 39.741623463000053 ], [ -105.007716656999946, 39.741606131000026 ], [ -105.007761284999958, 39.741667749000044 ], [ -105.007725699, 39.741683329000068 ], [ -105.007768601999942, 39.741742632000069 ], [ -105.007351976999985, 39.74192490400003 ], [ -105.00714228399994, 39.741638413000032 ], [ -105.00755647699998, 39.741457352000054 ], [ -105.007677033999983, 39.741623463000053 ] ] ] } },
{ "type": "Feature", "properties": { "Height": 27.75, "Neighborhood": "Auraria", "Floors": 8 }, "geometry": { "type": "Polygon", "coordinates": [ [ [ -105.009106009999982, 39.741688637000038 ], [ -105.009095694999985, 39.741641934000029 ], [ -105.009103741, 39.74159350900004 ], [ -105.009071555, 39.741583663000029 ], [ -105.009098376999987, 39.741520925000032 ], [ -105.009126937999952, 39.741527766000047 ], [ -105.009149338999975, 39.741477363000058 ], [ -105.009438155999987, 39.741544265000073 ], [ -105.009488866999959, 39.74152157900005 ], [ -105.009649592999949, 39.741740198000059 ], [ -105.009036685999945, 39.742019331000051 ], [ -105.009001816999955, 39.742046238000057 ], [ -105.008948172999965, 39.742070441000067 ], [ -105.008937443999969, 39.742058586000041 ], [ -105.008899892999978, 39.742074784000067 ], [ -105.008738125999969, 39.741858037000043 ], [ -105.009106009999982, 39.741688637000038 ] ] ] } },
{ "type": "Feature", "properties": { "Height": 31.57, "Neighborhood": "CBD", "Floors": 9 }, "geometry": { "type": "Polygon", "coordinates": [ [ [ -104.993599472999961, 39.740228410000043 ], [ -104.993612883999958, 39.740220945000033 ], [ -104.993928074999985, 39.740219512000067 ], [ -104.993949780999969, 39.74021941400008 ], [ -104.993945452999981, 39.740232519000074 ], [ -104.994088333999969, 39.74033946000003 ], [ -104.993900522999979, 39.740478127000074 ], [ -104.993604837999953, 39.740254320000076 ], [ -104.993598581999947, 39.74023887900006 ], [ -104.993599472999961, 39.740228410000043 ] ] ] } },
{ "type": "Feature", "properties": { "Height": 22.69, "Neighborhood": "CBD", "Floors": 6 }, "geometry": { "type": "Polygon", "coordinates": [ [ [ -104.994729226999937, 39.741346140000076 ], [ -104.994801646999974, 39.74140385100003 ], [ -104.995059138999977, 39.741205232000027 ], [ -104.995104574999971, 39.741169926000055 ], [ -104.99497062599994, 39.741059464000045 ], [ -104.995627766999974, 39.74055407700007 ], [ -104.995925491999969, 39.740797969000027 ], [ -104.994955825999966, 39.741532918000075 ], [ -104.994929715999945, 39.741512294000074 ], [ -104.994899507999946, 39.741532918000075 ], [ -104.994697724, 39.741369718000044 ], [ -104.994729226999937, 39.741346140000076 ] ] ] } },
{ "type": "Feature", "properties": { "Height": 31.35, "Neighborhood": "CBD", "Floors": 9 }, "geometry": { "type": "Polygon", "coordinates": [ [ [ -104.993644604999986, 39.741942820000077 ], [ -104.993691315999968, 39.741981481000039 ], [ -104.993376034999983, 39.742223310000043 ], [ -104.993086003999963, 39.741998094000053 ], [ -104.993114774, 39.74197375600005 ], [ -104.993093183999974, 39.741955958000062 ], [ -104.994074871999942, 39.741210587000069 ], [ -104.994376613999975, 39.741443708000077 ], [ -104.993748279999977, 39.741932507000058 ], [ -104.993702044999964, 39.741897234000078 ], [ -104.993644604999986, 39.741942820000077 ] ] ] } },
{ "type": "Feature", "properties": { "Height": 37.54, "Neighborhood": "CBD", "Floors": 11 }, "geometry": { "type": "Polygon", "coordinates": [ [ [ -104.998775000999956, 39.74227451400003 ], [ -104.998855467999988, 39.742346889000032 ], [ -104.998894290999942, 39.742450010000027 ], [ -104.998860832, 39.742544206000048 ], [ -104.998800070999948, 39.74261087800005 ], [ -104.997569711999972, 39.743564956000057 ], [ -104.997482796999975, 39.743632194000043 ], [ -104.997455353999953, 39.743653633000065 ], [ -104.996594060999939, 39.744321511000066 ], [ -104.996513898999979, 39.744372939000073 ], [ -104.996406610999941, 39.744379220000042 ], [ -104.996312732999968, 39.744341489000078 ], [ -104.996259088999977, 39.744287602000043 ], [ -104.996224378999955, 39.744349473000057 ], [ -104.995704494999984, 39.743811194000045 ], [ -104.994480784999951, 39.743137650000051 ], [ -104.994979675999957, 39.742909032000057 ], [ -104.994815826999968, 39.74278233800004 ], [ -104.994794602999946, 39.742766152000058 ], [ -104.994593628999951, 39.742610994000074 ], [ -104.994448597999963, 39.742732360000048 ], [ -104.994360084999983, 39.742756282000073 ], [ -104.99424474999995, 39.742745329000059 ], [ -104.994133899999952, 39.742672751000043 ], [ -104.99408538299997, 39.742586129000074 ], [ -104.994107957999972, 39.742519114000061 ], [ -104.996527309999976, 39.740637832000061 ], [ -104.996661420999942, 39.740542771000037 ], [ -104.996792848999974, 39.740515216000063 ], [ -104.996912773999952, 39.740533995000078 ], [ -104.997000665999963, 39.740602056000057 ], [ -104.997072555999978, 39.740688680000062 ], [ -104.997080268, 39.740771179000035 ], [ -104.997015471999987, 39.740868480000074 ], [ -104.996913547999952, 39.74094099000007 ], [ -104.996819670999969, 39.74096991600004 ], [ -104.996733845999984, 39.740969236000069 ], [ -104.996897454999953, 39.741097913000033 ], [ -104.997023518999981, 39.740986349000025 ], [ -104.997272166999949, 39.74113211100007 ], [ -104.997286838999969, 39.741012488000081 ], [ -104.997152264999954, 39.740907346000029 ], [ -104.997301484, 39.740795929000058 ], [ -104.997238096, 39.740705903000048 ], [ -104.997337336999976, 39.740667950000045 ], [ -104.997511681, 39.74064400900005 ], [ -104.997680659999958, 39.740653867000049 ], [ -104.99783086399998, 39.740661308000028 ], [ -104.997995522999986, 39.74071755500006 ], [ -104.998179550999964, 39.740840368000079 ], [ -104.998287569999945, 39.740960926000071 ], [ -104.998360136999963, 39.741092924000043 ], [ -104.99838908299995, 39.74120223400007 ], [ -104.998387273, 39.741354856000044 ], [ -104.998358275999976, 39.74143116700003 ], [ -104.998324389999937, 39.741498267000054 ], [ -104.998351211999989, 39.74150635500007 ], [ -104.998136217999956, 39.74165184800006 ], [ -104.998886955999978, 39.742093210000064 ], [ -104.998639987999979, 39.742212831000074 ], [ -104.998707945999968, 39.742233351000039 ], [ -104.998775000999956, 39.74227451400003 ] ] ] } },
{ "type": "Feature", "properties": { "Height": 22.82, "Neighborhood": "Auraria", "Floors": 7 }, "geometry": { "type": "Polygon", "coordinates": [ [ [ -105.012469962999944, 39.742676283000037 ], [ -105.012428789999944, 39.742693018000068 ], [ -105.012404649999951, 39.742658436000056 ], [ -105.01248376999996, 39.742622660000052 ], [ -105.012466341, 39.742596869000067 ], [ -105.012506074999976, 39.74258141200005 ], [ -105.012525349999976, 39.742606372000068 ], [ -105.012616544999958, 39.742566588000045 ], [ -105.01265677799995, 39.742618987000071 ], [ -105.012769430999981, 39.74256940600003 ], [ -105.012667506999946, 39.742395181000063 ], [ -105.012463659, 39.742464177000045 ], [ -105.012388556999952, 39.742357402000039 ], [ -105.012609860999987, 39.742282361000036 ], [ -105.01256608999995, 39.742210176000071 ], [ -105.012332230999959, 39.742289265000068 ], [ -105.012259810999979, 39.742187060000049 ], [ -105.012516526999946, 39.742096742000058 ], [ -105.012463659, 39.742024967000077 ], [ -105.012188305999985, 39.742115304000038 ], [ -105.012114971999949, 39.742009139000061 ], [ -105.012403761999963, 39.741909061000058 ], [ -105.012287895999975, 39.741750253000077 ], [ -105.011981172999981, 39.741884311000035 ], [ -105.01194331, 39.741833944000064 ], [ -105.011895504999984, 39.741855437000027 ], [ -105.01243951899994, 39.742587143000037 ], [ -105.012254446999975, 39.742666271000076 ], [ -105.011661013999969, 39.741882249000071 ], [ -105.011795393999989, 39.741822438000042 ], [ -105.01177433099997, 39.741791735000049 ], [ -105.012369781999951, 39.741526286000067 ], [ -105.012434154999937, 39.741617753000071 ], [ -105.013000252999973, 39.742632972000081 ], [ -105.012421467999957, 39.742892836000067 ], [ -105.012332541999967, 39.742770782000036 ], [ -105.012492081999937, 39.74269896900006 ], [ -105.012469962999944, 39.742676283000037 ] ] ] } },
{ "type": "Feature", "properties": { "Height": 20.37, "Neighborhood": "Auraria", "Floors": 6 }, "geometry": { "type": "Polygon", "coordinates": [ [ [ -105.001637080999956, 39.742302936000044 ], [ -105.001577605999955, 39.742329092000034 ], [ -105.001589417, 39.742345685000032 ], [ -105.001621409999984, 39.742347537000057 ], [ -105.001644436, 39.742337635000069 ], [ -105.001667938999958, 39.742370684000036 ], [ -105.001623610999957, 39.742383135000068 ], [ -105.001582274999976, 39.742378848000044 ], [ -105.001542086999962, 39.742363148000038 ], [ -105.001454105999983, 39.742245148000052 ], [ -105.001562489999969, 39.742197676000046 ], [ -105.001552459999971, 39.742183758000067 ], [ -105.001735911999958, 39.74210372400006 ], [ -105.001785801999972, 39.742172632000063 ], [ -105.00185296899997, 39.742143134000059 ], [ -105.001886347999971, 39.742189719000066 ], [ -105.001950437999938, 39.742161546000034 ], [ -105.002083453999944, 39.742342957000062 ], [ -105.001908944999968, 39.742419440000049 ], [ -105.001802918999942, 39.742268291000073 ], [ -105.001657933, 39.742331861000025 ], [ -105.001637080999956, 39.742302936000044 ] ] ] } },
{ "type": "Feature", "properties": { "Height": 21.57, "Neighborhood": "Auraria", "Floors": 6 }, "geometry": { "type": "Polygon", "coordinates": [ [ [ -105.003630154999939, 39.743111440000064 ], [ -105.002886234999949, 39.742129730000045 ], [ -105.002634603, 39.742243164000058 ], [ -105.002684693, 39.74231534900008 ], [ -105.002507166999976, 39.742396702000065 ], [ -105.002558128999965, 39.742469610000057 ], [ -105.002469615999985, 39.742509157000029 ], [ -105.002520577999974, 39.742580673000077 ], [ -105.002407925999989, 39.742630047000034 ], [ -105.001868802, 39.741905172000031 ], [ -105.002159173999985, 39.741772929000035 ], [ -105.002213518999952, 39.74184510200007 ], [ -105.002307272999985, 39.741803866000055 ], [ -105.002517746999956, 39.742086419000032 ], [ -105.002772018999963, 39.741968861000032 ], [ -105.002721182999949, 39.741898738000032 ], [ -105.002808672999947, 39.741859551000061 ], [ -105.002759294999976, 39.741788668000027 ], [ -105.002847807999956, 39.741748721000079 ], [ -105.002796845999967, 39.741677228000071 ], [ -105.003001937999954, 39.741585247000046 ], [ -105.003743666, 39.742570543000056 ], [ -105.003910551, 39.742494779000026 ], [ -105.003861682999968, 39.742423114000076 ], [ -105.004157658999986, 39.742288537000036 ], [ -105.004640105999954, 39.742946448000055 ], [ -105.004162402999953, 39.743158875000063 ], [ -105.004111127999977, 39.743089956000063 ], [ -105.00401468299998, 39.743130002000044 ], [ -105.003963606999946, 39.743060171000025 ], [ -105.003869729999963, 39.743100003000052 ], [ -105.003818613999954, 39.743030144000045 ], [ -105.003630154999939, 39.743111440000064 ] ] ] } },
{ "type": "Feature", "properties": { "Height": 26.12, "Neighborhood": "Auraria", "Floors": 7 }, "geometry": { "type": "Polygon", "coordinates": [ [ [ -105.001931318999937, 39.742799626000078 ], [ -105.002174520999972, 39.742688256000065 ], [ -105.002111026999955, 39.742611946000068 ], [ -105.002057382999965, 39.742635480000047 ], [ -105.002020499999958, 39.742628446000026 ], [ -105.001992174999941, 39.742589260000045 ], [ -105.002005500999985, 39.742567369000028 ], [ -105.002020836999975, 39.742560386000036 ], [ -105.001982280999982, 39.742549526000062 ], [ -105.001936683999986, 39.742544333000069 ], [ -105.001897078999946, 39.742552136000029 ], [ -105.001848595999945, 39.742570698000065 ], [ -105.001824030999956, 39.742536404000077 ], [ -105.001872310999943, 39.742516653000052 ], [ -105.001920590999987, 39.74250530900008 ], [ -105.001976916999979, 39.742507088000025 ], [ -105.002066638999963, 39.74253563700006 ], [ -105.002043971999967, 39.742508481000073 ], [ -105.002023772999962, 39.742515013000059 ], [ -105.001987613999972, 39.742459327000063 ], [ -105.002128260999939, 39.742399517000081 ], [ -105.002314874999968, 39.742641784000057 ], [ -105.00233592799998, 39.742644945000052 ], [ -105.002451668, 39.742799390000073 ], [ -105.002042379999978, 39.742985243000078 ], [ -105.002006420999976, 39.74293056700003 ], [ -105.00201840699998, 39.742923370000028 ], [ -105.001931318999937, 39.742799626000078 ] ] ] } },
{ "type": "Feature", "properties": { "Height": 22.86, "Neighborhood": "Auraria", "Floors": 7 }, "geometry": { "type": "Polygon", "coordinates": [ [ [ -105.005388317999973, 39.74298888800007 ], [ -105.005266098999982, 39.743043542000066 ], [ -105.005275789999985, 39.743061263000072 ], [ -105.005214098999943, 39.743086853000079 ], [ -105.005181912999944, 39.743037723000043 ], [ -105.00519894699994, 39.743029105000062 ], [ -105.005155824999974, 39.742971358000034 ], [ -105.005137004999938, 39.742979608000041 ], [ -105.005103239, 39.742930110000032 ], [ -105.005160454999952, 39.742907309000032 ], [ -105.005171183999948, 39.742920204000029 ], [ -105.005316136999966, 39.742855863000045 ], [ -105.005307975999983, 39.742842042000063 ], [ -105.005369666999968, 39.742813991000048 ], [ -105.00541220599996, 39.742793991000042 ], [ -105.005396488999963, 39.742773679000038 ], [ -105.005332115999977, 39.742760191000059 ], [ -105.005100032999962, 39.742862050000042 ], [ -105.005034390999981, 39.74276958400003 ], [ -105.005253161999974, 39.742674371000078 ], [ -105.005277792999948, 39.742707370000062 ], [ -105.005293765999966, 39.742701182000076 ], [ -105.005313340999976, 39.742727580000064 ], [ -105.005425725999942, 39.74275274300004 ], [ -105.005458179999948, 39.742780761000063 ], [ -105.00549302099995, 39.742767180000044 ], [ -105.005603080999947, 39.742913611000063 ], [ -105.005397918999961, 39.743002294000064 ], [ -105.005388317999973, 39.74298888800007 ] ] ] } },
{ "type": "Feature", "properties": { "Height": 22.18, "Neighborhood": "Auraria", "Floors": 6 }, "geometry": { "type": "Polygon", "coordinates": [ [ [ -105.009770168999978, 39.74293418600007 ], [ -105.010508239999979, 39.742598623000049 ], [ -105.010736896999958, 39.742902371000071 ], [ -105.010762301999989, 39.74289148500003 ], [ -105.011066807999953, 39.743291054000053 ], [ -105.011037959999953, 39.743303966000042 ], [ -105.011069490999944, 39.743349317000025 ], [ -105.010396255999979, 39.743649115000039 ], [ -105.010296331999939, 39.743629823000049 ], [ -105.009873224999978, 39.743070437000029 ], [ -105.009859813999981, 39.743044103000045 ], [ -105.009770168999978, 39.74293418600007 ] ] ] } },
{ "type": "Feature", "properties": { "Height": 45.15, "Neighborhood": "CBD", "Floors": 13 }, "geometry": { "type": "Polygon", "coordinates": [ [ [ -104.991641938999976, 39.741777840000054 ], [ -104.99193087499998, 39.741995884000062 ], [ -104.991291518999958, 39.742487131000075 ], [ -104.990988060999939, 39.742246956000031 ], [ -104.991075821999971, 39.742181581000068 ], [ -104.991099960999975, 39.742198887000029 ], [ -104.991641938999976, 39.741777840000054 ] ] ] } },
{ "type": "Feature", "properties": { "Height": 64.9, "Neighborhood": "CBD", "Floors": 19 }, "geometry": { "type": "Polygon", "coordinates": [ [ [ -104.991658062999988, 39.742762313000071 ], [ -104.991354154999954, 39.742519930000071 ], [ -104.992098110999962, 39.741937816000075 ], [ -104.992416484999978, 39.742178525000043 ], [ -104.991658062999988, 39.742762313000071 ] ] ] } },
{ "type": "Feature", "properties": { "Height": 45.13, "Neighborhood": "CBD", "Floors": 13 }, "geometry": { "type": "Polygon", "coordinates": [ [ [ -104.989911112999948, 39.742763024000055 ], [ -104.989889392999942, 39.74274755700003 ], [ -104.989838430999953, 39.742791619000059 ], [ -104.989862569999957, 39.742813502000047 ], [ -104.989626535999946, 39.742990919000079 ], [ -104.989520256999981, 39.742989889000057 ], [ -104.989104791999978, 39.742664029000025 ], [ -104.989106187999937, 39.742592253000055 ], [ -104.989227629999959, 39.742595969000035 ], [ -104.989296980999939, 39.742538221000075 ], [ -104.989159303999941, 39.742437163000034 ], [ -104.989162513999986, 39.742394295000054 ], [ -104.989293036, 39.74229044100008 ], [ -104.989241765999964, 39.742247420000069 ], [ -104.989912682999943, 39.741735936000055 ], [ -104.990581401999975, 39.74224524300007 ], [ -104.99005032499997, 39.742651134000027 ], [ -104.989911112999948, 39.742763024000055 ] ] ] } },
{ "type": "Feature", "properties": { "Height": 44.46, "Neighborhood": "CBD", "Floors": 13 }, "geometry": { "type": "Polygon", "coordinates": [ [ [ -104.993220040999972, 39.74241694300008 ], [ -104.993522967999979, 39.742653396000037 ], [ -104.993088582999974, 39.742986169000062 ], [ -104.99278695299995, 39.742751092000049 ], [ -104.993220040999972, 39.74241694300008 ] ] ] } },
{ "type": "Feature", "properties": { "Height": 30.77, "Neighborhood": "CBD", "Floors": 9 }, "geometry": { "type": "Polygon", "coordinates": [ [ [ -104.99241369899994, 39.742965059000028 ], [ -104.992165138999951, 39.743154996000044 ], [ -104.991866843999958, 39.742913797000028 ], [ -104.992118467999944, 39.742723953000052 ], [ -104.99241369899994, 39.742965059000028 ] ] ] } },
{ "type": "Feature", "properties": { "Height": 65.63, "Neighborhood": "CBD", "Floors": 19 }, "geometry": { "type": "Polygon", "coordinates": [ [ [ -104.992750792999971, 39.742907117000073 ], [ -104.992785660999971, 39.742881385000032 ], [ -104.992903677999948, 39.742974622000077 ], [ -104.992914175999942, 39.742971401000034 ], [ -104.992930500999989, 39.743012341000053 ], [ -104.99295142699998, 39.743010587000072 ], [ -104.992973969, 39.743084833000069 ], [ -104.992529248999972, 39.743425129000059 ], [ -104.992256207999958, 39.743207559000041 ], [ -104.992699830999982, 39.742865936000044 ], [ -104.992750792999971, 39.742907117000073 ] ] ] } },
{ "type": "Feature", "properties": { "Height": 132.83, "Neighborhood": "CBD", "Floors": 38 }, "geometry": { "type": "Polygon", "coordinates": [ [ [ -104.993736575999947, 39.742803036000055 ], [ -104.994463035999956, 39.743331011000066 ], [ -104.993933779999963, 39.743700296000043 ], [ -104.993633514999942, 39.743908479000027 ], [ -104.993588354999986, 39.743881668000029 ], [ -104.993355118999943, 39.744063157000028 ], [ -104.992741033999948, 39.743578244000048 ], [ -104.993736575999947, 39.742803036000055 ] ] ] } },
{ "type": "Feature", "properties": { "Height": 34.49, "Neighborhood": "CBD", "Floors": 10 }, "geometry": { "type": "Polygon", "coordinates": [ [ [ -104.990650794999965, 39.743207062000067 ], [ -104.990491667999947, 39.743121701000064 ], [ -104.990540824, 39.743081037000024 ], [ -104.990508637999937, 39.743057767000039 ], [ -104.990505954999946, 39.74305982900006 ], [ -104.990273308999974, 39.743237195000063 ], [ -104.99024309899994, 39.743260229000043 ], [ -104.990227562999962, 39.743259882000075 ], [ -104.990203791999988, 39.743276381000044 ], [ -104.990170678999959, 39.743294633000062 ], [ -104.990141174999962, 39.743306117000031 ], [ -104.990111670999966, 39.743311573000028 ], [ -104.990071437999973, 39.74331174100007 ], [ -104.990036568999983, 39.743309379000038 ], [ -104.990001699999937, 39.743302421000067 ], [ -104.989990970999941, 39.743302294000046 ], [ -104.989964206999957, 39.743323816000043 ], [ -104.989787122999985, 39.743189760000064 ], [ -104.989910504999955, 39.743090665000068 ], [ -104.990015673999949, 39.743006206000075 ], [ -104.99000267699995, 39.742995894000046 ], [ -104.990428170999962, 39.742682208000076 ], [ -104.990435977999937, 39.74268859600005 ], [ -104.990438899999958, 39.742688390000069 ], [ -104.990483101999985, 39.742653535000045 ], [ -104.991999945999964, 39.743816138000057 ], [ -104.991951665999977, 39.74385630300003 ], [ -104.991970551999941, 39.743876535000027 ], [ -104.991533240999956, 39.744203416000062 ], [ -104.991517612999985, 39.744194141000037 ], [ -104.991310617999943, 39.74435945700003 ], [ -104.991106769999988, 39.74420062400003 ], [ -104.991132134999987, 39.744175580000046 ], [ -104.99110086099995, 39.74415083100007 ], [ -104.991122441999948, 39.744113708000043 ], [ -104.991141638999977, 39.74408505100007 ], [ -104.991184553999972, 39.744035678000046 ], [ -104.991239622999956, 39.74398584100004 ], [ -104.991397594999967, 39.74385178700004 ], [ -104.991388231999963, 39.743843537000032 ], [ -104.991400413999941, 39.743831163000038 ], [ -104.99133255199996, 39.743748628000048 ], [ -104.991265020999947, 39.743678877000036 ], [ -104.990650794999965, 39.743207062000067 ] ] ] } },
{ "type": "Feature", "properties": { "Height": 30.74, "Neighborhood": "Auraria", "Floors": 9 }, "geometry": { "type": "Polygon", "coordinates": [ [ [ -105.005496235999942, 39.743551680000053 ], [ -105.005477460999941, 39.743522779000045 ], [ -105.005627664999963, 39.743478071000027 ], [ -105.005635710999968, 39.743486757000028 ], [ -105.005659850999962, 39.743475766000074 ], [ -105.005595443999937, 39.74338526400004 ], [ -105.005673261999959, 39.743351209000025 ], [ -105.005739762999951, 39.743440948000057 ], [ -105.006207303999986, 39.743230584000059 ], [ -105.006193610999958, 39.74320887600004 ], [ -105.006279440999947, 39.743172175000041 ], [ -105.006298216999937, 39.743193917000042 ], [ -105.006310499999984, 39.743189336000057 ], [ -105.006504746999951, 39.743456980000076 ], [ -105.006479293999973, 39.743469822000066 ], [ -105.006738098999961, 39.743809193000061 ], [ -105.006769541999972, 39.743797741000037 ], [ -105.00680783699994, 39.74385251800004 ], [ -105.006586105999986, 39.743954482000049 ], [ -105.006625445999987, 39.744011990000047 ], [ -105.006359907999979, 39.744091431000072 ], [ -105.006339069999967, 39.744065850000027 ], [ -105.006247002999942, 39.74410916000005 ], [ -105.006308946, 39.744193962000054 ], [ -105.006223114999955, 39.744231737000064 ], [ -105.006158741999968, 39.744146152000042 ], [ -105.005965862999972, 39.744230839000068 ], [ -105.005458378999947, 39.743568870000047 ], [ -105.005496235999942, 39.743551680000053 ] ] ] } },
{ "type": "Feature", "properties": { "Height": 28.19, "Neighborhood": "Auraria", "Floors": 8 }, "geometry": { "type": "Polygon", "coordinates": [ [ [ -105.002080756999987, 39.743980557000043 ], [ -105.00204077099994, 39.743928998000058 ], [ -105.001849463999974, 39.744015617000059 ], [ -105.001886376999948, 39.744068922000054 ], [ -105.001800612999943, 39.744106362000025 ], [ -105.001760312999977, 39.744053657000052 ], [ -105.001564511999959, 39.744140388000062 ], [ -105.001510867999968, 39.744150871000045 ], [ -105.001454540999987, 39.744140213000037 ], [ -105.001414448999981, 39.744112549000079 ], [ -105.001344570999947, 39.744018864000054 ], [ -105.001223039999957, 39.74407336400003 ], [ -105.001266786999963, 39.744657844000074 ], [ -105.001529363999964, 39.744538273000046 ], [ -105.001510867999968, 39.744509316000062 ], [ -105.001603544999966, 39.744469338000044 ], [ -105.001722761999986, 39.744625239000072 ], [ -105.001203147999945, 39.744859123000026 ], [ -105.001210459999982, 39.744873300000052 ], [ -105.00093551599997, 39.744999363000034 ], [ -105.000864454999942, 39.743971696000074 ], [ -105.001004105, 39.743964058000074 ], [ -105.000974425999971, 39.74391902800005 ], [ -105.001140723, 39.743844263000028 ], [ -105.001148769999986, 39.743854352000028 ], [ -105.001288244999955, 39.743792343000052 ], [ -105.001317437999944, 39.743832066000039 ], [ -105.00133115999995, 39.743825258000072 ], [ -105.001293608999958, 39.743773616000055 ], [ -105.00195056299998, 39.743471149000072 ], [ -105.002004393999982, 39.74354336500005 ], [ -105.002100072999951, 39.743502084000056 ], [ -105.002350398999965, 39.743842065000081 ], [ -105.002270830999976, 39.743877438000027 ], [ -105.002240428999983, 39.743840169000066 ], [ -105.002123443999949, 39.743891875000031 ], [ -105.002162644999942, 39.743945456000063 ], [ -105.002080756999987, 39.743980557000043 ] ] ] } },
{ "type": "Feature", "properties": { "Height": 20.25, "Neighborhood": "Auraria", "Floors": 6 }, "geometry": { "type": "Polygon", "coordinates": [ [ [ -105.003149098999984, 39.744414100000029 ], [ -105.003429559999972, 39.744292081000026 ], [ -105.003495103999967, 39.744379199000036 ], [ -105.003964490999977, 39.744174275000034 ], [ -105.004238075999979, 39.74454680000008 ], [ -105.004380232999949, 39.744484435000061 ], [ -105.004592127999956, 39.74477640200007 ], [ -105.004277447999982, 39.744916975000081 ], [ -105.004331952999962, 39.744993138000041 ], [ -105.003943398, 39.745162394000033 ], [ -105.00389282499998, 39.745094337000069 ], [ -105.003569265999943, 39.74523457600003 ], [ -105.003355076999981, 39.744941814000072 ], [ -105.003491194, 39.744881915000065 ], [ -105.003149098999984, 39.744414100000029 ] ] ] } },
{ "type": "Feature", "properties": { "Height": 24.46, "Neighborhood": "CBD", "Floors": 7 }, "geometry": { "type": "Polygon", "coordinates": [ [ [ -104.989887151999937, 39.743576783000037 ], [ -104.98963927799997, 39.743767060000039 ], [ -104.989325577999978, 39.743526941000027 ], [ -104.989578697999946, 39.743331945000079 ], [ -104.989887151999937, 39.743576783000037 ] ] ] } },
{ "type": "Feature", "properties": { "Height": 124.16, "Neighborhood": "CBD", "Floors": 35 }, "geometry": { "type": "Polygon", "coordinates": [ [ [ -104.989868866999984, 39.744139719000032 ], [ -104.989893118999987, 39.744160343000033 ], [ -104.989715823999973, 39.744296693000081 ], [ -104.989689651999981, 39.744277898000064 ], [ -104.989582650999978, 39.744358330000068 ], [ -104.989273634999961, 39.744118786000058 ], [ -104.989941129999977, 39.743604599000037 ], [ -104.990250900999968, 39.743844800000034 ], [ -104.989868866999984, 39.744139719000032 ] ], [ [ -104.989627311, 39.743875736000064 ], [ -104.989624629, 39.743875736000064 ], [ -104.989627311, 39.743873673000053 ], [ -104.989627311, 39.743871611000031 ], [ -104.989621946999989, 39.743875736000064 ], [ -104.989621946999989, 39.743877798000028 ], [ -104.989624629, 39.743877798000028 ], [ -104.989627311, 39.743875736000064 ] ] ] } },
{ "type": "Feature", "properties": { "Height": 39.45, "Neighborhood": "CBD", "Floors": 11 }, "geometry": { "type": "Polygon", "coordinates": [ [ [ -104.990455400999963, 39.743996452000033 ], [ -104.990769823999983, 39.744239812000046 ], [ -104.990513888999942, 39.744439198000066 ], [ -104.990196388999948, 39.744199582000078 ], [ -104.99019588799996, 39.74419920400004 ], [ -104.990455400999963, 39.743996452000033 ] ] ] } },
{ "type": "Feature", "properties": { "Height": 20.12, "Neighborhood": "CBD", "Floors": 6 }, "geometry": { "type": "Polygon", "coordinates": [ [ [ -104.990195163999942, 39.74419977000008 ], [ -104.99019588799996, 39.74419920400004 ], [ -104.990196388999948, 39.744199582000078 ], [ -104.990513888999942, 39.744439198000066 ], [ -104.990294198999948, 39.744610348000037 ], [ -104.990074508999953, 39.744781497000076 ], [ -104.989756046999958, 39.744542845000069 ], [ -104.989975605999973, 39.744371307000051 ], [ -104.990195163999942, 39.74419977000008 ] ] ] } },
{ "type": "Feature", "properties": { "Height": 41.64, "Neighborhood": "CBD", "Floors": 12 }, "geometry": { "type": "Polygon", "coordinates": [ [ [ -104.99112721399996, 39.744521453000061 ], [ -104.990875721999942, 39.744715234000068 ], [ -104.99055577699994, 39.744473446000029 ], [ -104.990812299999959, 39.744271907000041 ], [ -104.99112721399996, 39.744521453000061 ] ] ] } },
{ "type": "Feature", "properties": { "Height": 26.32, "Neighborhood": "CBD", "Floors": 8 }, "geometry": { "type": "Polygon", "coordinates": [ [ [ -104.991518112999984, 39.744516169000065 ], [ -104.991778985999986, 39.744317350000074 ], [ -104.99208796, 39.744568958000059 ], [ -104.991831008999952, 39.744764881000037 ], [ -104.991518112999984, 39.744516169000065 ] ] ] } },
{ "type": "Feature", "properties": { "Height": 51.79, "Neighborhood": "CBD", "Floors": 15 }, "geometry": { "type": "Polygon", "coordinates": [ [ [ -104.990875721999942, 39.744715234000068 ], [ -104.990620199999967, 39.744912120000038 ], [ -104.990308351999943, 39.744667837000065 ], [ -104.99055577699994, 39.744473446000029 ], [ -104.990875721999942, 39.744715234000068 ] ] ] } },
{ "type": "Feature", "properties": { "Height": 40.69, "Neighborhood": "CBD", "Floors": 12 }, "geometry": { "type": "Polygon", "coordinates": [ [ [ -104.993734199999949, 39.744650124000032 ], [ -104.993261767999968, 39.745012495000026 ], [ -104.993228053999985, 39.744987123000044 ], [ -104.993247714999939, 39.744971429000032 ], [ -104.992951906999963, 39.744746350000071 ], [ -104.993405130999975, 39.744394392000061 ], [ -104.993734199999949, 39.744650124000032 ] ] ] } },
{ "type": "Feature", "properties": { "Height": 88.1, "Neighborhood": "CBD", "Floors": 25 }, "geometry": { "type": "Polygon", "coordinates": [ [ [ -104.990074508999953, 39.744781497000076 ], [ -104.989761012999963, 39.745025727000041 ], [ -104.989450548999969, 39.744781525000064 ], [ -104.989756046999958, 39.744542845000069 ], [ -104.990074508999953, 39.744781497000076 ] ] ] } },
{ "type": "Feature", "properties": { "Height": 25.44, "Neighborhood": "CBD", "Floors": 7 }, "geometry": { "type": "Polygon", "coordinates": [ [ [ -104.998434797999948, 39.743554266000046 ], [ -104.998036502, 39.743863984000029 ], [ -104.997851394999941, 39.743722905000027 ], [ -104.99824836199997, 39.743413482000051 ], [ -104.998434797999948, 39.743554266000046 ] ] ] } },
{ "type": "Feature", "properties": { "Height": 71.16, "Neighborhood": "CBD", "Floors": 20 }, "geometry": { "type": "Polygon", "coordinates": [ [ [ -104.99491831399996, 39.743797572000062 ], [ -104.99513092799998, 39.743966347000026 ], [ -104.995100495999964, 39.743991435000055 ], [ -104.995181889999969, 39.74405738300004 ], [ -104.994723231999956, 39.744410370000026 ], [ -104.994711288999952, 39.744401847000063 ], [ -104.994634718999976, 39.744460361000051 ], [ -104.994348447999982, 39.744237431000045 ], [ -104.99491831399996, 39.743797572000062 ] ] ] } },
{ "type": "Feature", "properties": { "Height": 145.85, "Neighborhood": "CBD", "Floors": 42 }, "geometry": { "type": "Polygon", "coordinates": [ [ [ -104.996131360999982, 39.744665172000055 ], [ -104.995383024999967, 39.745241088000057 ], [ -104.995088783999961, 39.745009036000056 ], [ -104.995836317999988, 39.744433814000047 ], [ -104.996131360999982, 39.744665172000055 ] ] ] } },
{ "type": "Feature", "properties": { "Height": 24.95, "Neighborhood": "CBD", "Floors": 7 }, "geometry": { "type": "Polygon", "coordinates": [ [ [ -104.994544455999971, 39.744856348000042 ], [ -104.994557750999945, 39.744863391000081 ], [ -104.994724847999976, 39.744732916000032 ], [ -104.994855592999954, 39.744832216000077 ], [ -104.994809994999969, 39.744869249000033 ], [ -104.994785938999939, 39.744853080000041 ], [ -104.994700024999986, 39.744920272000059 ], [ -104.994787525999982, 39.744978883000044 ], [ -104.994914600999948, 39.744875536000052 ], [ -104.995037982999975, 39.744970309000053 ], [ -104.994785854999975, 39.745166662000031 ], [ -104.994702706999988, 39.745101883000075 ], [ -104.99446276499998, 39.744914950000066 ], [ -104.994544455999971, 39.744856348000042 ] ] ] } },
{ "type": "Feature", "properties": { "Height": 28.27, "Neighborhood": "CBD", "Floors": 8 }, "geometry": { "type": "Polygon", "coordinates": [ [ [ -104.99405780799998, 39.744923251000046 ], [ -104.993490015999953, 39.745369788000062 ], [ -104.993489790999945, 39.745369965000066 ], [ -104.993489602999944, 39.745369821000054 ], [ -104.993183817999977, 39.745135427000037 ], [ -104.993768129999978, 39.744692255000075 ], [ -104.99405780799998, 39.744923251000046 ] ] ] } },
{ "type": "Feature", "properties": { "Height": 79.91, "Neighborhood": "CBD", "Floors": 23 }, "geometry": { "type": "Polygon", "coordinates": [ [ [ -104.996670527, 39.745065284000077 ], [ -104.996641193999949, 39.745091896000076 ], [ -104.996650387999978, 39.745103940000035 ], [ -104.996452756999986, 39.745253145000049 ], [ -104.996452074999979, 39.745252501000039 ], [ -104.996449044999963, 39.745255948000079 ], [ -104.996445073999951, 39.745258946000035 ], [ -104.996433128999968, 39.745252573000073 ], [ -104.996430778, 39.745252759000039 ], [ -104.996040163999965, 39.745543548000057 ], [ -104.995725025999946, 39.745301092000034 ], [ -104.996358026999985, 39.744823473000054 ], [ -104.996670527, 39.745065284000077 ] ] ] } },
{ "type": "Feature", "properties": { "Height": 83.59, "Neighborhood": "CBD", "Floors": 24 }, "geometry": { "type": "Polygon", "coordinates": [ [ [ -104.996147496, 39.745527182000046 ], [ -104.996254784999962, 39.745450701000038 ], [ -104.996270877999962, 39.745432093000034 ], [ -104.996335038999973, 39.745382644000074 ], [ -104.99643761699997, 39.745303687000046 ], [ -104.996608037999977, 39.745173399000066 ], [ -104.996712007999975, 39.745093917000077 ], [ -104.997014433999937, 39.745331086000078 ], [ -104.996392365999952, 39.745813670000075 ], [ -104.99608236399996, 39.745577377000075 ], [ -104.996147496, 39.745527182000046 ] ] ] } },
{ "type": "Feature", "properties": { "Height": 43.84, "Neighborhood": "CBD", "Floors": 13 }, "geometry": { "type": "Polygon", "coordinates": [ [ [ -104.993247714999939, 39.744971429000032 ], [ -104.993228053999985, 39.744987123000044 ], [ -104.993261767999968, 39.745012495000026 ], [ -104.992706323, 39.745438539000077 ], [ -104.992388173999984, 39.745184125000037 ], [ -104.992951906999963, 39.744746350000071 ], [ -104.993247714999939, 39.744971429000032 ] ] ] } },
{ "type": "Feature", "properties": { "Height": 125.4, "Neighborhood": "CBD", "Floors": 36 }, "geometry": { "type": "Polygon", "coordinates": [ [ [ -104.990714491999938, 39.745619329000078 ], [ -104.990541333999943, 39.745619152000074 ], [ -104.990414084999941, 39.745521476000079 ], [ -104.99041557399994, 39.745392296000034 ], [ -104.990583063999964, 39.745260722000069 ], [ -104.99076129599996, 39.74525755600007 ], [ -104.990760089999981, 39.745125227000074 ], [ -104.990926386999945, 39.744996011000069 ], [ -104.991100030999974, 39.744996327000081 ], [ -104.991222492999952, 39.745093257000065 ], [ -104.991224890999945, 39.745219060000068 ], [ -104.991060496999978, 39.745350547000044 ], [ -104.990880548999939, 39.745353111000043 ], [ -104.990880881999942, 39.745485101000043 ], [ -104.990714491999938, 39.745619329000078 ] ] ] } },
{ "type": "Feature", "properties": { "Height": 40.98, "Neighborhood": "CBD", "Floors": 12 }, "geometry": { "type": "Polygon", "coordinates": [ [ [ -104.993489602999944, 39.745369821000054 ], [ -104.993489790999945, 39.745369965000066 ], [ -104.993306789999963, 39.745513885000037 ], [ -104.993317517999969, 39.74552359900008 ], [ -104.993089530999953, 39.745700499000066 ], [ -104.993033725999965, 39.745691310000041 ], [ -104.992742568999972, 39.745470091000072 ], [ -104.993183817999977, 39.745135427000037 ], [ -104.993489602999944, 39.745369821000054 ] ] ] } },
{ "type": "Feature", "properties": { "Height": 40.86, "Neighborhood": "CBD", "Floors": 12 }, "geometry": { "type": "Polygon", "coordinates": [ [ [ -104.992073590999951, 39.745637185000078 ], [ -104.99207348799996, 39.745637264000038 ], [ -104.991945820999945, 39.74554160100007 ], [ -104.992200872999945, 39.745344732000035 ], [ -104.992502669999965, 39.74558307500007 ], [ -104.992255343999943, 39.745773532000044 ], [ -104.992130083999939, 39.745679673000041 ], [ -104.992272072999981, 39.745571588000075 ], [ -104.992215951999981, 39.745528279000041 ], [ -104.992073590999951, 39.745637185000078 ] ] ] } },
{ "type": "Feature", "properties": { "Height": 27.84, "Neighborhood": "CBD", "Floors": 8 }, "geometry": { "type": "Polygon", "coordinates": [ [ [ -104.99192033099996, 39.745561276000046 ], [ -104.991945820999945, 39.74554160100007 ], [ -104.99207348799996, 39.745637264000038 ], [ -104.992073590999951, 39.745637185000078 ], [ -104.992076939999947, 39.745639850000032 ], [ -104.992128482999988, 39.745680891000063 ], [ -104.992130083999939, 39.745679673000041 ], [ -104.992255343999943, 39.745773532000044 ], [ -104.992194113999972, 39.74582068400008 ], [ -104.992132882999954, 39.745867836000059 ], [ -104.991825410999979, 39.745634556000027 ], [ -104.991848211, 39.745616959000074 ], [ -104.99192033099996, 39.745561276000046 ] ] ] } },
{ "type": "Feature", "properties": { "Height": 92.0, "Neighborhood": "CBD", "Floors": 26 }, "geometry": { "type": "Polygon", "coordinates": [ [ [ -104.992547108999986, 39.745622153000056 ], [ -104.992852880999976, 39.74586025900004 ], [ -104.992614676999949, 39.746042053000053 ], [ -104.992308509999987, 39.745805733000054 ], [ -104.992547108999986, 39.745622153000056 ] ] ] } },
{ "type": "Feature", "properties": { "Height": 34.88, "Neighborhood": "CBD", "Floors": 10 }, "geometry": { "type": "Polygon", "coordinates": [ [ [ -104.991825410999979, 39.745634556000027 ], [ -104.992132882999954, 39.745867836000059 ], [ -104.992006709999941, 39.745964998000034 ], [ -104.991880536999986, 39.746062160000065 ], [ -104.991568949999987, 39.745832499000073 ], [ -104.99169717999996, 39.745733528000073 ], [ -104.991825410999979, 39.745634556000027 ] ] ] } },
{ "type": "Feature", "properties": { "Height": 22.74, "Neighborhood": "Auraria", "Floors": 6 }, "geometry": { "type": "Polygon", "coordinates": [ [ [ -105.012215191999985, 39.745111063000024 ], [ -105.01218384799995, 39.745068045000039 ], [ -105.011976784999945, 39.745159861000047 ], [ -105.011815607999949, 39.744943268000043 ], [ -105.012159906999955, 39.744789809000054 ], [ -105.012327075999963, 39.745005053000057 ], [ -105.012229437999963, 39.745048434000068 ], [ -105.012260699999956, 39.74509107800003 ], [ -105.012215191999985, 39.745111063000024 ] ] ] } },
{ "type": "Feature", "properties": { "Height": 28.97, "Neighborhood": "Auraria", "Floors": 8 }, "geometry": { "type": "Polygon", "coordinates": [ [ [ -105.002977288999944, 39.745151921000058 ], [ -105.002913587999956, 39.745179538000059 ], [ -105.002845860999969, 39.745089699000062 ], [ -105.002528749999954, 39.745229034000033 ], [ -105.002585685999975, 39.745309231000078 ], [ -105.002545452999982, 39.745326251000051 ], [ -105.002489127, 39.745249551000029 ], [ -105.00228167299997, 39.745342462000053 ], [ -105.002336240999966, 39.745421961000034 ], [ -105.002299574999938, 39.745437329000026 ], [ -105.002239736999968, 39.745358961000079 ], [ -105.002034926999954, 39.745449703000077 ], [ -105.002092159999961, 39.745531195000069 ], [ -105.00205460899997, 39.745547008000074 ], [ -105.001995599999987, 39.74546566600003 ], [ -105.001889619999986, 39.74551365800005 ], [ -105.002076066999962, 39.745768325000029 ], [ -105.00221438899996, 39.745705432000079 ], [ -105.00217799099994, 39.745650652000052 ], [ -105.002324213999941, 39.745587879000027 ], [ -105.002380550999987, 39.745668568000042 ], [ -105.002412641999967, 39.745713681000041 ], [ -105.002435482999942, 39.745746175000079 ], [ -105.002261138999984, 39.745821060000026 ], [ -105.002076066999962, 39.745811772000025 ], [ -105.001990670999987, 39.745847732000072 ], [ -105.001759565999976, 39.74567124400005 ], [ -105.001770449999981, 39.745660061000081 ], [ -105.00138673899994, 39.745156852000036 ], [ -105.001560344999973, 39.745078717000069 ], [ -105.002481079999939, 39.744664343000068 ], [ -105.002473034, 39.744650400000069 ], [ -105.00255830499998, 39.744614454000043 ], [ -105.002566910999974, 39.744625532000043 ], [ -105.002849041, 39.74449896200008 ], [ -105.003124809999974, 39.744874311000046 ], [ -105.003008715999954, 39.744925869000042 ], [ -105.003056387999948, 39.744991481000056 ], [ -105.002908937999962, 39.745057859000042 ], [ -105.002977288999944, 39.745151921000058 ] ], [ [ -105.002094841999963, 39.74518160000008 ], [ -105.002097523999964, 39.74518160000008 ], [ -105.002102888999957, 39.745177475000048 ], [ -105.002102269999966, 39.745170574000042 ], [ -105.002095224999948, 39.745165101000055 ], [ -105.002092159999961, 39.745165101000055 ], [ -105.002086794999968, 39.74516922600003 ], [ -105.00208880699995, 39.74518108400008 ], [ -105.002092159999961, 39.745183662000045 ], [ -105.002094841999963, 39.74518160000008 ] ] ] } },
{ "type": "Feature", "properties": { "Height": 27.84, "Neighborhood": "Auraria", "Floors": 8 }, "geometry": { "type": "Polygon", "coordinates": [ [ [ -105.005008708999981, 39.744945655000038 ], [ -105.005130368999971, 39.744890713000075 ], [ -105.005314414999987, 39.744807609000077 ], [ -105.005830495999987, 39.744574563000072 ], [ -105.005850541999962, 39.744600013000024 ], [ -105.005904614999963, 39.744576625000036 ], [ -105.005947101999936, 39.744630844000028 ], [ -105.006038072999957, 39.74459106200004 ], [ -105.006085852999945, 39.74465705700004 ], [ -105.005997151999964, 39.744698304000053 ], [ -105.006191182999942, 39.744963953000024 ], [ -105.006145584999956, 39.744984587000033 ], [ -105.006234098, 39.745103755000059 ], [ -105.006285059999982, 39.745081506000076 ], [ -105.006405758999961, 39.745250718000079 ], [ -105.006359704999966, 39.745271636000041 ], [ -105.006378936999965, 39.745296520000068 ], [ -105.00642959399994, 39.745275760000027 ], [ -105.006478178999942, 39.74534189600007 ], [ -105.006526458999986, 39.745321100000069 ], [ -105.00658814999997, 39.745409510000059 ], [ -105.006545233999987, 39.745429002000037 ], [ -105.006596195999975, 39.745502159000068 ], [ -105.005721795999989, 39.745895313000062 ], [ -105.005008708999981, 39.744945655000038 ] ], [ [ -105.005945313999973, 39.745380940000075 ], [ -105.005830697999954, 39.745431418000067 ], [ -105.00592003099996, 39.745558300000027 ], [ -105.006033954999964, 39.745506742000032 ], [ -105.005945313999973, 39.745380940000075 ] ] ] } },
{ "type": "Feature", "properties": { "Height": 28.57, "Neighborhood": "Auraria", "Floors": 8 }, "geometry": { "type": "Polygon", "coordinates": [ [ [ -105.007082647999937, 39.745650211000054 ], [ -105.007003685999962, 39.745542970000031 ], [ -105.007218074999969, 39.745450166000069 ], [ -105.007386122999947, 39.745602778000034 ], [ -105.007345504999989, 39.745632748000048 ], [ -105.007377690999988, 39.745660523000026 ], [ -105.007737106999969, 39.745500217000028 ], [ -105.007874428999969, 39.745404794000081 ], [ -105.007919496999989, 39.745443557000044 ], [ -105.008148995999989, 39.745344987000067 ], [ -105.008222586999977, 39.745443025000043 ], [ -105.008311099999958, 39.745383788000026 ], [ -105.008447892, 39.745503399000029 ], [ -105.007801479999955, 39.745954521000044 ], [ -105.007834618999937, 39.745984307000072 ], [ -105.007767005999938, 39.74602967800007 ], [ -105.007734424999967, 39.746001327000045 ], [ -105.007578856999942, 39.74610842800007 ], [ -105.007546390999948, 39.74606473700004 ], [ -105.007427433999965, 39.746116295000036 ], [ -105.007163319999961, 39.745758880000039 ], [ -105.007059623999965, 39.74566671000008 ], [ -105.007082647999937, 39.745650211000054 ] ] ] } },
{ "type": "Feature", "properties": { "Height": 20.42, "Neighborhood": "Auraria", "Floors": 6 }, "geometry": { "type": "Polygon", "coordinates": [ [ [ -105.006187054999941, 39.746557224000071 ], [ -105.005954558999974, 39.746240201000035 ], [ -105.005900920999977, 39.746262887000057 ], [ -105.005824955999969, 39.746153020000065 ], [ -105.006699887999957, 39.745759682000028 ], [ -105.006688627999949, 39.745740129000069 ], [ -105.006728860999942, 39.745723087000044 ], [ -105.006761046999941, 39.745767219000072 ], [ -105.006818566999982, 39.745743183000059 ], [ -105.007109734999972, 39.746146660000079 ], [ -105.007061454999985, 39.746167786000058 ], [ -105.007090958999981, 39.746210226000073 ], [ -105.006933585999946, 39.746279385000037 ], [ -105.006998732999989, 39.746374251000077 ], [ -105.006320298, 39.746669160000067 ], [ -105.006227288, 39.746539747000043 ], [ -105.006187054999941, 39.746557224000071 ] ] ] } },
{ "type": "Feature", "properties": { "Height": 74.72, "Neighborhood": "CBD", "Floors": 21 }, "geometry": { "type": "Polygon", "coordinates": [ [ [ -104.987806473999967, 39.744704280000065 ], [ -104.987852850999957, 39.744739190000075 ], [ -104.987895765999951, 39.744701869000039 ], [ -104.988076328999966, 39.744842744000039 ], [ -104.988031689999957, 39.744877804000055 ], [ -104.988087213999961, 39.744921113000032 ], [ -104.987781028999962, 39.74515828300008 ], [ -104.987602746999983, 39.74502629300008 ], [ -104.98760608799995, 39.744857338000031 ], [ -104.987806473999967, 39.744704280000065 ] ] ] } },
{ "type": "Feature", "properties": { "Height": 41.84, "Neighborhood": "CBD", "Floors": 12 }, "geometry": { "type": "Polygon", "coordinates": [ [ [ -104.988541663999968, 39.744782642000075 ], [ -104.988589672999979, 39.744746001000067 ], [ -104.988589943999955, 39.744745795000028 ], [ -104.988597065999954, 39.744751717000042 ], [ -104.988770274, 39.744885638000028 ], [ -104.988769980999962, 39.744885866000061 ], [ -104.988725299999942, 39.744920703000048 ], [ -104.988786123999944, 39.744970200000068 ], [ -104.988383413999941, 39.745280508000064 ], [ -104.988083005999954, 39.74503487700008 ], [ -104.988477290999981, 39.744734281000035 ], [ -104.988541663999968, 39.744782642000075 ] ] ] } },
{ "type": "Feature", "properties": { "Height": 158.14, "Neighborhood": "CBD", "Floors": 45 }, "geometry": { "type": "Polygon", "coordinates": [ [ [ -104.989543095999977, 39.745185406000076 ], [ -104.989464228999964, 39.745245872000055 ], [ -104.98946263, 39.74524709800005 ], [ -104.989461893999987, 39.745246506000058 ], [ -104.989142095999966, 39.745491174000051 ], [ -104.989089802999956, 39.74544948700003 ], [ -104.98910142699998, 39.745439124000029 ], [ -104.988855680999961, 39.745249389000037 ], [ -104.989255660999959, 39.744950350000067 ], [ -104.989543095999977, 39.745185406000076 ] ] ] } },
{ "type": "Feature", "properties": { "Height": 25.57, "Neighborhood": "CBD", "Floors": 7 }, "geometry": { "type": "Polygon", "coordinates": [ [ [ -104.988765973999989, 39.745315368000036 ], [ -104.989053672999944, 39.745540163000044 ], [ -104.988535805999959, 39.745940437000058 ], [ -104.988434318999964, 39.745861884000078 ], [ -104.988245115999973, 39.745715437000058 ], [ -104.988765973999989, 39.745315368000036 ] ] ] } },
{ "type": "Feature", "properties": { "Height": 59.17, "Neighborhood": "CBD", "Floors": 17 }, "geometry": { "type": "Polygon", "coordinates": [ [ [ -104.987597489999985, 39.74589160000005 ], [ -104.98759294499996, 39.745551566000074 ], [ -104.987611720999951, 39.745543740000073 ], [ -104.987826297999959, 39.745720784000071 ], [ -104.987597489999985, 39.74589160000005 ] ] ] } },
{ "type": "Feature", "properties": { "Height": 89.36, "Neighborhood": "CBD", "Floors": 26 }, "geometry": { "type": "Polygon", "coordinates": [ [ [ -104.989057128999946, 39.745537482000032 ], [ -104.989370484999938, 39.745776728000067 ], [ -104.989371548999941, 39.745775902000048 ], [ -104.989373012999977, 39.745777120000071 ], [ -104.989425193999978, 39.745820522000031 ], [ -104.988898061999976, 39.746220830000027 ], [ -104.98853692199998, 39.745941301000073 ], [ -104.989053672999944, 39.745540163000044 ], [ -104.989057128999946, 39.745537482000032 ] ] ] } },
{ "type": "Feature", "properties": { "Height": 47.53, "Neighborhood": "CBD", "Floors": 14 }, "geometry": { "type": "Polygon", "coordinates": [ [ [ -104.99603769099997, 39.745545465000077 ], [ -104.995719579999957, 39.745788323000056 ], [ -104.995731428999989, 39.74579946800003 ], [ -104.995657964999964, 39.745855151000058 ], [ -104.995329474999949, 39.745599423000044 ], [ -104.99572231999997, 39.745302079000055 ], [ -104.99603769099997, 39.745545465000077 ] ] ] } },
{ "type": "Feature", "properties": { "Height": 43.54, "Neighborhood": "CBD", "Floors": 12 }, "geometry": { "type": "Polygon", "coordinates": [ [ [ -104.993897239999967, 39.745372287000066 ], [ -104.994212367999978, 39.745623891000037 ], [ -104.993966001, 39.745813213000076 ], [ -104.99364193599996, 39.745568715000047 ], [ -104.993641706999938, 39.745568542000058 ], [ -104.993897239999967, 39.745372287000066 ] ] ] } },
{ "type": "Feature", "properties": { "Height": 22.74, "Neighborhood": "CBD", "Floors": 6 }, "geometry": { "type": "Polygon", "coordinates": [ [ [ -104.993641706999938, 39.745568542000058 ], [ -104.99364193599996, 39.745568715000047 ], [ -104.993966001, 39.745813213000076 ], [ -104.993840647999946, 39.745909540000071 ], [ -104.993517503999954, 39.74566393200007 ], [ -104.993641514999979, 39.745568689000038 ], [ -104.993641706999938, 39.745568542000058 ] ] ] } },
{ "type": "Feature", "properties": { "Height": 23.05, "Neighborhood": "CBD", "Floors": 7 }, "geometry": { "type": "Polygon", "coordinates": [ [ [ -104.994452675, 39.745972728000027 ], [ -104.994204470999989, 39.746163640000077 ], [ -104.994202026999972, 39.746165762000032 ], [ -104.994200547, 39.746167047000029 ], [ -104.994213957999989, 39.74617823400007 ], [ -104.994202940999969, 39.746186732000069 ], [ -104.99418753499998, 39.746175152000035 ], [ -104.993869486999984, 39.745936075000031 ], [ -104.994626868999944, 39.745357081000066 ], [ -104.994943746, 39.745594249000078 ], [ -104.994452675, 39.745972728000027 ] ] ] } },
{ "type": "Feature", "properties": { "Height": 41.43, "Neighborhood": "CBD", "Floors": 12 }, "geometry": { "type": "Polygon", "coordinates": [ [ [ -104.999512361999962, 39.74592552200005 ], [ -104.99952845599995, 39.745930756000064 ], [ -104.999577139999985, 39.745907207000073 ], [ -104.999553938999952, 39.745864156000039 ], [ -104.999517186, 39.745837919000053 ], [ -104.999388038999939, 39.745938142000057 ], [ -104.999339217999989, 39.745898958000055 ], [ -104.999397974999965, 39.745847400000059 ], [ -104.999305831999948, 39.74577535800006 ], [ -104.999450670999977, 39.745665568000049 ], [ -104.999458157, 39.745667978000029 ], [ -104.999622333, 39.745545812000046 ], [ -104.999638426, 39.745552753000027 ], [ -104.999651836999988, 39.745541906000028 ], [ -104.999678658999983, 39.745558816000027 ], [ -104.99969903799996, 39.745546300000058 ], [ -104.999716209999974, 39.745559458000059 ], [ -104.999936150999986, 39.745728015000054 ], [ -104.999957769, 39.745748408000054 ], [ -104.999939790999974, 39.74576490700008 ], [ -104.999949561999983, 39.74577894500004 ], [ -104.999936150999986, 39.745789027000058 ], [ -104.999917375999985, 39.745790852000027 ], [ -104.999873501999957, 39.745826777000048 ], [ -104.999877143, 39.745838862000028 ], [ -104.999826180999946, 39.745873079000035 ], [ -104.999812769999949, 39.745867456000042 ], [ -104.99975369799995, 39.745917519000045 ], [ -104.99976180799996, 39.745928921000029 ], [ -104.999721574999967, 39.74595479900006 ], [ -104.999708163999969, 39.745948369000075 ], [ -104.999614258999941, 39.746024759000079 ], [ -104.99962299799995, 39.746037133000073 ], [ -104.999557959999947, 39.746082795000063 ], [ -104.99954454899995, 39.74607585800004 ], [ -104.999531489, 39.746082504000071 ], [ -104.999485539999966, 39.745943140000065 ], [ -104.999496268999962, 39.745926829000041 ], [ -104.999512361999962, 39.74592552200005 ] ] ] } },
{ "type": "Feature", "properties": { "Height": 57.55, "Neighborhood": "CBD", "Floors": 16 }, "geometry": { "type": "Polygon", "coordinates": [ [ [ -104.996391900999981, 39.74581650600004 ], [ -104.996017304999953, 39.746109130000036 ], [ -104.995705413999985, 39.745871282000053 ], [ -104.996082619, 39.745578325000054 ], [ -104.996391900999981, 39.74581650600004 ] ] ] } },
{ "type": "Feature", "properties": { "Height": 47.35, "Neighborhood": "CBD", "Floors": 14 }, "geometry": { "type": "Polygon", "coordinates": [ [ [ -104.999054463, 39.746303142000045 ], [ -104.999104667999973, 39.746265076000043 ], [ -104.999201984999956, 39.746343705000072 ], [ -104.999130394999952, 39.746399126000028 ], [ -104.999138199999948, 39.746407375000047 ], [ -104.998971751999989, 39.746533176000071 ], [ -104.998644084999967, 39.746279965000042 ], [ -104.998714890999963, 39.74622589300003 ], [ -104.998687, 39.746205097000029 ], [ -104.99861458099997, 39.746259589000033 ], [ -104.998282764999942, 39.746003163000069 ], [ -104.99845096599995, 39.745874724000032 ], [ -104.998460599999987, 39.74588148600003 ], [ -104.998580931999982, 39.745788682000068 ], [ -104.998574347999977, 39.745780962000026 ], [ -104.999266357999943, 39.745252075000053 ], [ -104.999581139999975, 39.745491707000042 ], [ -104.999470204999966, 39.745578222000063 ], [ -104.999046556999986, 39.745908888000031 ], [ -104.999031096999943, 39.745920670000032 ], [ -104.998819339999955, 39.746085734000076 ], [ -104.99879574299996, 39.746104216000049 ], [ -104.998775512999941, 39.746119993000036 ], [ -104.99878356, 39.746128072000033 ], [ -104.998767466999936, 39.746141304000048 ], [ -104.998796041999981, 39.746164106000037 ], [ -104.998807699999986, 39.746155234000071 ], [ -104.998987407999948, 39.746294741000042 ], [ -104.999016056999949, 39.74627332600005 ], [ -104.999054463, 39.746303142000045 ] ] ] } },
{ "type": "Feature", "properties": { "Height": 101.33, "Neighborhood": "CBD", "Floors": 29 }, "geometry": { "type": "Polygon", "coordinates": [ [ [ -104.996844142999976, 39.745748703000061 ], [ -104.996952453999938, 39.745666210000024 ], [ -104.99697871099994, 39.745687467000039 ], [ -104.997231880999948, 39.745495037000069 ], [ -104.997372995999967, 39.745609132000027 ], [ -104.997394453999959, 39.745595851000076 ], [ -104.997476254999981, 39.74566414700007 ], [ -104.997461508999947, 39.745675496000047 ], [ -104.997834335999983, 39.745960621000052 ], [ -104.99786383999998, 39.745968792000042 ], [ -104.997904072999972, 39.74600343000003 ], [ -104.997390782999958, 39.74639466900004 ], [ -104.996724429999972, 39.745879813000045 ], [ -104.996869173, 39.745769326000072 ], [ -104.996844142999976, 39.745748703000061 ] ] ] } },
{ "type": "Feature", "properties": { "Height": 61.51, "Neighborhood": "CBD", "Floors": 18 }, "geometry": { "type": "Polygon", "coordinates": [ [ [ -104.99930388699994, 39.745776075000038 ], [ -104.999395856999968, 39.745848256000045 ], [ -104.999338019, 39.74589981400004 ], [ -104.999405073999981, 39.745952912000064 ], [ -104.999346064999941, 39.746004206000066 ], [ -104.999491207999938, 39.746120482000038 ], [ -104.999254869999959, 39.746301965000043 ], [ -104.999164681999957, 39.746231846000057 ], [ -104.998937050999984, 39.746054899000058 ], [ -104.99930388699994, 39.745776075000038 ] ] ] } },
{ "type": "Feature", "properties": { "Height": 22.79, "Neighborhood": "CBD", "Floors": 7 }, "geometry": { "type": "Polygon", "coordinates": [ [ [ -104.993840647999946, 39.745909540000071 ], [ -104.993584374999955, 39.746106474000044 ], [ -104.993261971999971, 39.745860186000073 ], [ -104.993517503999954, 39.74566393200007 ], [ -104.993840647999946, 39.745909540000071 ] ] ] } },
{ "type": "Feature", "properties": { "Height": 23.92, "Neighborhood": "CBD", "Floors": 7 }, "geometry": { "type": "Polygon", "coordinates": [ [ [ -104.991751936999947, 39.746162702000049 ], [ -104.991441111999961, 39.745931173000031 ], [ -104.991568949999987, 39.745832499000073 ], [ -104.991880536999986, 39.746062160000065 ], [ -104.991751936999947, 39.746162702000049 ] ] ] } },
{ "type": "Feature", "properties": { "Height": 115.1, "Neighborhood": "CBD", "Floors": 33 }, "geometry": { "type": "Polygon", "coordinates": [ [ [ -104.990389962999984, 39.745956180000064 ], [ -104.990438357999949, 39.745996077000029 ], [ -104.990068097999938, 39.746282459000042 ], [ -104.990110878999985, 39.746314582000025 ], [ -104.989726852, 39.746612650000031 ], [ -104.98958516099998, 39.746497912000052 ], [ -104.989419002999966, 39.746624353000072 ], [ -104.989117132, 39.746381729000063 ], [ -104.990121669999951, 39.745608361000052 ], [ -104.99047391199997, 39.745890899000074 ], [ -104.990389962999984, 39.745956180000064 ] ] ] } },
{ "type": "Feature", "properties": { "Height": 110.59, "Neighborhood": "CBD", "Floors": 32 }, "geometry": { "type": "Polygon", "coordinates": [ [ [ -104.991199820999952, 39.74611741800004 ], [ -104.991438308999989, 39.745933508000064 ], [ -104.991746450999983, 39.746164487000044 ], [ -104.991501878999941, 39.746352652000041 ], [ -104.991199820999952, 39.74611741800004 ] ] ] } },
{ "type": "Feature", "properties": { "Height": 45.92, "Neighborhood": "CBD", "Floors": 13 }, "geometry": { "type": "Polygon", "coordinates": [ [ [ -104.992141001, 39.746384139000043 ], [ -104.992132553999966, 39.746423323000045 ], [ -104.99208161599995, 39.746462506000057 ], [ -104.992030515999943, 39.746469415000035 ], [ -104.991962101999945, 39.746417136000048 ], [ -104.991904451999972, 39.746466226000052 ], [ -104.991997946999959, 39.746539858000062 ], [ -104.991858853999986, 39.746648804000074 ], [ -104.991539670999941, 39.746392449000041 ], [ -104.991671099999962, 39.746291933000066 ], [ -104.991767102999972, 39.746369703000028 ], [ -104.991832032, 39.746316083000067 ], [ -104.991813453999953, 39.746301456000026 ], [ -104.991758662999985, 39.746258338000075 ], [ -104.991764941999975, 39.746231528000067 ], [ -104.991778387999943, 39.74621337800005 ], [ -104.99180789199994, 39.74618795300006 ], [ -104.991850807999981, 39.746171296000057 ], [ -104.991872264999984, 39.746171332000074 ], [ -104.991947366999966, 39.746227622000049 ], [ -104.992015327999979, 39.746173784000064 ], [ -104.991923117999988, 39.746099541000035 ], [ -104.992043933, 39.746004193000033 ], [ -104.992368786999975, 39.746243268000057 ], [ -104.992369017999977, 39.746243439000068 ], [ -104.992231680999964, 39.746352377000051 ], [ -104.992135121999979, 39.746284965000029 ], [ -104.992076112999939, 39.746331845000043 ], [ -104.992141001, 39.746384139000043 ] ] ] } },
{ "type": "Feature", "properties": { "Height": 30.1, "Neighborhood": "CBD", "Floors": 9 }, "geometry": { "type": "Polygon", "coordinates": [ [ [ -104.992373125999961, 39.746547087000067 ], [ -104.992532788999938, 39.74642598500003 ], [ -104.992692450999982, 39.74630488300005 ], [ -104.993000830999961, 39.746545968000078 ], [ -104.99284641099996, 39.746665868000036 ], [ -104.992691989999969, 39.746785768000052 ], [ -104.992564569999956, 39.746690390000026 ], [ -104.992541974999938, 39.746708228000045 ], [ -104.992475020999962, 39.746658312000079 ], [ -104.992498056999978, 39.74664060200007 ], [ -104.992373125999961, 39.746547087000067 ] ] ] } },
{ "type": "Feature", "properties": { "Height": 24.23, "Neighborhood": "CBD", "Floors": 7 }, "geometry": { "type": "Polygon", "coordinates": [ [ [ -104.993706798999938, 39.746507247000068 ], [ -104.993709715999955, 39.746543775000077 ], [ -104.993356503999962, 39.746818801000074 ], [ -104.993044704999988, 39.746583287000078 ], [ -104.9934295, 39.746286581000049 ], [ -104.993706798999938, 39.746507247000068 ] ] ] } },
{ "type": "Feature", "properties": { "Height": 39.06, "Neighborhood": "CBD", "Floors": 11 }, "geometry": { "type": "Polygon", "coordinates": [ [ [ -104.99418753499998, 39.746175152000035 ], [ -104.994202940999969, 39.746186732000069 ], [ -104.993940372999987, 39.746389251000039 ], [ -104.993608584999947, 39.746135526000046 ], [ -104.993869486999984, 39.745936075000031 ], [ -104.99418753499998, 39.746175152000035 ] ] ] } },
{ "type": "Feature", "properties": { "Height": 125.31, "Neighborhood": "CBD", "Floors": 36 }, "geometry": { "type": "Polygon", "coordinates": [ [ [ -104.996561448999955, 39.746361209000042 ], [ -104.996447634, 39.746446014000071 ], [ -104.996219645999986, 39.746265132000076 ], [ -104.996724429999972, 39.745879813000045 ], [ -104.997390782999958, 39.74639466900004 ], [ -104.997277751999945, 39.74648082300007 ], [ -104.997255693999989, 39.746464324000044 ], [ -104.996863375999965, 39.74676596300003 ], [ -104.996619970999973, 39.746571062000044 ], [ -104.996723900999939, 39.746490264000045 ], [ -104.996561448999955, 39.746361209000042 ] ] ] } },
{ "type": "Feature", "properties": { "Height": 23.0, "Neighborhood": "CBD", "Floors": 7 }, "geometry": { "type": "Polygon", "coordinates": [ [ [ -104.994582371999968, 39.746189437000055 ], [ -104.994899496999949, 39.746429289000048 ], [ -104.994835884999986, 39.746478336000052 ], [ -104.994772271999977, 39.746527383000057 ], [ -104.994452996999939, 39.746287970000026 ], [ -104.994517683999959, 39.746238703000074 ], [ -104.994582371999968, 39.746189437000055 ] ] ] } },
{ "type": "Feature", "properties": { "Height": 52.4, "Neighborhood": "CBD", "Floors": 15 }, "geometry": { "type": "Polygon", "coordinates": [ [ [ -104.994772271999977, 39.746527383000057 ], [ -104.994447752999974, 39.746777598000051 ], [ -104.994138926999938, 39.746527171000025 ], [ -104.994452996999939, 39.746287970000026 ], [ -104.994772271999977, 39.746527383000057 ] ] ] } },
{ "type": "Feature", "properties": { "Height": 171.9, "Neighborhood": "CBD", "Floors": 49 }, "geometry": { "type": "Polygon", "coordinates": [ [ [ -104.997466439, 39.746649730000058 ], [ -104.998104804999969, 39.746164463000071 ], [ -104.99857687399998, 39.74653096000003 ], [ -104.998524200999952, 39.746570867000059 ], [ -104.998455424999975, 39.746515462000048 ], [ -104.997868770999958, 39.74696504800005 ], [ -104.997466439, 39.746649730000058 ] ] ] } },
{ "type": "Feature", "properties": { "Height": 31.98, "Neighborhood": "Auraria", "Floors": 9 }, "geometry": { "type": "Polygon", "coordinates": [ [ [ -105.002296270999977, 39.746971334000079 ], [ -105.002256037999985, 39.746988126000076 ], [ -105.001925767999978, 39.746658159000049 ], [ -105.001826884999957, 39.746524374000046 ], [ -105.001857238999946, 39.746509674000038 ], [ -105.00183224899996, 39.74648051500003 ], [ -105.001797379999971, 39.746496034000074 ], [ -105.001751782999975, 39.746429547000048 ], [ -105.002604477999967, 39.746027094000056 ], [ -105.00265836899996, 39.746099407000031 ], [ -105.002679826999952, 39.746089834000031 ], [ -105.002703966999945, 39.746126085000071 ], [ -105.002687873999946, 39.746133864000058 ], [ -105.002795161999984, 39.746275298000057 ], [ -105.002417452999964, 39.74644846800004 ], [ -105.002409894999971, 39.746451919000037 ], [ -105.002732169999945, 39.746874028000036 ], [ -105.002635305999945, 39.74691800800008 ], [ -105.00262350099996, 39.746903401000054 ], [ -105.002598406999937, 39.746915946000058 ], [ -105.002615083999956, 39.746938631000035 ], [ -105.002501619999975, 39.746992250000062 ], [ -105.002551080999979, 39.747060109000074 ], [ -105.002411605999953, 39.747123123000051 ], [ -105.002352597999959, 39.747060865000037 ], [ -105.002375344999962, 39.747049994000065 ], [ -105.002296270999977, 39.746971334000079 ] ] ] } },
{ "type": "Feature", "properties": { "Height": 24.91, "Neighborhood": "Auraria", "Floors": 7 }, "geometry": { "type": "Polygon", "coordinates": [ [ [ -105.00378754999997, 39.747174182000037 ], [ -105.003766091999978, 39.747171192000053 ], [ -105.003733961999956, 39.747185773000069 ], [ -105.003700293999941, 39.74714040300006 ], [ -105.003669635999984, 39.747148652000078 ], [ -105.003626419999989, 39.747088846000054 ], [ -105.004226935999952, 39.746820749000051 ], [ -105.004516205999948, 39.747196085000041 ], [ -105.004321915999981, 39.747278576000042 ], [ -105.004193424999983, 39.747103282000069 ], [ -105.003976621, 39.747206396000024 ], [ -105.003910508, 39.747402312000077 ], [ -105.004299851999974, 39.747485708000056 ], [ -105.004527839, 39.747385107000071 ], [ -105.004517109999938, 39.747370414000045 ], [ -105.004618433999951, 39.747328070000037 ], [ -105.004726322999943, 39.747479295000062 ], [ -105.004310579999981, 39.74766677100007 ], [ -105.003668250999965, 39.747532611000054 ], [ -105.00378754999997, 39.747174182000037 ] ] ] } },
{ "type": "Feature", "properties": { "Height": 135.85, "Neighborhood": "CBD", "Floors": 39 }, "geometry": { "type": "Polygon", "coordinates": [ [ [ -104.990185681999947, 39.746257990000061 ], [ -104.990384598999981, 39.746418049000056 ], [ -104.989776141999982, 39.746886991000054 ], [ -104.989579935999984, 39.746729232000064 ], [ -104.989727456999958, 39.746613141000068 ], [ -104.989726852, 39.746612650000031 ], [ -104.990110878999985, 39.746314582000025 ], [ -104.990111012999989, 39.746314683000037 ], [ -104.990185681999947, 39.746257990000061 ] ] ] } },
{ "type": "Feature", "properties": { "Height": 50.52, "Neighborhood": "CBD", "Floors": 14 }, "geometry": { "type": "Polygon", "coordinates": [ [ [ -104.992498056999978, 39.74664060200007 ], [ -104.992475020999962, 39.746658312000079 ], [ -104.99231660099997, 39.74678010000008 ], [ -104.992383163999989, 39.746833606000052 ], [ -104.992541974999938, 39.746708228000045 ], [ -104.992564569999956, 39.746690390000026 ], [ -104.992691989999969, 39.746785768000052 ], [ -104.992420549999963, 39.746996527000078 ], [ -104.992432114999986, 39.747008901000072 ], [ -104.992371489999982, 39.74705220900006 ], [ -104.992045241999961, 39.746795782000049 ], [ -104.992373125999961, 39.746547087000067 ], [ -104.992498056999978, 39.74664060200007 ] ] ] } },
{ "type": "Feature", "properties": { "Height": 127.19, "Neighborhood": "CBD", "Floors": 36 }, "geometry": { "type": "Polygon", "coordinates": [ [ [ -104.991369148999979, 39.746569819000058 ], [ -104.991653938999946, 39.746799200000055 ], [ -104.99111702099998, 39.747209595000072 ], [ -104.991021314999955, 39.747133291000068 ], [ -104.990831126999979, 39.746981661000063 ], [ -104.991369148999979, 39.746569819000058 ] ] ] } },
{ "type": "Feature", "properties": { "Height": 37.33, "Neighborhood": "CBD", "Floors": 11 }, "geometry": { "type": "Polygon", "coordinates": [ [ [ -104.992858413999954, 39.746726932000058 ], [ -104.993171713999971, 39.746962686000074 ], [ -104.99308072599996, 39.747033533000035 ], [ -104.992989738999938, 39.747104379000064 ], [ -104.992985282999939, 39.747107849000031 ], [ -104.992983461999984, 39.747106452000025 ], [ -104.992674055999942, 39.746869085000071 ], [ -104.992766234999976, 39.746798008000042 ], [ -104.992858413999954, 39.746726932000058 ] ] ] } },
{ "type": "Feature", "properties": { "Height": 44.95, "Neighborhood": "CBD", "Floors": 13 }, "geometry": { "type": "Polygon", "coordinates": [ [ [ -104.992983461999984, 39.747106452000025 ], [ -104.992985282999939, 39.747107849000031 ], [ -104.992728983999939, 39.747307414000034 ], [ -104.992420119999963, 39.747064890000047 ], [ -104.992674055999942, 39.746869085000071 ], [ -104.992983461999984, 39.747106452000025 ] ] ] } },
{ "type": "Feature", "properties": { "Height": 163.94, "Neighborhood": "CBD", "Floors": 47 }, "geometry": { "type": "Polygon", "coordinates": [ [ [ -104.990259445, 39.746847427000034 ], [ -104.990307848999976, 39.746859546000053 ], [ -104.990392565999969, 39.746923732000027 ], [ -104.990541200999985, 39.746811880000052 ], [ -104.990660752999986, 39.746905171000037 ], [ -104.990651867999986, 39.746973227000069 ], [ -104.990626862999989, 39.746995912000045 ], [ -104.990747730999942, 39.747092748000057 ], [ -104.990806739999982, 39.74707942200007 ], [ -104.99090377899995, 39.747158832000025 ], [ -104.99079962899998, 39.747239261000061 ], [ -104.990814785999987, 39.747278209000058 ], [ -104.990893503999985, 39.747342375000073 ], [ -104.990648488999966, 39.747530518000076 ], [ -104.990564002999974, 39.74746404900003 ], [ -104.990527789999987, 39.747475396000027 ], [ -104.99000515299997, 39.74707225800006 ], [ -104.99002336999996, 39.747037157000079 ], [ -104.990259445, 39.746847427000034 ] ] ] } },
{ "type": "Feature", "properties": { "Height": 44.24, "Neighborhood": "CBD", "Floors": 13 }, "geometry": { "type": "Polygon", "coordinates": [ [ [ -104.992183642999976, 39.747190805000059 ], [ -104.991865159999975, 39.747433345000047 ], [ -104.991550748999941, 39.747195389000069 ], [ -104.991866807999941, 39.74694628900005 ], [ -104.992183642999976, 39.747190805000059 ] ] ] } },
{ "type": "Feature", "properties": { "Height": 39.34, "Neighborhood": "CBD", "Floors": 11 }, "geometry": { "type": "Polygon", "coordinates": [ [ [ -104.992930614999977, 39.747462871000039 ], [ -104.993378739999969, 39.747117950000074 ], [ -104.993407194999975, 39.747139849000064 ], [ -104.993433982999989, 39.747121288000073 ], [ -104.993491392999942, 39.747170783000058 ], [ -104.993459205999955, 39.747195913000041 ], [ -104.993684511999959, 39.747368261000076 ], [ -104.993247311999937, 39.747707571000035 ], [ -104.992930614999977, 39.747462871000039 ] ], [ [ -104.993421928999965, 39.747387322000066 ], [ -104.993341188999977, 39.747325015000058 ], [ -104.993163339999967, 39.747462420000033 ], [ -104.99324439999998, 39.747525494000058 ], [ -104.993421928999965, 39.747387322000066 ] ] ] } },
{ "type": "Feature", "properties": { "Height": 20.95, "Neighborhood": "CBD", "Floors": 6 }, "geometry": { "type": "Polygon", "coordinates": [ [ [ -104.991550748999941, 39.747195389000069 ], [ -104.991865159999975, 39.747433345000047 ], [ -104.991704912999978, 39.747555381000041 ], [ -104.991544665, 39.747677417000034 ], [ -104.991238144999954, 39.747441766000065 ], [ -104.991394446999948, 39.747318578000034 ], [ -104.991550748999941, 39.747195389000069 ] ] ] } },
{ "type": "Feature", "properties": { "Height": 41.89, "Neighborhood": "Union Station", "Floors": 12 }, "geometry": { "type": "Polygon", "coordinates": [ [ [ -104.999644452999974, 39.746911293000039 ], [ -104.999601213999938, 39.746877616000063 ], [ -104.999520747999952, 39.746936076000054 ], [ -104.999180106999972, 39.746668482000075 ], [ -104.999585120999939, 39.746358598000029 ], [ -104.999642059999985, 39.746403625000028 ], [ -104.999827668999956, 39.746550392000074 ], [ -104.999748735999958, 39.746611973000029 ], [ -104.999847976999945, 39.746694671000057 ], [ -104.999778704999983, 39.746748128000036 ], [ -104.999864071, 39.746816662000072 ], [ -105.000025002999962, 39.746694287000025 ], [ -105.000084452999943, 39.746742186000063 ], [ -105.000124244999938, 39.746964199000047 ], [ -104.999939171999984, 39.747105386000044 ], [ -104.999882846, 39.747060022000028 ], [ -104.99993957199996, 39.747014408000041 ], [ -104.999861320999969, 39.746951873000057 ], [ -104.999744932999988, 39.74704121700006 ], [ -104.999614625, 39.746936541000025 ], [ -104.999644452999974, 39.746911293000039 ] ], [ [ -104.999900812999954, 39.746919543000047 ], [ -104.999890892999986, 39.746859099000062 ], [ -104.999853920999954, 39.746829810000065 ], [ -104.999787018999939, 39.746882421000066 ], [ -104.999866753, 39.746945678000031 ], [ -104.999900812999954, 39.746919543000047 ] ] ] } },
{ "type": "Feature", "properties": { "Height": 33.14, "Neighborhood": "CBD", "Floors": 9 }, "geometry": { "type": "Polygon", "coordinates": [ [ [ -104.995074220999982, 39.74666473800005 ], [ -104.995193469999947, 39.746573996000052 ], [ -104.995287736999956, 39.74663586500003 ], [ -104.995160914999985, 39.746730731000071 ], [ -104.995194096999967, 39.746757541000079 ], [ -104.994815609999989, 39.74704261100004 ], [ -104.994502937, 39.746802911000032 ], [ -104.994877300999974, 39.746514503000071 ], [ -104.995074220999982, 39.74666473800005 ] ] ] } },
{ "type": "Feature", "properties": { "Height": 34.12, "Neighborhood": "CBD", "Floors": 10 }, "geometry": { "type": "Polygon", "coordinates": [ [ [ -104.994612615999984, 39.747197288000052 ], [ -104.994343030999971, 39.747393285000044 ], [ -104.994297433999975, 39.747359689000064 ], [ -104.994257200999982, 39.74738708600006 ], [ -104.993651020999948, 39.746926497000061 ], [ -104.993949742999973, 39.746694090000062 ], [ -104.994612615999984, 39.747197288000052 ] ] ] } },
{ "type": "Feature", "properties": { "Height": 22.43, "Neighborhood": "CBD", "Floors": 6 }, "geometry": { "type": "Polygon", "coordinates": [ [ [ -104.995293348999951, 39.747337806000075 ], [ -104.995306759999949, 39.747326188000045 ], [ -104.995113640999989, 39.747175009000046 ], [ -104.995506672999966, 39.746871648000081 ], [ -104.995706408999979, 39.747025153000038 ], [ -104.995754142999942, 39.746991261000062 ], [ -104.995854104999978, 39.747069628000077 ], [ -104.995808522999937, 39.747104687000046 ], [ -104.996075106999967, 39.747310914000025 ], [ -104.99567964299996, 39.747614068000075 ], [ -104.995450179999978, 39.747436854000057 ], [ -104.995435505999978, 39.747447764000071 ], [ -104.995293348999951, 39.747337806000075 ] ] ] } },
{ "type": "Feature", "properties": { "Height": 20.55, "Neighborhood": "Union Station", "Floors": 6 }, "geometry": { "type": "Polygon", "coordinates": [ [ [ -104.999089268999967, 39.747497119000059 ], [ -104.999208783999961, 39.747402327000032 ], [ -104.999392023999974, 39.747541631000047 ], [ -104.999269078999987, 39.747636827000065 ], [ -104.999089268999967, 39.747497119000059 ] ] ] } },
{ "type": "Feature", "properties": { "Height": 20.58, "Neighborhood": "Union Station", "Floors": 6 }, "geometry": { "type": "Polygon", "coordinates": [ [ [ -104.999904467999954, 39.74774106600006 ], [ -105.000031344999968, 39.747643038000035 ], [ -105.000159253999982, 39.747743934000027 ], [ -105.000139883999964, 39.747760042000039 ], [ -105.00016169099996, 39.747778992000065 ], [ -105.000075769999967, 39.747842922000075 ], [ -105.000053832, 39.747825301000034 ], [ -105.00003295, 39.747840911000026 ], [ -104.999981806999983, 39.747801167000034 ], [ -104.999904467999954, 39.74774106600006 ] ] ] } },
{ "type": "Feature", "properties": { "Height": 32.27, "Neighborhood": "Union Station", "Floors": 9 }, "geometry": { "type": "Polygon", "coordinates": [ [ [ -104.998273960999938, 39.747850266000057 ], [ -104.997964165999974, 39.74760814800004 ], [ -104.998472365999987, 39.747217149000051 ], [ -104.998782239999969, 39.747459609000032 ], [ -104.998561349999989, 39.747629604000053 ], [ -104.998449947999973, 39.74754060600003 ], [ -104.998385877999965, 39.747590819000038 ], [ -104.998313270999972, 39.747648164000054 ], [ -104.998423592999984, 39.747736841000062 ], [ -104.998273960999938, 39.747850266000057 ] ] ] } },
{ "type": "Feature", "properties": { "Height": 111.72, "Neighborhood": "CBD", "Floors": 32 }, "geometry": { "type": "Polygon", "coordinates": [ [ [ -104.993926024999951, 39.747302833000049 ], [ -104.994172787999958, 39.747501710000051 ], [ -104.993661652999947, 39.747883713000078 ], [ -104.993581364999955, 39.747819783000068 ], [ -104.993423164999967, 39.747693817000027 ], [ -104.993926024999951, 39.747302833000049 ] ] ] } },
{ "type": "Feature", "properties": { "Height": 23.13, "Neighborhood": "Union Station", "Floors": 7 }, "geometry": { "type": "Polygon", "coordinates": [ [ [ -104.998807986999964, 39.747666457000037 ], [ -104.998739303999969, 39.747719250000046 ], [ -104.998626766999962, 39.747633139000072 ], [ -104.998696003999953, 39.747579648000055 ], [ -104.998807986999964, 39.747666457000037 ] ] ] } },
{ "type": "Feature", "properties": { "Height": 23.48, "Neighborhood": "Union Station", "Floors": 7 }, "geometry": { "type": "Polygon", "coordinates": [ [ [ -104.998900310999943, 39.747652353000035 ], [ -104.999075653999967, 39.74778652100008 ], [ -104.998952033999956, 39.74788202700006 ], [ -104.99877864399997, 39.747749352000028 ], [ -104.998883492999937, 39.747665762000054 ], [ -104.998900310999943, 39.747652353000035 ] ] ] } },
{ "type": "Feature", "properties": { "Height": 73.43, "Neighborhood": "CBD", "Floors": 21 }, "geometry": { "type": "Polygon", "coordinates": [ [ [ -104.996110500999976, 39.74803152100003 ], [ -104.997101655999984, 39.747257328000046 ], [ -104.997547963999978, 39.747601939000049 ], [ -104.996557167999981, 39.748375936000059 ], [ -104.996110500999976, 39.74803152100003 ] ] ] } },
{ "type": "Feature", "properties": { "Height": 23.28, "Neighborhood": "Union Station", "Floors": 7 }, "geometry": { "type": "Polygon", "coordinates": [ [ [ -104.998558071, 39.747852457000079 ], [ -104.998545896999985, 39.747861656000055 ], [ -104.998765987999946, 39.748026791000029 ], [ -104.998659767, 39.748109108000051 ], [ -104.998606122999945, 39.748108092000052 ], [ -104.998310475999972, 39.747879252000075 ], [ -104.998450420999973, 39.747770647000038 ], [ -104.998558071, 39.747852457000079 ] ] ] } },
{ "type": "Feature", "properties": { "Height": 106.52, "Neighborhood": "CBD", "Floors": 30 }, "geometry": { "type": "Polygon", "coordinates": [ [ [ -104.994471853, 39.748583971000073 ], [ -104.99446676499997, 39.748430465000069 ], [ -104.994436595999957, 39.748431365000044 ], [ -104.994434577999982, 39.748501518000069 ], [ -104.99441337899998, 39.748489108000058 ], [ -104.994388980999986, 39.748506616000043 ], [ -104.994342521999954, 39.748470548000057 ], [ -104.994313878999947, 39.748489612000071 ], [ -104.993859193, 39.748144713000045 ], [ -104.994176951999975, 39.747899305000033 ], [ -104.994206589999976, 39.747920552000039 ], [ -104.994721574999971, 39.747517261000041 ], [ -104.994875258999969, 39.747637397000062 ], [ -104.994893235999939, 39.747624794000046 ], [ -104.99534652899996, 39.747976888000039 ], [ -104.995325071999957, 39.747993380000025 ], [ -104.995171894999942, 39.747987877000071 ], [ -104.994954926999981, 39.748160342000062 ], [ -104.995027596999989, 39.748221016000059 ], [ -104.994512361999966, 39.748617144000036 ], [ -104.994471853, 39.748583971000073 ] ] ] } },
{ "type": "Feature", "properties": { "Height": 80.52, "Neighborhood": "CBD", "Floors": 23 }, "geometry": { "type": "Polygon", "coordinates": [ [ [ -104.995797504999985, 39.748107460000028 ], [ -104.995685933999937, 39.74819287400004 ], [ -104.995578429999966, 39.74810575500004 ], [ -104.99569, 39.748020340000039 ], [ -104.995797504999985, 39.748107460000028 ] ] ] } },
{ "type": "Feature", "properties": { "Height": 25.43, "Neighborhood": "Auraria", "Floors": 7 }, "geometry": { "type": "Polygon", "coordinates": [ [ [ -105.01230437199996, 39.748196312000061 ], [ -105.012227801999984, 39.748237952000068 ], [ -105.012082048999957, 39.748078245000045 ], [ -105.012158619, 39.748036605000038 ], [ -105.01230437199996, 39.748196312000061 ] ] ] } },
{ "type": "Feature", "properties": { "Height": 20.14, "Neighborhood": "Union Station", "Floors": 6 }, "geometry": { "type": "Polygon", "coordinates": [ [ [ -104.999629381999966, 39.748229756000057 ], [ -104.999961189999965, 39.747977137000078 ], [ -105.000258066999947, 39.748206046000064 ], [ -104.999880903999951, 39.748497871000041 ], [ -104.999597195999968, 39.748276241000042 ], [ -104.999638796999989, 39.748241105000034 ], [ -104.999629381999966, 39.748229756000057 ] ] ] } },
{ "type": "Feature", "properties": { "Height": 32.05, "Neighborhood": "Auraria", "Floors": 9 }, "geometry": { "type": "Polygon", "coordinates": [ [ [ -105.00515214099994, 39.748342248000029 ], [ -105.004732580999985, 39.748527850000073 ], [ -105.004501442999981, 39.748208585000043 ], [ -105.004912831999945, 39.748026724000056 ], [ -105.004933278999943, 39.748051918000044 ], [ -105.004971758999943, 39.748032911000053 ], [ -105.004954737, 39.748006845000077 ], [ -105.005066909, 39.747960732000024 ], [ -105.005271236999988, 39.748259350000069 ], [ -105.005175128999952, 39.748301003000051 ], [ -105.005137126999955, 39.74824738500007 ], [ -105.005098742999962, 39.748265945000071 ], [ -105.00515214099994, 39.748342248000029 ] ] ] } },
{ "type": "Feature", "properties": { "Height": 24.22, "Neighborhood": "CBD", "Floors": 7 }, "geometry": { "type": "Polygon", "coordinates": [ [ [ -104.988320207999948, 39.747563882000065 ], [ -104.989221468999972, 39.746863079000036 ], [ -104.989245608999965, 39.746879383000078 ], [ -104.989293888999953, 39.746842366000067 ], [ -104.989551459999973, 39.747038002000068 ], [ -104.989508164999961, 39.747073061000037 ], [ -104.989527240999962, 39.747088806000079 ], [ -104.988609925999981, 39.747794856000041 ], [ -104.98859115, 39.747782090000044 ], [ -104.988545552999938, 39.747816174000036 ], [ -104.988294360999987, 39.747610253000062 ], [ -104.988336339999989, 39.747577443000068 ], [ -104.988320207999948, 39.747563882000065 ] ] ] } },
{ "type": "Feature", "properties": { "Height": 169.81, "Neighborhood": "CBD", "Floors": 49 }, "geometry": { "type": "Polygon", "coordinates": [ [ [ -104.987994568999966, 39.747867982000059 ], [ -104.987999932999969, 39.747860011000057 ], [ -104.987989203999973, 39.747851401000048 ], [ -104.987896055999954, 39.747805766000056 ], [ -104.987747012999989, 39.747859385000027 ], [ -104.987726652999982, 39.74799755600003 ], [ -104.987726347999967, 39.748011718000043 ], [ -104.987710254999968, 39.748011653000049 ], [ -104.987724991, 39.748084171000073 ], [ -104.987723665999965, 39.748089331000074 ], [ -104.987588208999966, 39.748088295000059 ], [ -104.987588253999945, 39.747558295000033 ], [ -104.987659292999979, 39.747507669000072 ], [ -104.987755851999964, 39.747508011000036 ], [ -104.988217628999962, 39.747886194000046 ], [ -104.988126822999959, 39.747950124000056 ], [ -104.988074123999979, 39.747905614000047 ], [ -104.988077716999953, 39.747894928000051 ], [ -104.987994568999966, 39.747867982000059 ] ] ] } },
{ "type": "Feature", "properties": { "Height": 44.41, "Neighborhood": "CBD", "Floors": 13 }, "geometry": { "type": "Polygon", "coordinates": [ [ [ -104.98930312899995, 39.747615015000065 ], [ -104.98930029099995, 39.747736689000078 ], [ -104.98936458999998, 39.747786183000073 ], [ -104.98936525299996, 39.747785633000035 ], [ -104.989372013999969, 39.74779090800007 ], [ -104.989442745999952, 39.747846096000046 ], [ -104.989442976999953, 39.747846276000075 ], [ -104.989442742999984, 39.747846478000042 ], [ -104.98946555699996, 39.747864549000042 ], [ -104.98975358499996, 39.748086582000042 ], [ -104.989957815999958, 39.748091397000053 ], [ -104.989954749999981, 39.748113830000079 ], [ -104.989445130999968, 39.748500628000045 ], [ -104.988786402999949, 39.747986222000065 ], [ -104.989270786999953, 39.747612400000037 ], [ -104.98930312899995, 39.747615015000065 ] ] ] } },
{ "type": "Feature", "properties": { "Height": 30.71, "Neighborhood": "CBD", "Floors": 9 }, "geometry": { "type": "Polygon", "coordinates": [ [ [ -104.988299056999949, 39.74909255700004 ], [ -104.988304421999942, 39.749096682000072 ], [ -104.988307103999944, 39.749094620000051 ], [ -104.988814041999944, 39.748703512000077 ], [ -104.988731387999962, 39.748636805000046 ], [ -104.988623604999987, 39.748718345000043 ], [ -104.988505586999963, 39.748621856000057 ], [ -104.988607510999941, 39.748543062000067 ], [ -104.988516315999959, 39.748470719000068 ], [ -104.988451942999973, 39.748519517000034 ], [ -104.988468036999961, 39.74853493300003 ], [ -104.988444563999963, 39.748552253000071 ], [ -104.98842620399995, 39.748539880000067 ], [ -104.988335394999979, 39.748609996000027 ], [ -104.988355383999988, 39.748627773000067 ], [ -104.988313157999983, 39.74865949000008 ], [ -104.988291010999944, 39.748644404000061 ], [ -104.988003774, 39.748867775000065 ], [ -104.98811070499994, 39.748954388000072 ], [ -104.987977843999943, 39.749053375000074 ], [ -104.987878085999967, 39.748972949000063 ], [ -104.987859174999983, 39.748987115000034 ], [ -104.987718300999973, 39.748871899000051 ], [ -104.988510842999972, 39.748261477000028 ], [ -104.98908868999996, 39.748715170000025 ], [ -104.988304720999963, 39.749319401000037 ], [ -104.988157893999983, 39.749203917000045 ], [ -104.988167628999975, 39.749194811000052 ], [ -104.988063022999938, 39.749112096000033 ], [ -104.98819445099997, 39.749012065000045 ], [ -104.988299056999949, 39.74909255700004 ] ] ] } },
{ "type": "Feature", "properties": { "Height": 84.18, "Neighborhood": "CBD", "Floors": 24 }, "geometry": { "type": "Polygon", "coordinates": [ [ [ -104.989317576999952, 39.749910988000067 ], [ -104.989111046999938, 39.750065328000062 ], [ -104.98872606499998, 39.749797878000038 ], [ -104.988485559999958, 39.749579698000048 ], [ -104.988689852, 39.749427094000055 ], [ -104.988967246999948, 39.749604444000056 ], [ -104.989077388999988, 39.749519894000059 ], [ -104.989124458, 39.749556083000073 ], [ -104.989405684999952, 39.749336357000061 ], [ -104.989308763999986, 39.749260055000036 ], [ -104.989375264999978, 39.74921056200003 ], [ -104.989471212999945, 39.749286864000055 ], [ -104.989758993999942, 39.749060019000069 ], [ -104.990106866999952, 39.749336357000061 ], [ -104.989463917999956, 39.749825100000066 ], [ -104.989425909999966, 39.749796229000026 ], [ -104.989298801999951, 39.74989387800008 ], [ -104.989317576999952, 39.749910988000067 ] ] ] } },
{ "type": "Feature", "properties": { "Height": 24.9, "Neighborhood": "Union Station", "Floors": 7 }, "geometry": { "type": "Polygon", "coordinates": [ [ [ -104.997905721999985, 39.748284980000051 ], [ -104.997868275999963, 39.74831178900007 ], [ -104.997792950999951, 39.748253337000051 ], [ -104.997655505999944, 39.748245749000034 ], [ -104.997510666999972, 39.748358563000068 ], [ -104.997440929, 39.748347595000041 ], [ -104.997410406999961, 39.748371594000048 ], [ -104.997496162999937, 39.748439648000044 ], [ -104.997341687999949, 39.748558154000079 ], [ -104.997195302999955, 39.748548947000074 ], [ -104.997151251, 39.748518788000069 ], [ -104.997123287999955, 39.74851801300008 ], [ -104.99696617799998, 39.748395662000064 ], [ -104.997132474999944, 39.748268314000029 ], [ -104.997199529999989, 39.748275466000052 ], [ -104.997298807, 39.748196303000043 ], [ -104.997269267999968, 39.748171900000045 ], [ -104.997693057, 39.747845212000072 ], [ -104.997724429999948, 39.747868405000077 ], [ -104.997789615999977, 39.747820409000042 ], [ -104.997867400999951, 39.747880219000081 ], [ -104.997894222999946, 39.747859692000077 ], [ -104.998060804999966, 39.747990078000043 ], [ -104.998036787, 39.748008639000034 ], [ -104.998049306999974, 39.748018950000073 ], [ -104.998111481999956, 39.748067029000026 ], [ -104.998138303999951, 39.748047488000054 ], [ -104.99822413399994, 39.748117107000041 ], [ -104.997955912999942, 39.74832297100005 ], [ -104.997905721999985, 39.748284980000051 ] ] ] } },
{ "type": "Feature", "properties": { "Height": 23.68, "Neighborhood": "Union Station", "Floors": 7 }, "geometry": { "type": "Polygon", "coordinates": [ [ [ -104.999147185999959, 39.748031856000068 ], [ -104.999455409999939, 39.748272635000035 ], [ -104.999331536999989, 39.748366306000037 ], [ -104.999208816999953, 39.748273162000032 ], [ -104.999020306999967, 39.748130085000071 ], [ -104.999147185999959, 39.748031856000068 ] ] ] } },
{ "type": "Feature", "properties": { "Height": 51.06, "Neighborhood": "Union Station", "Floors": 15 }, "geometry": { "type": "Polygon", "coordinates": [ [ [ -104.997674549999942, 39.74878685200008 ], [ -104.99771263699995, 39.748819171000036 ], [ -104.997519518, 39.748967189000041 ], [ -104.997295620999978, 39.748953893000078 ], [ -104.99709263799997, 39.748797246000038 ], [ -104.997280801999977, 39.748651710000047 ], [ -104.99748465, 39.748661098000071 ], [ -104.997492695999938, 39.748653699000045 ], [ -104.997457827999938, 39.748630397000056 ], [ -104.997481967999988, 39.748609934000058 ], [ -104.99744553, 39.74858062900006 ], [ -104.997522200999981, 39.748519994000048 ], [ -104.997492695999938, 39.748496583000076 ], [ -104.997669721999955, 39.74835353800006 ], [ -104.997701908999943, 39.748378032000062 ], [ -104.997768963999988, 39.748328877000063 ], [ -104.997849429999974, 39.748392167000077 ], [ -104.997882967999942, 39.748366156000031 ], [ -104.997965800999964, 39.748430085000052 ], [ -104.998004406999939, 39.748403276000033 ], [ -104.998085464999974, 39.748469073000081 ], [ -104.998021091999988, 39.748519563000059 ], [ -104.998053277999986, 39.748545519000061 ], [ -104.997873569999967, 39.748684369000046 ], [ -104.997838700999978, 39.748658994000039 ], [ -104.997674549999942, 39.74878685200008 ] ] ] } },
{ "type": "Feature", "properties": { "Height": 41.37, "Neighborhood": "CBD", "Floors": 12 }, "geometry": { "type": "Polygon", "coordinates": [ [ [ -104.992525987999954, 39.747461115000078 ], [ -104.99202355999995, 39.747853519000046 ], [ -104.991717876999985, 39.747614662000046 ], [ -104.992219249999948, 39.747222192000038 ], [ -104.992525987999954, 39.747461115000078 ] ] ] } },
{ "type": "Feature", "properties": { "Height": 218.66, "Neighborhood": "CBD", "Floors": 62 }, "geometry": { "type": "Polygon", "coordinates": [ [ [ -104.989450494999971, 39.747839740000074 ], [ -104.989443081, 39.747846185000071 ], [ -104.989442976999953, 39.747846276000075 ], [ -104.989442745999952, 39.747846096000046 ], [ -104.989372013999969, 39.74779090800007 ], [ -104.98936525299996, 39.747785633000035 ], [ -104.989372046999961, 39.747779996000077 ], [ -104.989372710999987, 39.747561659000041 ], [ -104.98944781299997, 39.747504994000053 ], [ -104.989726762999965, 39.747506291000036 ], [ -104.989944021999975, 39.747341652000046 ], [ -104.990433302999975, 39.747726377000049 ], [ -104.990145186999939, 39.747954345000039 ], [ -104.989868545999968, 39.747949516000062 ], [ -104.989801864999947, 39.747900289000029 ], [ -104.989654342999984, 39.747895805000041 ], [ -104.989584605999937, 39.747840445000065 ], [ -104.989450494999971, 39.747839740000074 ] ] ] } },
{ "type": "Feature", "properties": { "Height": 38.4, "Neighborhood": "CBD", "Floors": 11 }, "geometry": { "type": "Polygon", "coordinates": [ [ [ -104.990975676999938, 39.747648629000025 ], [ -104.991238144999954, 39.747441766000065 ], [ -104.991544665, 39.747677417000034 ], [ -104.991157312999974, 39.747972404000052 ], [ -104.990890553999975, 39.747757267000054 ], [ -104.991002485999957, 39.747671314000058 ], [ -104.990975676999938, 39.747648629000025 ] ] ] } },
{ "type": "Feature", "properties": { "Height": 25.54, "Neighborhood": "CBD", "Floors": 7 }, "geometry": { "type": "Polygon", "coordinates": [ [ [ -104.991717876999985, 39.747614662000046 ], [ -104.99202355999995, 39.747853519000046 ], [ -104.991950889999941, 39.747910276000027 ], [ -104.99187822, 39.747967032000076 ], [ -104.991567481999937, 39.747732390000067 ], [ -104.991642678999938, 39.747673526000028 ], [ -104.991717876999985, 39.747614662000046 ] ] ] } },
{ "type": "Feature", "properties": { "Height": 31.56, "Neighborhood": "CBD", "Floors": 9 }, "geometry": { "type": "Polygon", "coordinates": [ [ [ -104.99304006899996, 39.747861558000068 ], [ -104.99266933499996, 39.748148859000025 ], [ -104.992357774999959, 39.747910601000058 ], [ -104.992733070999975, 39.747620273000052 ], [ -104.99304006899996, 39.747861558000068 ] ], [ [ -104.992677604999983, 39.747968823000065 ], [ -104.992768799999965, 39.747897610000052 ], [ -104.992683294999949, 39.747830624000073 ], [ -104.992591428999958, 39.747901237000065 ], [ -104.992677604999983, 39.747968823000065 ] ] ] } },
{ "type": "Feature", "properties": { "Height": 56.29, "Neighborhood": "CBD", "Floors": 16 }, "geometry": { "type": "Polygon", "coordinates": [ [ [ -104.992039238999951, 39.74863715400005 ], [ -104.991733562999968, 39.748393487000044 ], [ -104.992357774999959, 39.747910601000058 ], [ -104.99266933499996, 39.748148859000025 ], [ -104.992039238999951, 39.74863715400005 ] ] ] } },
{ "type": "Feature", "properties": { "Height": 33.9, "Neighborhood": "CBD", "Floors": 10 }, "geometry": { "type": "Polygon", "coordinates": [ [ [ -104.991045292999956, 39.748480916000062 ], [ -104.990422913999964, 39.748968912000066 ], [ -104.990357628999959, 39.748917356000049 ], [ -104.990283545999944, 39.748973971000055 ], [ -104.990200550999987, 39.748907045000067 ], [ -104.990180495999937, 39.748921480000035 ], [ -104.989991485999951, 39.748774092000076 ], [ -104.99000727799995, 39.748758858000031 ], [ -104.989921446999972, 39.748689339000066 ], [ -104.990701969999975, 39.748089634000053 ], [ -104.990779753999959, 39.748152266000034 ], [ -104.990795847999948, 39.748139937000076 ], [ -104.990991783999959, 39.74829456100008 ], [ -104.990979966999987, 39.748304872000062 ], [ -104.991054198999961, 39.748364677000041 ], [ -104.990978237999968, 39.748426236000057 ], [ -104.991045292999956, 39.748480916000062 ] ], [ [ -104.990665219, 39.748241171000075 ], [ -104.990449708999961, 39.748407984000039 ], [ -104.990492332999963, 39.748440980000055 ], [ -104.990477471999952, 39.748451291000038 ], [ -104.990588802, 39.748537905000035 ], [ -104.990581763999955, 39.748562652000032 ], [ -104.99056517799994, 39.74858439500008 ], [ -104.99054640199995, 39.748596844000076 ], [ -104.990524943999958, 39.748605203000068 ], [ -104.990490632999979, 39.748608021000052 ], [ -104.990386397999941, 39.748527594000052 ], [ -104.990372058999981, 39.748536011000056 ], [ -104.990329652999947, 39.748502847000054 ], [ -104.990119930999981, 39.748665707000043 ], [ -104.990307685999937, 39.748820521000027 ], [ -104.990858571999979, 39.748387362000074 ], [ -104.990665219, 39.748241171000075 ] ] ] } },
{ "type": "Feature", "properties": { "Height": 105.93, "Neighborhood": "CBD", "Floors": 30 }, "geometry": { "type": "Polygon", "coordinates": [ [ [ -104.993620760999988, 39.749091159000045 ], [ -104.993666078, 39.749126216000036 ], [ -104.993672911999965, 39.749169523000035 ], [ -104.993266976999962, 39.749477819000049 ], [ -104.993208469999956, 39.749476793000042 ], [ -104.992809123999962, 39.749169523000035 ], [ -104.992803949999939, 39.749131824000074 ], [ -104.993202603999976, 39.74882978200003 ], [ -104.993122138, 39.748767455000063 ], [ -104.993395549999946, 39.748548792000065 ], [ -104.993773913999974, 39.74884430000003 ], [ -104.993832922999957, 39.748798540000053 ], [ -104.993685152999944, 39.748678713000061 ], [ -104.993853741999942, 39.74855085400003 ], [ -104.99400190199998, 39.748669565000057 ], [ -104.994034088999967, 39.748645113000066 ], [ -104.994114554999953, 39.748711391000029 ], [ -104.99409041499996, 39.748731450000037 ], [ -104.994208431999937, 39.748827021000068 ], [ -104.993808955999953, 39.749132403000033 ], [ -104.993688083999984, 39.749036576000037 ], [ -104.993620760999988, 39.749091159000045 ] ] ] } },
{ "type": "Feature", "properties": { "Height": 133.01, "Neighborhood": "CBD", "Floors": 38 }, "geometry": { "type": "Polygon", "coordinates": [ [ [ -104.991269806, 39.748764606000066 ], [ -104.991787471999942, 39.748762615000032 ], [ -104.99210962099994, 39.749013188000049 ], [ -104.992108151999957, 39.749134859000037 ], [ -104.991873730999941, 39.749314272000049 ], [ -104.991780604999974, 39.749242094000067 ], [ -104.991638165999973, 39.749351392000051 ], [ -104.991651906999948, 39.749374712000076 ], [ -104.991463099999976, 39.749522166000077 ], [ -104.991531210999938, 39.749572087000047 ], [ -104.991438784999957, 39.749641795000059 ], [ -104.990934529999947, 39.749647 ], [ -104.990605956999957, 39.749390574000074 ], [ -104.990605573999972, 39.749266841000065 ], [ -104.991269806, 39.748764606000066 ] ], [ [ -104.991015588999971, 39.749441812000043 ], [ -104.991259894999985, 39.749435942000048 ], [ -104.991640504999964, 39.749136921000058 ], [ -104.991640223, 39.749121454000033 ], [ -104.99165039899998, 39.749129148000065 ], [ -104.991704323999954, 39.749169917000074 ], [ -104.991640184999937, 39.749119392000068 ], [ -104.991637268999966, 39.748959570000068 ], [ -104.991452195999955, 39.748957211000061 ], [ -104.991071106999982, 39.749262716000032 ], [ -104.991079368999976, 39.749379689000079 ], [ -104.991008336, 39.749435942000048 ], [ -104.991015588999971, 39.749441812000043 ] ] ] } },
{ "type": "Feature", "properties": { "Height": 37.79, "Neighborhood": "Auraria", "Floors": 11 }, "geometry": { "type": "Polygon", "coordinates": [ [ [ -105.003844907999962, 39.74850594600008 ], [ -105.004254786, 39.748327244000052 ], [ -105.004276743999981, 39.748353393000059 ], [ -105.00432748299994, 39.748331369000027 ], [ -105.004538023999942, 39.748615958000073 ], [ -105.004269213999976, 39.748730429000034 ], [ -105.004191304999949, 39.748624207000034 ], [ -105.003995111999984, 39.748707716000069 ], [ -105.003844907999962, 39.74850594600008 ] ] ] } },
{ "type": "Feature", "properties": { "Height": 42.43, "Neighborhood": "Auraria", "Floors": 12 }, "geometry": { "type": "Polygon", "coordinates": [ [ [ -105.008524053999963, 39.748595851000061 ], [ -105.008520656999963, 39.74867421600004 ], [ -105.008478804, 39.748818573000051 ], [ -105.008377890999952, 39.74894617800004 ], [ -105.008238415999983, 39.749058266000077 ], [ -105.00817933999997, 39.749088724000046 ], [ -105.008190136999985, 39.74911639100003 ], [ -105.008088212999951, 39.749197787000071 ], [ -105.008096258999956, 39.749224062000053 ], [ -105.00801183599998, 39.749247515000036 ], [ -105.008048244999941, 39.749338253000076 ], [ -105.007870669999988, 39.749385683000071 ], [ -105.007895094, 39.749448020000045 ], [ -105.00776366499997, 39.749480005000066 ], [ -105.007614036999939, 39.749488794000058 ], [ -105.007632236999939, 39.749537235000048 ], [ -105.007465939999975, 39.749531981000075 ], [ -105.007342558999937, 39.749510647000079 ], [ -105.007184307999978, 39.749469645000033 ], [ -105.00718698999998, 39.749451886000031 ], [ -105.006979193999939, 39.749365500000067 ], [ -105.006870489999983, 39.749288236000041 ], [ -105.007076437999956, 39.749237204000053 ], [ -105.007092030999956, 39.749200084000051 ], [ -105.007004599999959, 39.749159481000049 ], [ -105.006932180999968, 39.749105748000034 ], [ -105.006959113999983, 39.749080475000028 ], [ -105.006886582999982, 39.749024795000025 ], [ -105.006829306999975, 39.74895880400004 ], [ -105.006777133999947, 39.748833008000076 ], [ -105.006763200999956, 39.748760710000056 ], [ -105.006739061999951, 39.748760216000051 ], [ -105.006728332999955, 39.748738427000035 ], [ -105.006520493999972, 39.74873608300004 ], [ -105.006633947999944, 39.748643283000035 ], [ -105.006613626999979, 39.748626785000056 ], [ -105.006742276999944, 39.748521611000058 ], [ -105.00679706699998, 39.748379316000069 ], [ -105.006856342999981, 39.748298889000068 ], [ -105.006926815999975, 39.748221785000055 ], [ -105.006891946999986, 39.748193714000024 ], [ -105.007015328999955, 39.748097017000077 ], [ -105.007226153999966, 39.747993676000078 ], [ -105.007245998999963, 39.748039468000059 ], [ -105.007467407999968, 39.747983364000049 ], [ -105.007731478999972, 39.747769255000037 ], [ -105.007753709999974, 39.747785388000068 ], [ -105.007790297999975, 39.747768890000032 ], [ -105.007888408999975, 39.747987489000025 ], [ -105.00785183499994, 39.748018423000076 ], [ -105.007860860999983, 39.748043170000074 ], [ -105.007834456999944, 39.74806585500005 ], [ -105.007854860999942, 39.748110704000055 ], [ -105.008026521999966, 39.748138465000068 ], [ -105.008082847999958, 39.748152469000047 ], [ -105.008106641999973, 39.748121535000053 ], [ -105.008270602999971, 39.74820492200007 ], [ -105.008350739999969, 39.748265893000053 ], [ -105.008479814999987, 39.748428397000055 ], [ -105.008509975999971, 39.748505113000078 ], [ -105.008524053999963, 39.748595851000061 ] ] ] } },
{ "type": "Feature", "properties": { "Height": 21.72, "Neighborhood": "Auraria", "Floors": 6 }, "geometry": { "type": "Polygon", "coordinates": [ [ [ -105.012948242, 39.748893412000029 ], [ -105.012962852999976, 39.748884051000061 ], [ -105.012982965, 39.748838539000076 ], [ -105.012945591999937, 39.748803381000073 ], [ -105.013146499999948, 39.748671424000065 ], [ -105.013235517999988, 39.748679415000026 ], [ -105.013255631, 39.748698622000063 ], [ -105.013374719999945, 39.748622655000077 ], [ -105.013420417999953, 39.748666911000043 ], [ -105.013461037999946, 39.74866565700006 ], [ -105.013492841999948, 39.748645500000066 ], [ -105.013614864999965, 39.74875897700008 ], [ -105.013544196999987, 39.748804165000024 ], [ -105.013540447999958, 39.748833606000062 ], [ -105.013570026999957, 39.748861776000069 ], [ -105.013164769999946, 39.749123870000062 ], [ -105.013026367999942, 39.748993574000053 ], [ -105.013043361999962, 39.748982706000049 ], [ -105.012948242, 39.748893412000029 ] ] ] } },
{ "type": "Feature", "properties": { "Height": 30.19, "Neighborhood": "Union Station", "Floors": 9 }, "geometry": { "type": "Polygon", "coordinates": [ [ [ -105.000026027, 39.748767138000062 ], [ -105.00007967099998, 39.748729536000042 ], [ -105.000197514999968, 39.748822423000036 ], [ -105.000243625999985, 39.748787310000068 ], [ -105.000251692999939, 39.748781167000061 ], [ -105.000400740999964, 39.748896226000056 ], [ -105.000018720999947, 39.749189443000034 ], [ -104.999706843999945, 39.74894289100007 ], [ -104.99998243899995, 39.74873369200003 ], [ -105.000026027, 39.748767138000062 ] ] ] } },
{ "type": "Feature", "properties": { "Height": 22.75, "Neighborhood": "Auraria", "Floors": 6 }, "geometry": { "type": "Polygon", "coordinates": [ [ [ -105.003214803, 39.749261080000053 ], [ -105.002941818999943, 39.748907292000069 ], [ -105.00314954199996, 39.748817175000056 ], [ -105.003408712999942, 39.749175802000025 ], [ -105.003216000999942, 39.749260553000056 ], [ -105.003214803, 39.749261080000053 ] ] ] } },
{ "type": "Feature", "properties": { "Height": 20.08, "Neighborhood": "Union Station", "Floors": 6 }, "geometry": { "type": "Polygon", "coordinates": [ [ [ -104.999183694999942, 39.748852148000026 ], [ -104.99892826699994, 39.749045925000075 ], [ -104.998865777, 39.748997306000035 ], [ -104.998874573999956, 39.748990405000029 ], [ -104.999116711999989, 39.748800451000079 ], [ -104.999183694999942, 39.748852148000026 ] ] ] } },
{ "type": "Feature", "properties": { "Height": 99.65, "Neighborhood": "Union Station", "Floors": 28 }, "geometry": { "type": "Polygon", "coordinates": [ [ [ -104.998936889, 39.748668318000057 ], [ -104.997933094999951, 39.749441791000038 ], [ -104.997634361999985, 39.749211014000025 ], [ -104.998638437999944, 39.748433223000063 ], [ -104.998936889, 39.748668318000057 ] ] ] } },
{ "type": "Feature", "properties": { "Height": 132.92, "Neighborhood": "Union Station", "Floors": 38 }, "geometry": { "type": "Polygon", "coordinates": [ [ [ -104.995854029999975, 39.74924143700008 ], [ -104.996382946999972, 39.748832385000071 ], [ -104.99617909899996, 39.74867512700007 ], [ -104.995358342999964, 39.749312461000045 ], [ -104.995032575999971, 39.749066149000043 ], [ -104.995113354999944, 39.749001108000073 ], [ -104.995113522999986, 39.748999642000058 ], [ -104.995072592999975, 39.748958913000024 ], [ -104.995067432999974, 39.74894035300008 ], [ -104.995076710999967, 39.748902138000062 ], [ -104.995099316999983, 39.748876424000059 ], [ -104.995909438999945, 39.74824331700006 ], [ -104.995967203999953, 39.748287708000078 ], [ -104.99599670899994, 39.748264944000027 ], [ -104.996126673999981, 39.748363968000035 ], [ -104.996211284999958, 39.748428453000031 ], [ -104.997085684999945, 39.749094747000072 ], [ -104.997058644, 39.749117704000071 ], [ -104.99720638499997, 39.749234423000075 ], [ -104.996450980999953, 39.749810607000029 ], [ -104.996345395999981, 39.749728301000061 ], [ -104.996381381999981, 39.74969924800007 ], [ -104.996281022999938, 39.749622482000063 ], [ -104.99624387199998, 39.749649755000064 ], [ -104.996140136999941, 39.749568530000033 ], [ -104.996208602999957, 39.74951182600006 ], [ -104.995854029999975, 39.74924143700008 ] ] ] } },
{ "type": "Feature", "properties": { "Height": 24.32, "Neighborhood": "Union Station", "Floors": 7 }, "geometry": { "type": "Polygon", "coordinates": [ [ [ -104.999054402999946, 39.749144639000065 ], [ -104.998926155, 39.749241909000034 ], [ -104.99861452, 39.749003447000064 ], [ -104.998745478999979, 39.748903704000043 ], [ -104.999054402999946, 39.749144639000065 ] ] ] } },
{ "type": "Feature", "properties": { "Height": 43.28, "Neighborhood": "Union Station", "Floors": 12 }, "geometry": { "type": "Polygon", "coordinates": [ [ [ -104.998927525999989, 39.749242956000046 ], [ -104.998700456999984, 39.749418907000063 ], [ -104.998341155, 39.749697305000041 ], [ -104.998298238999951, 39.749730575000058 ], [ -104.997983421999947, 39.749487527000042 ], [ -104.998613982999984, 39.749003856000058 ], [ -104.998926155, 39.749241909000034 ], [ -104.998927525999989, 39.749242956000046 ] ] ] } },
{ "type": "Feature", "properties": { "Height": 105.41, "Neighborhood": "CBD", "Floors": 30 }, "geometry": { "type": "Polygon", "coordinates": [ [ [ -104.994445593999956, 39.74940722000008 ], [ -104.994447502999947, 39.749396909000041 ], [ -104.994453133999968, 39.749383549000072 ], [ -104.994697214999974, 39.749193153000078 ], [ -104.994718672999966, 39.749183634000076 ], [ -104.99474281199997, 39.749182187000031 ], [ -104.994768597999951, 39.749188625000045 ], [ -104.995103084999982, 39.749452207000047 ], [ -104.995111243999986, 39.749462900000026 ], [ -104.99511159399998, 39.749479397000073 ], [ -104.995102832999976, 39.749497957000074 ], [ -104.994855464999944, 39.74968920200007 ], [ -104.994839371999944, 39.749692821000053 ], [ -104.994815852999977, 39.749691805000055 ], [ -104.994799138999952, 39.749686198000063 ], [ -104.994715989999975, 39.749622345000034 ], [ -104.994451966999975, 39.749419593000027 ], [ -104.994445593999956, 39.74940722000008 ] ] ] } },
{ "type": "Feature", "properties": { "Height": 33.71, "Neighborhood": "Auraria", "Floors": 10 }, "geometry": { "type": "Polygon", "coordinates": [ [ [ -105.002695465999977, 39.749090111000044 ], [ -105.00271106699995, 39.749074538000059 ], [ -105.002665640999965, 39.749027107000074 ], [ -105.002941818999943, 39.748907292000069 ], [ -105.003253364999978, 39.74931680800006 ], [ -105.003104143999963, 39.749379747000035 ], [ -105.002695465999977, 39.749090111000044 ] ] ] } },
{ "type": "Feature", "properties": { "Height": 41.16, "Neighborhood": "Union Station", "Floors": 12 }, "geometry": { "type": "Polygon", "coordinates": [ [ [ -105.001268332999985, 39.749077696000029 ], [ -105.001586112999973, 39.749322380000081 ], [ -105.000894949999974, 39.749858330000052 ], [ -105.000583879999965, 39.74961329100006 ], [ -105.001210986999979, 39.749122576000048 ], [ -105.001266902999987, 39.749078815000075 ], [ -105.001268332999985, 39.749077696000029 ] ] ] } },
{ "type": "Feature", "properties": { "Height": 33.47, "Neighborhood": "Auraria", "Floors": 10 }, "geometry": { "type": "Polygon", "coordinates": [ [ [ -105.003499536999982, 39.749290658000064 ], [ -105.003694769, 39.749552559000051 ], [ -105.003430779999974, 39.74966838000006 ], [ -105.003342910999947, 39.749548668000045 ], [ -105.003179204999981, 39.749432951000074 ], [ -105.003499536999982, 39.749290658000064 ] ] ] } },
{ "type": "Feature", "properties": { "Height": 222.06, "Neighborhood": "CBD", "Floors": 63 }, "geometry": { "type": "Polygon", "coordinates": [ [ [ -104.98875800899998, 39.743182688000047 ], [ -104.989058502999967, 39.743418373000054 ], [ -104.988551598999948, 39.743810226000051 ], [ -104.988452950999942, 39.743731856000068 ], [ -104.988250125999969, 39.743570723000062 ], [ -104.98875800899998, 39.743182688000047 ] ] ] } },
{ "type": "Feature", "properties": { "Height": 29.64, "Neighborhood": "CBD", "Floors": 8 }, "geometry": { "type": "Polygon", "coordinates": [ [ [ -104.98963927799997, 39.743767060000039 ], [ -104.989356704999977, 39.74398397300007 ], [ -104.989050821999967, 39.743738603000054 ], [ -104.989325577999978, 39.743526941000027 ], [ -104.98963927799997, 39.743767060000039 ] ] ] } },
{ "type": "Feature", "properties": { "Height": 101.8, "Neighborhood": "CBD", "Floors": 29 }, "geometry": { "type": "Polygon", "coordinates": [ [ [ -104.98903377299996, 39.743808872000045 ], [ -104.989291673999958, 39.744017172000042 ], [ -104.988867692999975, 39.744343026000024 ], [ -104.98861059799998, 39.74413506500008 ], [ -104.98903377299996, 39.743808872000045 ] ] ] } },
{ "type": "Feature", "properties": { "Height": 47.57, "Neighborhood": "CBD", "Floors": 14 }, "geometry": { "type": "Polygon", "coordinates": [ [ [ -104.987622730999988, 39.744514371000037 ], [ -104.987593603999983, 39.744505756000081 ], [ -104.987584862999938, 39.744497507000062 ], [ -104.987590544999989, 39.744208062000041 ], [ -104.987574450999944, 39.744206800000029 ], [ -104.987577134, 39.744027973000073 ], [ -104.987587799999972, 39.74402522500003 ], [ -104.987585980999938, 39.743748867000079 ], [ -104.987590544999989, 39.74372869900003 ], [ -104.987606637999988, 39.743714363000038 ], [ -104.987630122999974, 39.743708535000053 ], [ -104.987653336999983, 39.743711744000052 ], [ -104.988132351, 39.744081494000056 ], [ -104.988143366999964, 39.744091221000076 ], [ -104.988149609999937, 39.744107720000045 ], [ -104.988148443999989, 39.744118796000066 ], [ -104.987646870999981, 39.744510369000068 ], [ -104.987622730999988, 39.744514371000037 ] ] ] } },
{ "type": "Feature", "properties": { "Height": 46.69, "Neighborhood": "CBD", "Floors": 13 }, "geometry": { "type": "Polygon", "coordinates": [ [ [ -104.98924440199994, 39.744419382000046 ], [ -104.989361483999971, 39.744334825000067 ], [ -104.989467501999968, 39.744423237000035 ], [ -104.989442248999978, 39.744442068000069 ], [ -104.989459455999963, 39.744458459000043 ], [ -104.989235384999972, 39.744623555000032 ], [ -104.988928509999937, 39.744381009000051 ], [ -104.989067852999938, 39.744278697000027 ], [ -104.98924440199994, 39.744419382000046 ] ] ] } },
{ "type": "Feature", "properties": { "Height": 73.75, "Neighborhood": "CBD", "Floors": 21 }, "geometry": { "type": "Polygon", "coordinates": [ [ [ -104.988684001999957, 39.744497151000076 ], [ -104.988427947, 39.744699208000043 ], [ -104.988380911999968, 39.744664414000056 ], [ -104.988260213, 39.744757735000064 ], [ -104.987986626999941, 39.744553852000024 ], [ -104.98836640899998, 39.744258535000029 ], [ -104.988684001999957, 39.744497151000076 ] ] ] } },
{ "type": "Feature", "properties": { "Height": 23.18, "Neighborhood": "CBD", "Floors": 7 }, "geometry": { "type": "Polygon", "coordinates": [ [ [ -104.988006391999988, 39.744573380000077 ], [ -104.988269554999988, 39.744771022000066 ], [ -104.988150627999971, 39.744864641000049 ], [ -104.987887464999972, 39.744667 ], [ -104.98791719899998, 39.744643593000035 ], [ -104.987906585999951, 39.744635361000064 ], [ -104.987955151999984, 39.744597074000069 ], [ -104.987966428999982, 39.744604839000033 ], [ -104.988006391999988, 39.744573380000077 ] ] ] } },
{ "type": "Feature", "properties": { "Height": 68.61, "Neighborhood": "CBD", "Floors": 20 }, "geometry": { "type": "Polygon", "coordinates": [ [ [ -104.98852825299997, 39.744694499000047 ], [ -104.988728719999983, 39.744543293000049 ], [ -104.98903250799998, 39.744782043000043 ], [ -104.98883075699996, 39.744935140000052 ], [ -104.988771912999937, 39.744887432000041 ], [ -104.988769980999962, 39.744885866000061 ], [ -104.988770274, 39.744885638000028 ], [ -104.988597065999954, 39.744751717000042 ], [ -104.988589943999955, 39.744745795000028 ], [ -104.98852825299997, 39.744694499000047 ] ] ] } },
{ "type": "Feature", "properties": { "Height": 22.04, "Neighborhood": "Union Station", "Floors": 6 }, "geometry": { "type": "Polygon", "coordinates": [ [ [ -105.001503784999954, 39.749456383000052 ], [ -105.001625855999976, 39.749355177000041 ], [ -105.001626981999948, 39.749354314000072 ], [ -105.001942123, 39.749601182000049 ], [ -105.001821060999987, 39.749693691000061 ], [ -105.001503784999954, 39.749456383000052 ] ] ] } },
{ "type": "Feature", "properties": { "Height": 21.98, "Neighborhood": "Union Station", "Floors": 6 }, "geometry": { "type": "Polygon", "coordinates": [ [ [ -105.000180712999963, 39.749624500000039 ], [ -104.999993649999965, 39.749767474000066 ], [ -104.99967976, 39.74952 ], [ -104.999872033999964, 39.749374972000055 ], [ -105.000180712999963, 39.749624500000039 ] ] ] } },
{ "type": "Feature", "properties": { "Height": 20.65, "Neighborhood": "Union Station", "Floors": 6 }, "geometry": { "type": "Polygon", "coordinates": [ [ [ -105.001251534999938, 39.750136164000025 ], [ -105.000939303999985, 39.74988606900007 ], [ -105.001185461999967, 39.749698692000038 ], [ -105.001506469999981, 39.749938336000071 ], [ -105.001507869999955, 39.749939383000026 ], [ -105.001251534999938, 39.750136164000025 ] ] ] } },
{ "type": "Feature", "properties": { "Height": 98.19, "Neighborhood": "Union Station", "Floors": 28 }, "geometry": { "type": "Polygon", "coordinates": [ [ [ -104.997417384999949, 39.749425537000036 ], [ -104.997659975999966, 39.749615769000059 ], [ -104.997424138999975, 39.749808038000026 ], [ -104.997171813999955, 39.749612934000027 ], [ -104.997417384999949, 39.749425537000036 ] ] ] } },
{ "type": "Feature", "properties": { "Height": 20.47, "Neighborhood": "Union Station", "Floors": 6 }, "geometry": { "type": "Polygon", "coordinates": [ [ [ -104.999646233999954, 39.749545288000036 ], [ -104.99967976, 39.74952 ], [ -104.999993649999965, 39.749767474000066 ], [ -104.999963011999967, 39.749790890000043 ], [ -104.999932374999958, 39.749814307000065 ], [ -104.999612708999962, 39.749570575000064 ], [ -104.999646233999954, 39.749545288000036 ] ] ] } },
{ "type": "Feature", "properties": { "Height": 39.96, "Neighborhood": "Union Station", "Floors": 11 }, "geometry": { "type": "Polygon", "coordinates": [ [ [ -104.998879060999968, 39.749593567000034 ], [ -104.99919724199998, 39.749850583000068 ], [ -104.998838344999967, 39.750144179000074 ], [ -104.998565972999984, 39.749923868000053 ], [ -104.998539905999962, 39.749849280000035 ], [ -104.998879060999968, 39.749593567000034 ] ] ] } },
{ "type": "Feature", "properties": { "Height": 32.31, "Neighborhood": "Union Station", "Floors": 9 }, "geometry": { "type": "Polygon", "coordinates": [ [ [ -104.999738470999944, 39.749962509000056 ], [ -104.999646307999967, 39.750032951000037 ], [ -104.999554143999944, 39.750103393000074 ], [ -104.999231569999949, 39.749858060000065 ], [ -104.999327793999953, 39.749785480000071 ], [ -104.999424017999957, 39.749712901000066 ], [ -104.999738470999944, 39.749962509000056 ] ] ] } },
{ "type": "Feature", "properties": { "Height": 93.77, "Neighborhood": "Union Station", "Floors": 27 }, "geometry": { "type": "Polygon", "coordinates": [ [ [ -104.997449655999958, 39.749827560000028 ], [ -104.996782806999988, 39.750339362000034 ], [ -104.996667830999968, 39.750332251000032 ], [ -104.996427208999989, 39.750143875000049 ], [ -104.997145501999967, 39.749594928000079 ], [ -104.997424138999975, 39.749808038000026 ], [ -104.997449655999958, 39.749827560000028 ] ] ] } },
{ "type": "Feature", "properties": { "Height": 27.12, "Neighborhood": "Union Station", "Floors": 8 }, "geometry": { "type": "Polygon", "coordinates": [ [ [ -105.002079488, 39.749806723000063 ], [ -105.002465725999969, 39.750090026000066 ], [ -105.002334297999937, 39.750189573000057 ], [ -105.00228601799995, 39.750151748000064 ], [ -105.002160962999938, 39.750245093000046 ], [ -105.001828019999948, 39.749995715000068 ], [ -105.002079488, 39.749806723000063 ] ] ] } },
{ "type": "Feature", "properties": { "Height": 26.22, "Neighborhood": "Union Station", "Floors": 7 }, "geometry": { "type": "Polygon", "coordinates": [ [ [ -105.002041478999956, 39.750319580000053 ], [ -105.001907369999969, 39.75021681100003 ], [ -105.001767893999954, 39.750329088000058 ], [ -105.001626550999958, 39.750223119000054 ], [ -105.001576057999955, 39.75018656900005 ], [ -105.001828019999948, 39.749995715000068 ], [ -105.002146085999982, 39.750236061000066 ], [ -105.002041478999956, 39.750319580000053 ] ] ] } },
{ "type": "Feature", "properties": { "Height": 23.63, "Neighborhood": "Union Station", "Floors": 7 }, "geometry": { "type": "Polygon", "coordinates": [ [ [ -105.00233597099998, 39.750190884000062 ], [ -105.002587562999963, 39.749995375000026 ], [ -105.002876205999939, 39.75022690000003 ], [ -105.00262407799994, 39.750419754000063 ], [ -105.00233597099998, 39.750190884000062 ] ] ] } },
{ "type": "Feature", "properties": { "Height": 26.6, "Neighborhood": "Union Station", "Floors": 8 }, "geometry": { "type": "Polygon", "coordinates": [ [ [ -105.001768998999978, 39.750329908000026 ], [ -105.001634897999963, 39.75043951400005 ], [ -105.001462854999943, 39.750301213000057 ], [ -105.001454634999959, 39.750278528000081 ], [ -105.00157597499998, 39.750186632000066 ], [ -105.001767893999954, 39.750329088000058 ], [ -105.001768998999978, 39.750329908000026 ] ] ] } },
{ "type": "Feature", "properties": { "Height": 26.71, "Neighborhood": "Union Station", "Floors": 8 }, "geometry": { "type": "Polygon", "coordinates": [ [ [ -105.002041478999956, 39.750319580000053 ], [ -105.002041790999954, 39.750319817000047 ], [ -105.001757861999977, 39.750538363000032 ], [ -105.001634897999963, 39.75043951400005 ], [ -105.001906455999972, 39.750217926000062 ], [ -105.002041478999956, 39.750319580000053 ] ] ] } },
{ "type": "Feature", "properties": { "Height": 137.71, "Neighborhood": "CBD", "Floors": 39 }, "geometry": { "type": "Polygon", "coordinates": [ [ [ -104.992959667999969, 39.749666876000049 ], [ -104.992657618999942, 39.749904029000049 ], [ -104.992194005999977, 39.749546012000053 ], [ -104.992497850999939, 39.74930598900005 ], [ -104.992959667999969, 39.749666876000049 ] ] ] } },
{ "type": "Feature", "properties": { "Height": 118.98, "Neighborhood": "CBD", "Floors": 34 }, "geometry": { "type": "Polygon", "coordinates": [ [ [ -104.991532725999946, 39.75002573200004 ], [ -104.991535344999988, 39.74999894900003 ], [ -104.991726250999989, 39.749844259000042 ], [ -104.991725781999946, 39.749723278000033 ], [ -104.991531262999956, 39.749572048000061 ], [ -104.991531210999938, 39.749572087000047 ], [ -104.991463099999976, 39.749522166000077 ], [ -104.991651906999948, 39.749374712000076 ], [ -104.991661253999951, 39.749390574000074 ], [ -104.991929628999969, 39.749604168000076 ], [ -104.992053010999939, 39.749602052000057 ], [ -104.992158654999969, 39.749689594000074 ], [ -104.992160298999977, 39.749758811000049 ], [ -104.992251231999944, 39.749759709000045 ], [ -104.992589452999937, 39.750027204000048 ], [ -104.99239283199995, 39.750180397000065 ], [ -104.992388286999983, 39.750274449000074 ], [ -104.992199012999947, 39.750275257000055 ], [ -104.992197849999968, 39.750311785000065 ], [ -104.992066421999937, 39.750412352000069 ], [ -104.992024368999978, 39.750409299000069 ], [ -104.991951127, 39.750353590000032 ], [ -104.991926946999968, 39.750371140000027 ], [ -104.991587128, 39.750107438000043 ], [ -104.991610505999972, 39.75008759800005 ], [ -104.991532725999946, 39.75002573200004 ] ] ] } },
{ "type": "Feature", "properties": { "Height": 74.97, "Neighborhood": "CBD", "Floors": 21 }, "geometry": { "type": "Polygon", "coordinates": [ [ [ -104.990364789999944, 39.750289173000056 ], [ -104.990303796999967, 39.750334541000029 ], [ -104.98999052399995, 39.750090439000076 ], [ -104.98985248799994, 39.750195978000079 ], [ -104.989679119999948, 39.750056146000077 ], [ -104.990112661999945, 39.749727721000056 ], [ -104.990278214999989, 39.749862299000029 ], [ -104.990168988999983, 39.749948525000036 ], [ -104.990249149999954, 39.750010777000057 ], [ -104.990568637999957, 39.749762818000079 ], [ -104.990802243999951, 39.749946849000025 ], [ -104.990763259999937, 39.74997778200003 ], [ -104.99084490499996, 39.750045645000057 ], [ -104.990488170999981, 39.750319174000026 ], [ -104.990409136999972, 39.750256178000029 ], [ -104.990364789999944, 39.750289173000056 ] ] ] } },
{ "type": "Feature", "properties": { "Height": 44.2, "Neighborhood": "CBD", "Floors": 13 }, "geometry": { "type": "Polygon", "coordinates": [ [ [ -104.992826481999941, 39.750502100000062 ], [ -104.992769412999962, 39.750456623000048 ], [ -104.992759183999965, 39.750466934000031 ], [ -104.992764790999956, 39.750476574000061 ], [ -104.992681402999949, 39.750477244000081 ], [ -104.992684324999971, 39.750434839000036 ], [ -104.992723423999962, 39.750436001000025 ], [ -104.992732603999968, 39.750428225000064 ], [ -104.99268164199998, 39.750387913000054 ], [ -104.992859956999951, 39.750250735000066 ], [ -104.992861538999989, 39.750250734000076 ], [ -104.992861349999941, 39.750249663000034 ], [ -104.993133807, 39.75004006100005 ], [ -104.993196626999975, 39.750087948000044 ], [ -104.993204083999956, 39.750081305000037 ], [ -104.99320467299998, 39.750062437000054 ], [ -104.993275765999954, 39.750062745000037 ], [ -104.993275198999982, 39.750091616000077 ], [ -104.993216941999947, 39.75009497800005 ], [ -104.993271727999968, 39.75014826000006 ], [ -104.992826481999941, 39.750502100000062 ] ] ] } },
{ "type": "Feature", "properties": { "Height": 71.29, "Neighborhood": "Union Station", "Floors": 20 }, "geometry": { "type": "Polygon", "coordinates": [ [ [ -104.993434060999959, 39.751133459000073 ], [ -104.993729198999972, 39.751372730000071 ], [ -104.99345283599996, 39.751581656000042 ], [ -104.99337451699995, 39.751519142000063 ], [ -104.993155110999965, 39.751344016000075 ], [ -104.993434060999959, 39.751133459000073 ] ] ] } },
{ "type": "Feature", "properties": { "Height": 30.04, "Neighborhood": "Union Station", "Floors": 9 }, "geometry": { "type": "Polygon", "coordinates": [ [ [ -104.997792052999955, 39.750133477000077 ], [ -104.997604420999949, 39.750276377000034 ], [ -104.997310238999944, 39.750048733000028 ], [ -104.997515747999955, 39.74990321000007 ], [ -104.997792052999955, 39.750133477000077 ] ] ] } },
{ "type": "Feature", "properties": { "Height": 40.9, "Neighborhood": "Union Station", "Floors": 12 }, "geometry": { "type": "Polygon", "coordinates": [ [ [ -104.999231569999949, 39.749858060000065 ], [ -104.999554143999944, 39.750103393000074 ], [ -104.999160183999948, 39.750404501000048 ], [ -104.998838344999967, 39.750144179000074 ], [ -104.99919724199998, 39.749850583000068 ], [ -104.99921809999995, 39.74986743200003 ], [ -104.999219682999978, 39.74986702700005 ], [ -104.999231569999949, 39.749858060000065 ] ] ] } },
{ "type": "Feature", "properties": { "Height": 135.93, "Neighborhood": "Union Station", "Floors": 39 }, "geometry": { "type": "Polygon", "coordinates": [ [ [ -104.995069433999959, 39.749977167000054 ], [ -104.995572051999943, 39.750375077000058 ], [ -104.995283037999968, 39.750595822000037 ], [ -104.99517240199998, 39.750507838000033 ], [ -104.994780963999972, 39.750196538000068 ], [ -104.995069433999959, 39.749977167000054 ] ] ] } },
{ "type": "Feature", "properties": { "Height": 26.68, "Neighborhood": "Union Station", "Floors": 8 }, "geometry": { "type": "Polygon", "coordinates": [ [ [ -104.997089314, 39.750668681000036 ], [ -104.996784267999942, 39.750421180000046 ], [ -104.997310238999944, 39.750048733000028 ], [ -104.997604420999949, 39.750276377000034 ], [ -104.997089314, 39.750668681000036 ] ] ] } },
{ "type": "Feature", "properties": { "Height": 27.39, "Neighborhood": "CBD", "Floors": 8 }, "geometry": { "type": "Polygon", "coordinates": [ [ [ -104.99363699099996, 39.750171213000044 ], [ -104.99394295899998, 39.750415175000057 ], [ -104.993674541999951, 39.75062199000007 ], [ -104.993366055999957, 39.750379878000047 ], [ -104.99363699099996, 39.750171213000044 ] ] ] } },
{ "type": "Feature", "properties": { "Height": 43.61, "Neighborhood": "Union Station", "Floors": 12 }, "geometry": { "type": "Polygon", "coordinates": [ [ [ -104.999376284999983, 39.750553015000037 ], [ -104.999755925999978, 39.750258617000043 ], [ -105.000067472999945, 39.750503089000063 ], [ -104.999686915999973, 39.750795918000051 ], [ -104.999376284999983, 39.750553015000037 ] ] ] } },
{ "type": "Feature", "properties": { "Height": 30.27, "Neighborhood": "Union Station", "Floors": 9 }, "geometry": { "type": "Polygon", "coordinates": [ [ [ -105.002137168, 39.750321104000079 ], [ -105.00244620899997, 39.750580389000049 ], [ -105.002118979999977, 39.750818450000054 ], [ -105.001807712999948, 39.750558436000063 ], [ -105.002137168, 39.750321104000079 ] ] ] } },
{ "type": "Feature", "properties": { "Height": 43.29, "Neighborhood": "Union Station", "Floors": 12 }, "geometry": { "type": "Polygon", "coordinates": [ [ [ -105.003319464999947, 39.75020165400008 ], [ -105.003575871999942, 39.750407873000029 ], [ -105.003312335999965, 39.750615543000038 ], [ -105.003355251999949, 39.750647196000045 ], [ -105.003628167999977, 39.750440868000055 ], [ -105.003780014999961, 39.75056666100005 ], [ -105.003735397999947, 39.750601718000041 ], [ -105.003760264999983, 39.750621856000066 ], [ -105.003783098999975, 39.750605842000027 ], [ -105.003872917999956, 39.750681302000032 ], [ -105.003803179999977, 39.750734952000073 ], [ -105.003830272999949, 39.750758443000052 ], [ -105.003317700999958, 39.751152647000026 ], [ -105.003311271999962, 39.75114762100003 ], [ -105.00330870199997, 39.751148915000044 ], [ -105.003282831999968, 39.751125389000038 ], [ -105.002701800999944, 39.750671189000059 ], [ -105.003319464999947, 39.75020165400008 ] ] ] } },
{ "type": "Feature", "properties": { "Height": 29.55, "Neighborhood": "Union Station", "Floors": 8 }, "geometry": { "type": "Polygon", "coordinates": [ [ [ -105.001045297999951, 39.751054607000071 ], [ -105.000745756999947, 39.750827316000027 ], [ -105.001247006999961, 39.750436359000048 ], [ -105.001550539999982, 39.750670924000076 ], [ -105.001045297999951, 39.751054607000071 ] ] ] } },
{ "type": "Feature", "properties": { "Height": 33.79, "Neighborhood": "Union Station", "Floors": 10 }, "geometry": { "type": "Polygon", "coordinates": [ [ [ -104.999942227999952, 39.750698558000067 ], [ -105.000010825999937, 39.750647004000029 ], [ -105.000305381999965, 39.750875905000044 ], [ -105.000047687999938, 39.751077997000039 ], [ -104.999719149999976, 39.750826656000072 ], [ -104.999913193999987, 39.750679219000062 ], [ -104.999942227999952, 39.750698558000067 ] ] ] } },
{ "type": "Feature", "properties": { "Height": 88.33, "Neighborhood": "Auraria", "Floors": 25 }, "geometry": { "type": "Polygon", "coordinates": [ [ [ -105.01076700699997, 39.750821116000054 ], [ -105.010868967999954, 39.750795105000066 ], [ -105.010950109999953, 39.750849301000073 ], [ -105.010931250999988, 39.750931062000063 ], [ -105.010829877, 39.750956908000035 ], [ -105.010748414999966, 39.750902237000048 ], [ -105.01076700699997, 39.750821116000054 ] ] ] } },
{ "type": "Feature", "properties": { "Height": 27.65, "Neighborhood": "Union Station", "Floors": 8 }, "geometry": { "type": "Polygon", "coordinates": [ [ [ -105.001376205999975, 39.750920268000073 ], [ -105.001633535999986, 39.750723805000064 ], [ -105.001934549999987, 39.750963290000072 ], [ -105.00167645199997, 39.751159548000032 ], [ -105.001376205999975, 39.750920268000073 ] ] ] } },
{ "type": "Feature", "properties": { "Height": 33.37, "Neighborhood": "Union Station", "Floors": 10 }, "geometry": { "type": "Polygon", "coordinates": [ [ [ -105.002952812999979, 39.750961872000062 ], [ -105.002638212999955, 39.751203773000043 ], [ -105.002322015999937, 39.750956835000068 ], [ -105.002637101999937, 39.750714412000036 ], [ -105.002952812999979, 39.750961872000062 ] ] ] } },
{ "type": "Feature", "properties": { "Height": 26.74, "Neighborhood": "Union Station", "Floors": 8 }, "geometry": { "type": "Polygon", "coordinates": [ [ [ -105.000651281999978, 39.750901003000024 ], [ -105.000745756999947, 39.750827316000027 ], [ -105.001045297999951, 39.751054607000071 ], [ -105.000949185999957, 39.751127595000071 ], [ -105.000853073999963, 39.75120058300007 ], [ -105.000569121999945, 39.75098408000008 ], [ -105.000556805999963, 39.750974690000078 ], [ -105.000651281999978, 39.750901003000024 ] ] ] } },
{ "type": "Feature", "properties": { "Height": 59.65, "Neighborhood": "Union Station", "Floors": 17 }, "geometry": { "type": "Polygon", "coordinates": [ [ [ -104.996590883999943, 39.750585990000047 ], [ -104.996885926999937, 39.750822763000031 ], [ -104.996499688999961, 39.75111908100007 ], [ -104.996202535999942, 39.750883143000067 ], [ -104.996590883999943, 39.750585990000047 ] ] ] } },
{ "type": "Feature", "properties": { "Height": 74.56, "Neighborhood": "Union Station", "Floors": 21 }, "geometry": { "type": "Polygon", "coordinates": [ [ [ -104.995308965999982, 39.751001238000072 ], [ -104.99597578199996, 39.750491978000071 ], [ -104.996276378999937, 39.750737657000059 ], [ -104.995621729999982, 39.751228452000078 ], [ -104.995308965999982, 39.751001238000072 ] ] ] } },
{ "type": "Feature", "properties": { "Height": 22.47, "Neighborhood": "Union Station", "Floors": 6 }, "geometry": { "type": "Polygon", "coordinates": [ [ [ -104.998186071999953, 39.750921783000081 ], [ -104.998091060999968, 39.750849607000077 ], [ -104.998042875999943, 39.750884664000068 ], [ -104.997984262999978, 39.750835172000052 ], [ -104.998284223999974, 39.750602146000062 ], [ -104.998607165999942, 39.750852161000068 ], [ -104.998224928999946, 39.751140960000043 ], [ -104.998083272999963, 39.75103107800004 ], [ -104.998067654999943, 39.751016642000025 ], [ -104.998186071999953, 39.750921783000081 ] ] ] } },
{ "type": "Feature", "properties": { "Height": 31.35, "Neighborhood": "Union Station", "Floors": 9 }, "geometry": { "type": "Polygon", "coordinates": [ [ [ -104.999103120999962, 39.750764840000045 ], [ -104.999258635999979, 39.750763514000027 ], [ -104.999459904999981, 39.750930334000032 ], [ -104.99921160699995, 39.751122115000044 ], [ -104.999144026999943, 39.751072623000027 ], [ -104.999079686999949, 39.751120054000069 ], [ -104.998858074999987, 39.750950956000054 ], [ -104.999103120999962, 39.750764840000045 ] ] ] } },
{ "type": "Feature", "properties": { "Height": 20.46, "Neighborhood": "Union Station", "Floors": 6 }, "geometry": { "type": "Polygon", "coordinates": [ [ [ -104.993761157999984, 39.750854582000045 ], [ -104.994075545999976, 39.751103875000069 ], [ -104.993948056999955, 39.751201026000047 ], [ -104.993890826999973, 39.751155658000073 ], [ -104.993632911999953, 39.750951201000078 ], [ -104.993761157999984, 39.750854582000045 ] ] ] } },
{ "type": "Feature", "properties": { "Height": 20.0, "Neighborhood": "Union Station", "Floors": 6 }, "geometry": { "type": "Polygon", "coordinates": [ [ [ -104.99885782399997, 39.750951146000034 ], [ -104.999079686999949, 39.751120054000069 ], [ -104.999177389999943, 39.751194439000074 ], [ -104.999145197999951, 39.751218685000026 ], [ -104.999113005999959, 39.751242931000036 ], [ -104.998794048999969, 39.750999594000064 ], [ -104.998825937, 39.750975370000049 ], [ -104.99885782399997, 39.750951146000034 ] ] ] } },
{ "type": "Feature", "properties": { "Height": 30.27, "Neighborhood": "Union Station", "Floors": 9 }, "geometry": { "type": "Polygon", "coordinates": [ [ [ -104.996117167999955, 39.751031133000026 ], [ -104.996178857999951, 39.750987069000075 ], [ -104.996426822999979, 39.751189304000036 ], [ -104.995884948999958, 39.751593486000047 ], [ -104.995588887999986, 39.751352853000071 ], [ -104.996073556999988, 39.750995461000059 ], [ -104.996117167999955, 39.751031133000026 ] ] ] } },
{ "type": "Feature", "properties": { "Height": 23.61, "Neighborhood": "Union Station", "Floors": 7 }, "geometry": { "type": "Polygon", "coordinates": [ [ [ -104.999159499999962, 39.751278653000043 ], [ -104.999224004999974, 39.751229782000053 ], [ -104.999288510999975, 39.751180912000052 ], [ -104.999601871999971, 39.751425711000024 ], [ -104.999597859999938, 39.751428707000059 ], [ -104.99959686699998, 39.751428191000059 ], [ -104.999595872999976, 39.751430191000054 ], [ -104.999473639999962, 39.751521474000072 ], [ -104.999159499999962, 39.751278653000043 ] ] ] } },
{ "type": "Feature", "properties": { "Height": 107.8, "Neighborhood": "Union Station", "Floors": 31 }, "geometry": { "type": "Polygon", "coordinates": [ [ [ -104.993517495999981, 39.751628487000062 ], [ -104.994459963999986, 39.75088293400006 ], [ -104.994763052999986, 39.75111903100003 ], [ -104.993811433999952, 39.751863765000053 ], [ -104.993517495999981, 39.751628487000062 ] ] ] } },
{ "type": "Feature", "properties": { "Height": 23.51, "Neighborhood": "Union Station", "Floors": 7 }, "geometry": { "type": "Polygon", "coordinates": [ [ [ -104.997310119999952, 39.751347409000061 ], [ -104.997450597999944, 39.751233525000032 ], [ -104.997793006999984, 39.751485174000038 ], [ -104.997652529, 39.751599059000057 ], [ -104.997310119999952, 39.751347409000061 ] ] ] } },
{ "type": "Feature", "properties": { "Height": 29.03, "Neighborhood": "Union Station", "Floors": 8 }, "geometry": { "type": "Polygon", "coordinates": [ [ [ -104.999037204, 39.751371306000067 ], [ -104.999098351999976, 39.751324980000049 ], [ -104.999159499999962, 39.751278653000043 ], [ -104.999473639999962, 39.751521474000072 ], [ -104.999412021999944, 39.75156749000007 ], [ -104.999350403999983, 39.751613506000069 ], [ -104.999037204, 39.751371306000067 ] ] ] } },
{ "type": "Feature", "properties": { "Height": 63.9, "Neighborhood": "Union Station", "Floors": 18 }, "geometry": { "type": "Polygon", "coordinates": [ [ [ -104.996432612999968, 39.751949927000055 ], [ -104.996370921999983, 39.751965357000074 ], [ -104.996133795, 39.751768089000052 ], [ -104.996105383999975, 39.751731673000052 ], [ -104.996639142999982, 39.751329221000049 ], [ -104.996706198999959, 39.75131992200005 ], [ -104.996802757999944, 39.751397356000041 ], [ -104.996924676999981, 39.751306537000062 ], [ -104.996833982999988, 39.751232300000026 ], [ -104.996808660999989, 39.751186932000053 ], [ -104.997079025999938, 39.750986709000074 ], [ -104.997144627999944, 39.751001338000037 ], [ -104.997362302999989, 39.751178684000024 ], [ -104.997376751, 39.751227862000064 ], [ -104.997138033999988, 39.751403823000032 ], [ -104.997064208999973, 39.751417894000042 ], [ -104.996955643999968, 39.751500959000055 ], [ -104.99693253099997, 39.751570493000031 ], [ -104.996432612999968, 39.751949927000055 ] ] ] } },
{ "type": "Feature", "properties": { "Height": 22.84, "Neighborhood": "Union Station", "Floors": 7 }, "geometry": { "type": "Polygon", "coordinates": [ [ [ -104.998292166999988, 39.751387061000059 ], [ -104.99861696, 39.751629685000069 ], [ -104.998493461999942, 39.751725254000064 ], [ -104.998433205999959, 39.751679969000065 ], [ -104.998170349999953, 39.751482420000059 ], [ -104.998292166999988, 39.751387061000059 ] ] ] } },
{ "type": "Feature", "properties": { "Height": 32.54, "Neighborhood": "Union Station", "Floors": 9 }, "geometry": { "type": "Polygon", "coordinates": [ [ [ -104.998826078999969, 39.752005069000063 ], [ -104.99852427999997, 39.751759908000054 ], [ -104.999037204, 39.751371306000067 ], [ -104.999350403999983, 39.751613506000069 ], [ -104.998826078999969, 39.752005069000063 ] ] ] } },
{ "type": "Feature", "properties": { "Height": 45.64, "Neighborhood": "Union Station", "Floors": 13 }, "geometry": { "type": "Polygon", "coordinates": [ [ [ -104.994291570999962, 39.751958398000056 ], [ -104.99423524499997, 39.751910589000033 ], [ -104.994372882999983, 39.751802557000076 ], [ -104.994334485999957, 39.751766205000024 ], [ -104.994416232999981, 39.751703574000032 ], [ -104.994463231999987, 39.751738924000051 ], [ -104.994828964999954, 39.751458179000053 ], [ -104.994911160999948, 39.751522574000035 ], [ -104.994858794999971, 39.751563348000047 ], [ -104.99493261899994, 39.751622741000062 ], [ -104.994430167999951, 39.752004646000046 ], [ -104.994465913999989, 39.752035270000079 ], [ -104.994369354999947, 39.75210792200005 ], [ -104.994234528, 39.75200372900008 ], [ -104.994291570999962, 39.751958398000056 ] ] ] } },
{ "type": "Feature", "properties": { "Height": 22.3, "Neighborhood": "Union Station", "Floors": 6 }, "geometry": { "type": "Polygon", "coordinates": [ [ [ -104.999474766999981, 39.751807232000033 ], [ -104.999567108999941, 39.751734296000052 ], [ -104.999659449999967, 39.75166136100006 ], [ -104.999976522999987, 39.75190526800003 ], [ -104.999886630999981, 39.751976212000045 ], [ -104.999796737999986, 39.75204715600006 ], [ -104.999474766999981, 39.751807232000033 ] ] ] } },
{ "type": "Feature", "properties": { "Height": 20.6, "Neighborhood": "Union Station", "Floors": 6 }, "geometry": { "type": "Polygon", "coordinates": [ [ [ -105.003135629999974, 39.751110342000061 ], [ -105.002832492999971, 39.751344433000042 ], [ -105.00270687699998, 39.751246756000057 ], [ -105.003010013999983, 39.751012665000076 ], [ -105.003135629999974, 39.751110342000061 ] ] ] } },
{ "type": "Feature", "properties": { "Height": 27.6, "Neighborhood": "Union Station", "Floors": 8 }, "geometry": { "type": "Polygon", "coordinates": [ [ [ -105.00085304199996, 39.751200607000044 ], [ -105.00053666499997, 39.751440865000063 ], [ -105.000266988999954, 39.75122551000004 ], [ -105.000569121999945, 39.75098408000008 ], [ -105.00085304199996, 39.751200607000044 ] ] ] } },
{ "type": "Feature", "properties": { "Height": 52.76, "Neighborhood": "Union Station", "Floors": 15 }, "geometry": { "type": "Polygon", "coordinates": [ [ [ -105.003884055999947, 39.751138015000038 ], [ -105.004173734999938, 39.750906648000068 ], [ -105.004441955999937, 39.751114353000048 ], [ -105.004812818999937, 39.751401567000073 ], [ -105.004624345999957, 39.751546866000069 ], [ -105.004258825999955, 39.751264560000038 ], [ -105.004154958999948, 39.75134472700006 ], [ -105.003884055999947, 39.751138015000038 ] ], [ [ -105.004221474999952, 39.751102424000067 ], [ -105.004218141999957, 39.751141871000073 ], [ -105.004246172999956, 39.751120881000077 ], [ -105.004221474999952, 39.751102424000067 ] ] ] } },
{ "type": "Feature", "properties": { "Height": 31.82, "Neighborhood": "Union Station", "Floors": 9 }, "geometry": { "type": "Polygon", "coordinates": [ [ [ -105.001413133999961, 39.751218971000071 ], [ -105.001415300999952, 39.751220578000073 ], [ -105.001395329, 39.751237075000063 ], [ -105.00147646299996, 39.751304327000071 ], [ -105.001360235999982, 39.751396637000028 ], [ -105.001067884999941, 39.751174297000034 ], [ -105.001194830999964, 39.751079574000073 ], [ -105.001285086999985, 39.751148402000069 ], [ -105.001310165999939, 39.751129332000062 ], [ -105.001331162999975, 39.751144278000027 ], [ -105.001354708999941, 39.751127780000047 ], [ -105.00141498499994, 39.751179334000028 ], [ -105.001390631999982, 39.751198124000041 ], [ -105.001413133999961, 39.751218971000071 ] ] ] } },
{ "type": "Feature", "properties": { "Height": 30.89, "Neighborhood": "Union Station", "Floors": 9 }, "geometry": { "type": "Polygon", "coordinates": [ [ [ -105.000917228999981, 39.751748488000032 ], [ -105.000534927, 39.751448081000035 ], [ -105.00072920599996, 39.751298939000037 ], [ -105.000813957, 39.751363770000069 ], [ -105.001067884999941, 39.751174297000034 ], [ -105.001360235999982, 39.751396637000028 ], [ -105.000917228999981, 39.751748488000032 ] ] ] } },
{ "type": "Feature", "properties": { "Height": 26.49, "Neighborhood": "Union Station", "Floors": 8 }, "geometry": { "type": "Polygon", "coordinates": [ [ [ -105.00419451099998, 39.75142496400008 ], [ -105.00432442999994, 39.751324761000035 ], [ -105.004621254999961, 39.751555402000065 ], [ -105.004491337, 39.751655605000053 ], [ -105.00419451099998, 39.75142496400008 ] ] ] } },
{ "type": "Feature", "properties": { "Height": 41.98, "Neighborhood": "Union Station", "Floors": 12 }, "geometry": { "type": "Polygon", "coordinates": [ [ [ -105.002134518999981, 39.751112181000053 ], [ -105.002400781999938, 39.75132844400008 ], [ -105.002483357999949, 39.751395511000055 ], [ -105.002787022999939, 39.751642154000081 ], [ -105.002295707999963, 39.752012137000065 ], [ -105.001640659999964, 39.751481359000024 ], [ -105.002134518999981, 39.751112181000053 ] ] ] } },
{ "type": "Feature", "properties": { "Height": 37.16, "Neighborhood": "Union Station", "Floors": 11 }, "geometry": { "type": "Polygon", "coordinates": [ [ [ -105.003576532999944, 39.751917699000046 ], [ -105.003590818999953, 39.75190656500007 ], [ -105.003572042999963, 39.751888902000076 ], [ -105.003899272999945, 39.751631506000081 ], [ -105.003878166999982, 39.751616626000043 ], [ -105.003864403999955, 39.751626677000047 ], [ -105.003569360999961, 39.751396385000078 ], [ -105.003580719999945, 39.751385666000033 ], [ -105.00355058599996, 39.751359725000043 ], [ -105.003791639999974, 39.751177388000031 ], [ -105.003818806999959, 39.751198873000078 ], [ -105.003859039999952, 39.751170529000035 ], [ -105.004487988999983, 39.751657869000042 ], [ -105.003880496999955, 39.752128239000058 ], [ -105.003770663999944, 39.752042275000065 ], [ -105.003752707, 39.752055862000077 ], [ -105.003576532999944, 39.751917699000046 ] ] ] } },
{ "type": "Feature", "properties": { "Height": 50.4, "Neighborhood": "CBD", "Floors": 14 }, "geometry": { "type": "Polygon", "coordinates": [ [ [ -104.991240755999968, 39.751754235000078 ], [ -104.991074159999982, 39.751619195000046 ], [ -104.991591010999969, 39.751221446000045 ], [ -104.99176061999998, 39.75136036400005 ], [ -104.991529217, 39.75153560900003 ], [ -104.991497133999985, 39.751559993000058 ], [ -104.991240755999968, 39.751754235000078 ] ] ] } },
{ "type": "Feature", "properties": { "Height": 44.35, "Neighborhood": "CBD", "Floors": 13 }, "geometry": { "type": "Polygon", "coordinates": [ [ [ -104.991719232999969, 39.752127809000058 ], [ -104.991398803999971, 39.751880261000053 ], [ -104.991845296999941, 39.751536677000047 ], [ -104.992159115, 39.751793285000076 ], [ -104.991719232999969, 39.752127809000058 ] ] ] } },
{ "type": "Feature", "properties": { "Height": 64.23, "Neighborhood": "Union Station", "Floors": 18 }, "geometry": { "type": "Polygon", "coordinates": [ [ [ -104.993035838999958, 39.751955964000047 ], [ -104.993307301999948, 39.752166406000072 ], [ -104.993108258999939, 39.752319610000029 ], [ -104.992838333999941, 39.752110881000078 ], [ -104.993035838999958, 39.751955964000047 ] ] ] } },
{ "type": "Feature", "properties": { "Height": 22.44, "Neighborhood": "Union Station", "Floors": 6 }, "geometry": { "type": "Polygon", "coordinates": [ [ [ -105.000113836999958, 39.751796899000055 ], [ -104.999976522999987, 39.75190526800003 ], [ -104.999659449999967, 39.75166136100006 ], [ -104.999793765, 39.751555273000065 ], [ -105.000113836999958, 39.751796899000055 ] ] ] } },
{ "type": "Feature", "properties": { "Height": 23.76, "Neighborhood": "Union Station", "Floors": 7 }, "geometry": { "type": "Polygon", "coordinates": [ [ [ -105.000721891999945, 39.751893510000059 ], [ -105.000593779999974, 39.751991028000077 ], [ -105.000280915999952, 39.751750492000042 ], [ -105.000415998999983, 39.751646878000031 ], [ -105.000721891999945, 39.751893510000059 ] ] ] } },
{ "type": "Feature", "properties": { "Height": 23.93, "Neighborhood": "Union Station", "Floors": 7 }, "geometry": { "type": "Polygon", "coordinates": [ [ [ -105.005075376999969, 39.751995398000076 ], [ -105.004988111999978, 39.752062214000034 ], [ -105.004693068999984, 39.751832826000054 ], [ -105.005039073999967, 39.751564061000067 ], [ -105.005631841999957, 39.752007357000025 ], [ -105.005534664999971, 39.752082548000033 ], [ -105.005511938999973, 39.75210056700007 ], [ -105.005488064999952, 39.752119126000025 ], [ -105.005043315999956, 39.751791549000075 ], [ -105.004927653999971, 39.751881981000054 ], [ -105.005075376999969, 39.751995398000076 ] ] ] } },
{ "type": "Feature", "properties": { "Height": 41.11, "Neighborhood": "Union Station", "Floors": 12 }, "geometry": { "type": "Polygon", "coordinates": [ [ [ -105.000280915999952, 39.751750492000042 ], [ -105.000593779999974, 39.751991028000077 ], [ -105.00053203899995, 39.752038024000058 ], [ -105.000470297999982, 39.752085021000028 ], [ -105.000157453999975, 39.751845193000065 ], [ -105.000219185, 39.75179784200003 ], [ -105.000280915999952, 39.751750492000042 ] ] ] } },
{ "type": "Feature", "properties": { "Height": 52.11, "Neighborhood": "Union Station", "Floors": 15 }, "geometry": { "type": "Polygon", "coordinates": [ [ [ -105.001151524999955, 39.751920925000036 ], [ -105.001139526999964, 39.751910852000037 ], [ -105.001115309999989, 39.751892377000047 ], [ -105.001624665999941, 39.751513062000072 ], [ -105.001777212999968, 39.751636790000077 ], [ -105.001734320999958, 39.751671847000068 ], [ -105.002097197999944, 39.751966733000074 ], [ -105.00204800399996, 39.752005913000062 ], [ -105.002118532999987, 39.752065347000041 ], [ -105.001940563999938, 39.752201816000024 ], [ -105.001995934999968, 39.752247183000065 ], [ -105.00178594, 39.752403995000066 ], [ -105.001239805999944, 39.75198735400005 ], [ -105.001151524999955, 39.751920925000036 ] ] ] } },
{ "type": "Feature", "properties": { "Height": 46.26, "Neighborhood": "Union Station", "Floors": 13 }, "geometry": { "type": "Polygon", "coordinates": [ [ [ -105.000470297999982, 39.752085021000028 ], [ -105.000119390999942, 39.752352128000041 ], [ -104.999814679999986, 39.752108115000055 ], [ -105.000157453999975, 39.751845193000065 ], [ -105.000470297999982, 39.752085021000028 ] ] ] } },
{ "type": "Feature", "properties": { "Height": 22.16, "Neighborhood": "Union Station", "Floors": 6 }, "geometry": { "type": "Polygon", "coordinates": [ [ [ -104.999474766999981, 39.751807232000033 ], [ -104.999796737999986, 39.75204715600006 ], [ -104.99978417899996, 39.752057068000056 ], [ -104.999665834999973, 39.752150310000047 ], [ -104.999349251999945, 39.751906369000039 ], [ -104.999412009999958, 39.751856800000041 ], [ -104.999474766999981, 39.751807232000033 ] ] ] } },
{ "type": "Feature", "properties": { "Height": 23.16, "Neighborhood": "Union Station", "Floors": 7 }, "geometry": { "type": "Polygon", "coordinates": [ [ [ -104.99776671099994, 39.75207675200005 ], [ -104.997644476999938, 39.752172389000066 ], [ -104.99746976199998, 39.752037098000073 ], [ -104.997597129999974, 39.751938976000076 ], [ -104.99776671099994, 39.75207675200005 ] ] ] } },
{ "type": "Feature", "properties": { "Height": 29.15, "Neighborhood": "Union Station", "Floors": 8 }, "geometry": { "type": "Polygon", "coordinates": [ [ [ -104.999597727999969, 39.752203971000029 ], [ -104.999496928999974, 39.752283767000051 ], [ -104.999349407999944, 39.752400192000039 ], [ -104.999030224999956, 39.752158351000048 ], [ -104.999349251999945, 39.751906369000039 ], [ -104.999665834999973, 39.752150310000047 ], [ -104.999597727999969, 39.752203971000029 ] ] ] } },
{ "type": "Feature", "properties": { "Height": 27.39, "Neighborhood": "Union Station", "Floors": 8 }, "geometry": { "type": "Polygon", "coordinates": [ [ [ -104.998387340999955, 39.752352199000029 ], [ -104.998078976999977, 39.752114172000063 ], [ -104.998175418999949, 39.752040019000049 ], [ -104.998271860999978, 39.751965866000035 ], [ -104.998579767999956, 39.752207188000057 ], [ -104.99848355499995, 39.752279694000038 ], [ -104.998387340999955, 39.752352199000029 ] ], [ [ -104.998405533999971, 39.752226653000037 ], [ -104.998491766999962, 39.752156169000045 ], [ -104.998330431999989, 39.752029549000042 ], [ -104.998237234999976, 39.752101072000073 ], [ -104.998400168999979, 39.752222673000063 ], [ -104.998405533999971, 39.752226653000037 ] ] ] } },
{ "type": "Feature", "properties": { "Height": 31.33, "Neighborhood": "Union Station", "Floors": 9 }, "geometry": { "type": "Polygon", "coordinates": [ [ [ -104.998078976999977, 39.752114172000063 ], [ -104.998387340999955, 39.752352199000029 ], [ -104.998263765, 39.752445324000064 ], [ -104.998140189999958, 39.752538449000042 ], [ -104.997833314, 39.752303058000052 ], [ -104.997956145999979, 39.752208615000029 ], [ -104.998078976999977, 39.752114172000063 ] ] ] } },
{ "type": "Feature", "properties": { "Height": 26.4, "Neighborhood": "Union Station", "Floors": 8 }, "geometry": { "type": "Polygon", "coordinates": [ [ [ -104.997644476999938, 39.752172389000066 ], [ -104.99778023999994, 39.752277518000028 ], [ -104.997280741999987, 39.752664844000037 ], [ -104.996969927999942, 39.752422161000027 ], [ -104.99746976199998, 39.752037098000073 ], [ -104.997644476999938, 39.752172389000066 ] ] ] } },
{ "type": "Feature", "properties": { "Height": 26.6, "Neighborhood": "Union Station", "Floors": 8 }, "geometry": { "type": "Polygon", "coordinates": [ [ [ -104.999845193999988, 39.752282660000049 ], [ -104.999509368999952, 39.752546816000063 ], [ -104.99937328599998, 39.75243910100005 ], [ -104.999719290999963, 39.752183124000055 ], [ -104.999845193999988, 39.752282660000049 ] ] ] } },
{ "type": "Feature", "properties": { "Height": 20.78, "Neighborhood": "Union Station", "Floors": 6 }, "geometry": { "type": "Polygon", "coordinates": [ [ [ -105.004812889, 39.752085413000032 ], [ -105.004956328, 39.752201938000042 ], [ -105.004818610999962, 39.752303448000077 ], [ -105.004675171999963, 39.752186923000068 ], [ -105.004812889, 39.752085413000032 ] ] ] } },
{ "type": "Feature", "properties": { "Height": 48.69, "Neighborhood": "Union Station", "Floors": 14 }, "geometry": { "type": "Polygon", "coordinates": [ [ [ -105.003591383999947, 39.752299555000036 ], [ -105.00363161699994, 39.752326362000076 ], [ -105.003359132999947, 39.752531341000065 ], [ -105.003157370999986, 39.752683109000031 ], [ -105.003147235999961, 39.752670736000027 ], [ -105.003124679999985, 39.752685171000053 ], [ -105.003081763999944, 39.752687857000069 ], [ -105.003040010999939, 39.75267486100006 ], [ -105.003017212999964, 39.752643929000044 ], [ -105.003014708999956, 39.752614928000071 ], [ -105.002994699999988, 39.752612997000028 ], [ -105.002997156, 39.752553196000065 ], [ -105.002988505999951, 39.752489270000069 ], [ -105.002969890999964, 39.752437717000078 ], [ -105.002937686999985, 39.752379978000079 ], [ -105.002912413, 39.752293368000039 ], [ -105.002904603, 39.752250064000066 ], [ -105.002899373999981, 39.752170689000025 ], [ -105.002910102999977, 39.752094390000025 ], [ -105.002931560999968, 39.752026340000043 ], [ -105.002958382999964, 39.751972724000041 ], [ -105.00302275599995, 39.751891253000053 ], [ -105.003036166999948, 39.751880553000035 ], [ -105.003052259999947, 39.751888177000069 ], [ -105.003054941999949, 39.751828375000059 ], [ -105.003630298999951, 39.752270685000042 ], [ -105.003591383999947, 39.752299555000036 ] ] ] } },
{ "type": "Feature", "properties": { "Height": 25.08, "Neighborhood": "Union Station", "Floors": 7 }, "geometry": { "type": "Polygon", "coordinates": [ [ [ -105.00433798499995, 39.752506098000026 ], [ -105.00403801799996, 39.752285297000071 ], [ -105.004244694999954, 39.752152627000044 ], [ -105.00452844299997, 39.75235310100004 ], [ -105.004475205999938, 39.752395867000075 ], [ -105.00433798499995, 39.752506098000026 ] ] ] } },
{ "type": "Feature", "properties": { "Height": 26.54, "Neighborhood": "Union Station", "Floors": 8 }, "geometry": { "type": "Polygon", "coordinates": [ [ [ -105.001092178999954, 39.752738634000025 ], [ -105.000653834, 39.752398385000049 ], [ -105.000999670999988, 39.752136494000069 ], [ -105.001511624999978, 39.752545295000061 ], [ -105.001185714999963, 39.752790831000027 ], [ -105.001105742999982, 39.752730386000053 ], [ -105.001092178999954, 39.752738634000025 ] ] ] } },
{ "type": "Feature", "properties": { "Height": 22.0, "Neighborhood": "Union Station", "Floors": 6 }, "geometry": { "type": "Polygon", "coordinates": [ [ [ -105.006009257999949, 39.752648965000049 ], [ -105.005885875999979, 39.752552459000071 ], [ -105.005842960999985, 39.752583591000075 ], [ -105.005746400999953, 39.752505401000064 ], [ -105.006026285999951, 39.752289899000061 ], [ -105.00634733399994, 39.752543540000033 ], [ -105.00606632399996, 39.752758 ], [ -105.005979752999963, 39.752688319000072 ], [ -105.005969389999962, 39.75267997800006 ], [ -105.006009257999949, 39.752648965000049 ] ] ] } },
{ "type": "Feature", "properties": { "Height": 23.02, "Neighborhood": "Union Station", "Floors": 7 }, "geometry": { "type": "Polygon", "coordinates": [ [ [ -105.00433798499995, 39.752506098000026 ], [ -105.004475205999938, 39.752395867000075 ], [ -105.004684348999945, 39.752546590000065 ], [ -105.004567496999982, 39.752675038000064 ], [ -105.00433798499995, 39.752506098000026 ] ] ] } },
{ "type": "Feature", "properties": { "Height": 37.84, "Neighborhood": "Union Station", "Floors": 11 }, "geometry": { "type": "Polygon", "coordinates": [ [ [ -105.004642577999959, 39.752698672000065 ], [ -105.004981715999975, 39.752285934000042 ], [ -105.005041866999989, 39.752317180000034 ], [ -105.005035359999965, 39.752337672000067 ], [ -105.005138112999987, 39.75239141600008 ], [ -105.005122611, 39.752409975000035 ], [ -105.005158981999955, 39.752430596000067 ], [ -105.004823465999948, 39.752823284000044 ], [ -105.004714737999961, 39.752767390000031 ], [ -105.004732270999966, 39.752746914000056 ], [ -105.004642577999959, 39.752698672000065 ] ] ] } },
{ "type": "Feature", "properties": { "Height": 21.84, "Neighborhood": "Union Station", "Floors": 6 }, "geometry": { "type": "Polygon", "coordinates": [ [ [ -105.00638306899998, 39.752955107000048 ], [ -105.006257971999958, 39.752860250000026 ], [ -105.006238249999967, 39.752876747000073 ], [ -105.00614195299994, 39.752802511000027 ], [ -105.00640722199995, 39.752594237000039 ], [ -105.006730680999965, 39.752837567000029 ], [ -105.006465164999952, 39.753046888000029 ], [ -105.006378479999967, 39.752980513000068 ], [ -105.00636506799998, 39.752970244000039 ], [ -105.00638306899998, 39.752955107000048 ] ] ] } },
{ "type": "Feature", "properties": { "Height": 21.38, "Neighborhood": "Union Station", "Floors": 6 }, "geometry": { "type": "Polygon", "coordinates": [ [ [ -105.005328345999942, 39.753053957000077 ], [ -105.005572068, 39.75287043000003 ], [ -105.005566209999984, 39.752839498000071 ], [ -105.005506791999949, 39.752788069000076 ], [ -105.005538978999937, 39.752761637000049 ], [ -105.005514838999943, 39.752742792000049 ], [ -105.005654313999969, 39.752635148000024 ], [ -105.00594399199997, 39.752853102000074 ], [ -105.005479969999953, 39.753219154000078 ], [ -105.005337182999938, 39.753108131000033 ], [ -105.005365419999976, 39.753084889000036 ], [ -105.005328345999942, 39.753053957000077 ] ] ] } },
{ "type": "Feature", "properties": { "Height": 26.89, "Neighborhood": "Union Station", "Floors": 8 }, "geometry": { "type": "Polygon", "coordinates": [ [ [ -105.000034472999971, 39.752432299000077 ], [ -104.999689785999976, 39.752689624000027 ], [ -104.999509368999952, 39.752546816000063 ], [ -104.999845193999988, 39.752282660000049 ], [ -105.000034472999971, 39.752432299000077 ] ] ] } },
{ "type": "Feature", "properties": { "Height": 27.16, "Neighborhood": "Union Station", "Floors": 8 }, "geometry": { "type": "Polygon", "coordinates": [ [ [ -104.997875803999989, 39.752737687000035 ], [ -104.997579148999989, 39.752498481000032 ], [ -104.997833314, 39.752303058000052 ], [ -104.998140189999958, 39.752538449000042 ], [ -104.997875803999989, 39.752737687000035 ] ] ] } },
{ "type": "Feature", "properties": { "Height": 34.37, "Neighborhood": "Union Station", "Floors": 10 }, "geometry": { "type": "Polygon", "coordinates": [ [ [ -104.993320332999986, 39.752654111000027 ], [ -104.993773819999944, 39.75230274300003 ], [ -104.993921341999965, 39.752418440000042 ], [ -104.993468047999954, 39.752768015000072 ], [ -104.993320332999986, 39.752654111000027 ] ] ] } },
{ "type": "Feature", "properties": { "Height": 21.39, "Neighborhood": "Union Station", "Floors": 6 }, "geometry": { "type": "Polygon", "coordinates": [ [ [ -104.995828413999959, 39.752639875000057 ], [ -104.995836354999938, 39.752633856000045 ], [ -104.996065779, 39.752807177000079 ], [ -104.99602286399994, 39.752839796000046 ], [ -104.99597995, 39.75287241400008 ], [ -104.995667285999957, 39.752631308000048 ], [ -104.995743958999981, 39.75257235600003 ], [ -104.995828413999959, 39.752639875000057 ] ] ] } },
{ "type": "Feature", "properties": { "Height": 25.7, "Neighborhood": "Union Station", "Floors": 7 }, "geometry": { "type": "Polygon", "coordinates": [ [ [ -104.998619299999973, 39.752923624000061 ], [ -104.998433352999939, 39.753063658000031 ], [ -104.998152323999989, 39.75284741400003 ], [ -104.998345572999938, 39.75269985400007 ], [ -104.998619299999973, 39.752923624000061 ] ] ] } },
{ "type": "Feature", "properties": { "Height": 46.91, "Neighborhood": "Union Station", "Floors": 13 }, "geometry": { "type": "Polygon", "coordinates": [ [ [ -104.99597995, 39.75287241400008 ], [ -104.995544542999937, 39.753203361000033 ], [ -104.995241143999976, 39.752958959000068 ], [ -104.995667285999957, 39.752631308000048 ], [ -104.99597995, 39.75287241400008 ] ] ] } },
{ "type": "Feature", "properties": { "Height": 20.44, "Neighborhood": "Union Station", "Floors": 6 }, "geometry": { "type": "Polygon", "coordinates": [ [ [ -104.998950284999978, 39.753267144000063 ], [ -104.998663003, 39.753049918000045 ], [ -104.999235930999987, 39.752613094000026 ], [ -104.999510568999938, 39.752831095000033 ], [ -104.998950284999978, 39.753267144000063 ] ] ] } },
{ "type": "Feature", "properties": { "Height": 29.68, "Neighborhood": "Union Station", "Floors": 8 }, "geometry": { "type": "Polygon", "coordinates": [ [ [ -104.998433352999939, 39.753063658000031 ], [ -104.998109537999937, 39.753307519000032 ], [ -104.997837282999967, 39.75308797200006 ], [ -104.998152323999989, 39.75284741400003 ], [ -104.998433352999939, 39.753063658000031 ] ] ] } },
{ "type": "Feature", "properties": { "Height": 21.43, "Neighborhood": "Union Station", "Floors": 6 }, "geometry": { "type": "Polygon", "coordinates": [ [ [ -105.006710346999967, 39.752966281000056 ], [ -105.00681633, 39.752884408000057 ], [ -105.006863771999974, 39.752920808000056 ], [ -105.006761700999959, 39.753005015000042 ], [ -105.006710346999967, 39.752966281000056 ] ] ] } },
{ "type": "Feature", "properties": { "Height": 21.33, "Neighborhood": "Union Station", "Floors": 6 }, "geometry": { "type": "Polygon", "coordinates": [ [ [ -105.00691375699995, 39.752959158000067 ], [ -105.006812128999968, 39.753043051000077 ], [ -105.006786914999964, 39.753024033000031 ], [ -105.006761700999959, 39.753005015000042 ], [ -105.006863771999974, 39.752920808000056 ], [ -105.006888763999939, 39.752939983000033 ], [ -105.00691375699995, 39.752959158000067 ] ] ] } },
{ "type": "Feature", "properties": { "Height": 21.24, "Neighborhood": "Union Station", "Floors": 6 }, "geometry": { "type": "Polygon", "coordinates": [ [ [ -105.006836508999982, 39.753061439000078 ], [ -105.006812128999968, 39.753043051000077 ], [ -105.00691375699995, 39.752959158000067 ], [ -105.006940129999975, 39.752979393000032 ], [ -105.006966504, 39.752999628000055 ], [ -105.006860887999949, 39.753079828000068 ], [ -105.006836508999982, 39.753061439000078 ] ] ] } },
{ "type": "Feature", "properties": { "Height": 21.15, "Neighborhood": "Union Station", "Floors": 6 }, "geometry": { "type": "Polygon", "coordinates": [ [ [ -105.006860887999949, 39.753079828000068 ], [ -105.006966504, 39.752999628000055 ], [ -105.006992327999967, 39.753019441000049 ], [ -105.007018151999944, 39.753039254000043 ], [ -105.006915393999975, 39.753120940000031 ], [ -105.006888141, 39.753100384000049 ], [ -105.006860887999949, 39.753079828000068 ] ] ] } },
{ "type": "Feature", "properties": { "Height": 21.02, "Neighborhood": "Union Station", "Floors": 6 }, "geometry": { "type": "Polygon", "coordinates": [ [ [ -105.006964026, 39.753157620000025 ], [ -105.006939709999983, 39.753139280000028 ], [ -105.006915393999975, 39.753120940000031 ], [ -105.007018151999944, 39.753039254000043 ], [ -105.007042891999959, 39.753058235000026 ], [ -105.007067630999984, 39.753077216000065 ], [ -105.006964026, 39.753157620000025 ] ] ] } },
{ "type": "Feature", "properties": { "Height": 20.81, "Neighborhood": "Union Station", "Floors": 6 }, "geometry": { "type": "Polygon", "coordinates": [ [ [ -105.007020386999955, 39.753200131000028 ], [ -105.006964026, 39.753157620000025 ], [ -105.007067630999984, 39.753077216000065 ], [ -105.007123440999976, 39.753120035000052 ], [ -105.007020386999955, 39.753200131000028 ] ] ] } },
{ "type": "Feature", "properties": { "Height": 20.6, "Neighborhood": "Union Station", "Floors": 6 }, "geometry": { "type": "Polygon", "coordinates": [ [ [ -105.007047712999963, 39.753222761000075 ], [ -105.007152086999952, 39.753140698000038 ], [ -105.007201136999981, 39.753177572000027 ], [ -105.007097693, 39.753260334000061 ], [ -105.007047712999963, 39.753222761000075 ] ] ] } },
{ "type": "Feature", "properties": { "Height": 23.19, "Neighborhood": "Union Station", "Floors": 7 }, "geometry": { "type": "Polygon", "coordinates": [ [ [ -104.998600283999963, 39.753097737000076 ], [ -104.998663003, 39.753049918000045 ], [ -104.998950284999978, 39.753267144000063 ], [ -104.998889352999981, 39.753314565000039 ], [ -104.998828420999985, 39.753361987000062 ], [ -104.998537565999982, 39.75314555600005 ], [ -104.998600283999963, 39.753097737000076 ] ] ] } },
{ "type": "Feature", "properties": { "Height": 21.06, "Neighborhood": "Union Station", "Floors": 6 }, "geometry": { "type": "Polygon", "coordinates": [ [ [ -104.994787258999963, 39.753310531000068 ], [ -104.995044638999957, 39.753112422000072 ], [ -104.995357878, 39.753360348000058 ], [ -104.995113205999985, 39.753549876000079 ], [ -104.994787258999963, 39.753310531000068 ] ] ] } },
{ "type": "Feature", "properties": { "Height": 27.89, "Neighborhood": "Union Station", "Floors": 8 }, "geometry": { "type": "Polygon", "coordinates": [ [ [ -104.998828420999985, 39.753361987000062 ], [ -104.998502369999983, 39.753615740000043 ], [ -104.998219373999973, 39.753388159000053 ], [ -104.998537565999982, 39.75314555600005 ], [ -104.998828420999985, 39.753361987000062 ] ] ] } },
{ "type": "Feature", "properties": { "Height": 25.78, "Neighborhood": "Union Station", "Floors": 7 }, "geometry": { "type": "Polygon", "coordinates": [ [ [ -104.997940459999938, 39.753487857000039 ], [ -104.997635766999963, 39.753723384000068 ], [ -104.997326433999945, 39.753489363000028 ], [ -104.997642029999952, 39.753250716000025 ], [ -104.997940459999938, 39.753487857000039 ] ] ] } },
{ "type": "Feature", "properties": { "Height": 70.27, "Neighborhood": "Union Station", "Floors": 20 }, "geometry": { "type": "Polygon", "coordinates": [ [ [ -105.004500783999958, 39.753315078000071 ], [ -105.004174521999971, 39.753798900000049 ], [ -105.004129900999942, 39.753852514000073 ], [ -105.00415776899996, 39.753864887000077 ], [ -105.003993845999958, 39.754137081000067 ], [ -105.003661251999972, 39.753871446000062 ], [ -105.003619121999975, 39.753837796000028 ], [ -105.004036760999952, 39.75320731100004 ], [ -105.003713073999961, 39.752949318000049 ], [ -105.003656166999974, 39.752990560000057 ], [ -105.003508365999949, 39.752870958000074 ], [ -105.00342425499997, 39.752802908000035 ], [ -105.00379804499994, 39.75251862600004 ], [ -105.004605592999951, 39.753159652000079 ], [ -105.004562473999954, 39.753223577000028 ], [ -105.004500783999958, 39.753315078000071 ] ] ] } },
{ "type": "Feature", "properties": { "Height": 86.13, "Neighborhood": "Union Station", "Floors": 25 }, "geometry": { "type": "Polygon", "coordinates": [ [ [ -105.003515874999948, 39.753605055000037 ], [ -105.003433036, 39.753662793000046 ], [ -105.002911051999945, 39.753258623000079 ], [ -105.002954177999982, 39.753222135000044 ], [ -105.002930436999975, 39.753199960000074 ], [ -105.003203381999981, 39.752995688000055 ], [ -105.00370940199997, 39.753390597000077 ], [ -105.003595249999989, 39.753474406000066 ], [ -105.003598967999949, 39.753477205000024 ], [ -105.003612337999982, 39.753489578000028 ], [ -105.003487677999942, 39.753586496000025 ], [ -105.003515874999948, 39.753605055000037 ] ] ] } },
{ "type": "Feature", "properties": { "Height": 20.13, "Neighborhood": "Union Station", "Floors": 6 }, "geometry": { "type": "Polygon", "coordinates": [ [ [ -105.007354881999959, 39.753293151000037 ], [ -105.007380370999954, 39.753312313000038 ], [ -105.007405859999949, 39.753331474000049 ], [ -105.007297867999966, 39.753410817000031 ], [ -105.007273024999961, 39.753392141000063 ], [ -105.007248181999955, 39.753373465000038 ], [ -105.007354881999959, 39.753293151000037 ] ] ] } },
{ "type": "Feature", "properties": { "Height": 20.15, "Neighborhood": "Union Station", "Floors": 6 }, "geometry": { "type": "Polygon", "coordinates": [ [ [ -105.007350131999942, 39.753450107000049 ], [ -105.007297867999966, 39.753410817000031 ], [ -105.007405859999949, 39.753331474000049 ], [ -105.007454505999988, 39.753368044000069 ], [ -105.007350131999942, 39.753450107000049 ] ] ] } },
{ "type": "Feature", "properties": { "Height": 21.31, "Neighborhood": "Union Station", "Floors": 6 }, "geometry": { "type": "Polygon", "coordinates": [ [ [ -105.006525600999964, 39.753334584000072 ], [ -105.006361985999945, 39.753458877000071 ], [ -105.006018662999963, 39.753197444000079 ], [ -105.005973065999967, 39.753193056000043 ], [ -105.005827267999962, 39.753314140000043 ], [ -105.005817450999984, 39.753361569000049 ], [ -105.006414269999937, 39.753807018000032 ], [ -105.006375938999952, 39.753837833000034 ], [ -105.006228258999954, 39.753956559000073 ], [ -105.005435337999984, 39.753345986000056 ], [ -105.006005903999949, 39.752905844000054 ], [ -105.006498778999969, 39.753279049000071 ], [ -105.006479064999951, 39.753295582000078 ], [ -105.006525600999964, 39.753334584000072 ] ] ] } },
{ "type": "Feature", "properties": { "Height": 33.8, "Neighborhood": "Union Station", "Floors": 10 }, "geometry": { "type": "Polygon", "coordinates": [ [ [ -105.001023665, 39.752802829000075 ], [ -105.000398021999956, 39.753285361000053 ], [ -105.000567634999982, 39.753413211000066 ], [ -105.00116006199994, 39.752959549000025 ], [ -105.001393617999952, 39.753105958000049 ], [ -105.001513103999969, 39.753197820000025 ], [ -105.001608919999967, 39.753316108000035 ], [ -105.000356328999942, 39.754277802000047 ], [ -105.000192713999979, 39.754206835000048 ], [ -104.999999594999963, 39.754066108000075 ], [ -104.999902164, 39.753932856000063 ], [ -105.000444841999979, 39.753506412000036 ], [ -105.000275861999967, 39.753375455000025 ], [ -104.999726009999961, 39.753797450000036 ], [ -104.999538254999948, 39.753652958000032 ], [ -104.999854756, 39.753425167000046 ], [ -104.999807460999989, 39.753388466000047 ], [ -104.999869985999965, 39.753347224000038 ], [ -104.999686443999963, 39.753209063000043 ], [ -105.000214171999971, 39.752800338000043 ], [ -105.000401826999962, 39.752943052000035 ], [ -105.000460934999978, 39.752899238000055 ], [ -105.000498013999959, 39.752926574000071 ], [ -105.000807115999976, 39.752695599000049 ], [ -105.000844490999953, 39.752667675000055 ], [ -105.001023665, 39.752802829000075 ] ], [ [ -105.001179437999951, 39.753543123000043 ], [ -105.00121857399995, 39.753485176000027 ], [ -105.001209270999937, 39.753420247000065 ], [ -105.001174576999972, 39.753361659000063 ], [ -105.001118075999955, 39.753314903000046 ], [ -105.001051020999967, 39.75328255900007 ], [ -105.000971885999945, 39.753266802000041 ], [ -105.00089277099994, 39.753278980000061 ], [ -105.000787339999988, 39.753332789000069 ], [ -105.000627341999973, 39.753452391000053 ], [ -105.000348281999948, 39.753670542000066 ], [ -105.000207787999955, 39.753794697000046 ], [ -105.000185634, 39.753858621000063 ], [ -105.000196032999952, 39.753926670000055 ], [ -105.000243675999968, 39.753988335000031 ], [ -105.000318777999951, 39.754035172000044 ], [ -105.000420701999985, 39.754069005000076 ], [ -105.000514578999969, 39.754055175000076 ], [ -105.00061298199995, 39.753996781000069 ], [ -105.000774752999973, 39.753878110000073 ], [ -105.000978506999957, 39.753722524000068 ], [ -105.001115393999953, 39.753611612000043 ], [ -105.001179437999951, 39.753543123000043 ] ] ] } },
{ "type": "Feature", "properties": { "Height": 21.19, "Neighborhood": "Union Station", "Floors": 6 }, "geometry": { "type": "Polygon", "coordinates": [ [ [ -105.007163226999978, 39.753460109000059 ], [ -105.007216691999986, 39.753416598000058 ], [ -105.007322000999977, 39.753493081000045 ], [ -105.007268978999946, 39.753536231000055 ], [ -105.007163226999978, 39.753460109000059 ] ] ] } },
{ "type": "Feature", "properties": { "Height": 20.8, "Neighborhood": "Union Station", "Floors": 6 }, "geometry": { "type": "Polygon", "coordinates": [ [ [ -105.007268978999946, 39.753536231000055 ], [ -105.007244161999949, 39.753556428000024 ], [ -105.007219344999953, 39.753576624000061 ], [ -105.007115226999986, 39.75349917300008 ], [ -105.007139226999982, 39.753479641000069 ], [ -105.007163226999978, 39.753460109000059 ], [ -105.007268978999946, 39.753536231000055 ] ] ] } },
{ "type": "Feature", "properties": { "Height": 20.7, "Neighborhood": "Union Station", "Floors": 6 }, "geometry": { "type": "Polygon", "coordinates": [ [ [ -105.007115226999986, 39.75349917300008 ], [ -105.007219344999953, 39.753576624000061 ], [ -105.007173137999985, 39.75361422900005 ], [ -105.007067829999983, 39.753537746000063 ], [ -105.007115226999986, 39.75349917300008 ] ] ] } },
{ "type": "Feature", "properties": { "Height": 71.47, "Neighborhood": "Union Station", "Floors": 20 }, "geometry": { "type": "Polygon", "coordinates": [ [ [ -105.00120567, 39.753679279000039 ], [ -105.001730566, 39.753273367000077 ], [ -105.002030973999979, 39.753510522000056 ], [ -105.001513307999971, 39.753917729000079 ], [ -105.00120567, 39.753679279000039 ] ] ] } },
{ "type": "Feature", "properties": { "Height": 21.98, "Neighborhood": "Union Station", "Floors": 6 }, "geometry": { "type": "Polygon", "coordinates": [ [ [ -104.997635766999963, 39.753723384000068 ], [ -104.997412267999948, 39.75389614900007 ], [ -104.997368144999939, 39.753859032000037 ], [ -104.997403430999952, 39.753831627000068 ], [ -104.997146001999965, 39.753625801000055 ], [ -104.997326433999945, 39.753489363000028 ], [ -104.997635766999963, 39.753723384000068 ] ] ] } },
{ "type": "Feature", "properties": { "Height": 25.22, "Neighborhood": "Union Station", "Floors": 7 }, "geometry": { "type": "Polygon", "coordinates": [ [ [ -104.999139276999983, 39.753571557000043 ], [ -104.99938604, 39.753775714000028 ], [ -104.999431471999969, 39.753742031000058 ], [ -104.999635571999988, 39.753906998000048 ], [ -104.999254611999959, 39.754194402000053 ], [ -104.999136594999982, 39.754101353000067 ], [ -104.998805653999966, 39.753840426000068 ], [ -104.999139276999983, 39.753571557000043 ] ] ] } },
{ "type": "Feature", "properties": { "Height": 20.69, "Neighborhood": "Union Station", "Floors": 6 }, "geometry": { "type": "Polygon", "coordinates": [ [ [ -104.99803628899997, 39.753546978000031 ], [ -104.99830819899995, 39.753768948000072 ], [ -104.997672515999966, 39.754248952000069 ], [ -104.997581319999938, 39.754175433000057 ], [ -104.997403262999967, 39.754031887000053 ], [ -104.99803628899997, 39.753546978000031 ] ] ] } },
{ "type": "Feature", "properties": { "Height": 29.81, "Neighborhood": "Union Station", "Floors": 9 }, "geometry": { "type": "Polygon", "coordinates": [ [ [ -104.996941473, 39.753782776000037 ], [ -104.997263357999941, 39.754015791000029 ], [ -104.996954081999945, 39.754272458000059 ], [ -104.996631082999954, 39.754039445000046 ], [ -104.996941473, 39.753782776000037 ] ] ] } },
{ "type": "Feature", "properties": { "Height": 25.58, "Neighborhood": "Union Station", "Floors": 7 }, "geometry": { "type": "Polygon", "coordinates": [ [ [ -104.994903857999986, 39.754090498000039 ], [ -104.994987888999958, 39.754022450000036 ], [ -104.994946322999965, 39.753989457000046 ], [ -104.995027392999987, 39.753927594000061 ], [ -104.99532805299998, 39.754159705000063 ], [ -104.994864030999963, 39.75453862300003 ], [ -104.994549397999947, 39.754295163000052 ], [ -104.994858665999971, 39.754057451000051 ], [ -104.994903857999986, 39.754090498000039 ] ] ] } },
{ "type": "Feature", "properties": { "Height": 37.09, "Neighborhood": "Union Station", "Floors": 11 }, "geometry": { "type": "Polygon", "coordinates": [ [ [ -104.997939494999969, 39.754353509000055 ], [ -104.99851928399994, 39.753914701000042 ], [ -104.99882869299995, 39.754166135000048 ], [ -104.998249335999958, 39.754603495000026 ], [ -104.997939494999969, 39.754353509000055 ] ] ] } },
{ "type": "Feature", "properties": { "Height": 33.7, "Neighborhood": "Union Station", "Floors": 10 }, "geometry": { "type": "Polygon", "coordinates": [ [ [ -104.997294410999984, 39.754541929000027 ], [ -104.997000000999947, 39.754301310000073 ], [ -104.997323914999981, 39.754060245000062 ], [ -104.997616275999974, 39.754301460000079 ], [ -104.997294410999984, 39.754541929000027 ] ] ] } },
{ "type": "Feature", "properties": { "Height": 45.07, "Neighborhood": "Union Station", "Floors": 13 }, "geometry": { "type": "Polygon", "coordinates": [ [ [ -104.998320531, 39.754840588000036 ], [ -104.997997526999939, 39.75508949500005 ], [ -104.997509871999966, 39.754694624000081 ], [ -104.997812238999984, 39.754462424000053 ], [ -104.998167433, 39.754726684000047 ], [ -104.998320531, 39.754840588000036 ] ] ] } },
{ "type": "Feature", "properties": { "Height": 25.28, "Neighborhood": "Union Station", "Floors": 7 }, "geometry": { "type": "Polygon", "coordinates": [ [ [ -104.997245224999972, 39.755212561000064 ], [ -104.997325690999958, 39.755278332000046 ], [ -104.997226448999982, 39.755352284000026 ], [ -104.997139625999978, 39.755287908000071 ], [ -104.996958228999972, 39.755418338000027 ], [ -104.996802659999958, 39.755296599000076 ], [ -104.996904711999946, 39.755213674000061 ], [ -104.996882632999984, 39.755190992000053 ], [ -104.997280093999962, 39.754893010000046 ], [ -104.997458482999946, 39.755040906000033 ], [ -104.997245224999972, 39.755208264000032 ], [ -104.997245224999972, 39.755212561000064 ] ] ] } },
{ "type": "Feature", "properties": { "Height": 54.51, "Neighborhood": "Union Station", "Floors": 16 }, "geometry": { "type": "Polygon", "coordinates": [ [ [ -105.005138726999974, 39.754394169000079 ], [ -105.005238427999984, 39.754474093000056 ], [ -105.005296660999988, 39.754429224000035 ], [ -105.005196292999983, 39.754348803000028 ], [ -105.005301371999963, 39.754268383000067 ], [ -105.005371526999966, 39.754324059000055 ], [ -105.005412188999969, 39.754293128000029 ], [ -105.005576385999973, 39.754418496000028 ], [ -105.005619301999957, 39.754423116000055 ], [ -105.005654169999957, 39.754411804000028 ], [ -105.005693878999978, 39.754458093000039 ], [ -105.005848367999988, 39.754398293000065 ], [ -105.005804373999979, 39.754327491000026 ], [ -105.00531203099996, 39.753944638000064 ], [ -105.005097856999953, 39.754109604000064 ], [ -105.005167616999984, 39.754167342000073 ], [ -105.00510163499996, 39.754217629000038 ], [ -105.005061799999964, 39.75418796200006 ], [ -105.005037261999973, 39.754205623000075 ], [ -105.004975570999989, 39.754156463000072 ], [ -105.004929974, 39.754191242000047 ], [ -105.004905833999942, 39.754173528000081 ], [ -105.004873646999954, 39.754196814000068 ], [ -105.004769321999959, 39.754115790000071 ], [ -105.004696091999961, 39.754175590000045 ], [ -105.004715396999984, 39.75419370700007 ], [ -105.004694958999949, 39.754210645000057 ], [ -105.004852189999951, 39.75433115800007 ], [ -105.004873646999954, 39.754315157000065 ], [ -105.004927292, 39.754360348000034 ], [ -105.004638936999982, 39.754583878000062 ], [ -105.004324638999947, 39.75433643100007 ], [ -105.00443912999998, 39.754219975000069 ], [ -105.004411426, 39.754196211000078 ], [ -105.00464582099994, 39.754012941000042 ], [ -105.00463560999998, 39.754004438000038 ], [ -105.004618776999962, 39.753990003000069 ], [ -105.004964842999982, 39.753474950000054 ], [ -105.005053354999973, 39.753468023000039 ], [ -105.00547714399994, 39.753804144000071 ], [ -105.005414230999975, 39.753853906000074 ], [ -105.005496083999958, 39.753918814000031 ], [ -105.005627347999962, 39.753818236000029 ], [ -105.00575792099994, 39.753924017000031 ], [ -105.005632682999988, 39.754020787000059 ], [ -105.005710496999939, 39.754082284000049 ], [ -105.00571317899994, 39.754084406000061 ], [ -105.005827329999988, 39.753998252000031 ], [ -105.00632799899995, 39.754390045000036 ], [ -105.006241688999978, 39.754453969000053 ], [ -105.006214995999983, 39.754435410000042 ], [ -105.006104780999976, 39.754501017000052 ], [ -105.005129600999965, 39.754866380000067 ], [ -105.005085541999961, 39.754832523000061 ], [ -105.005040489999942, 39.754864318000045 ], [ -105.004991664999977, 39.754825957000037 ], [ -105.004959477999989, 39.75484867800003 ], [ -105.004759852999939, 39.754687309000076 ], [ -105.005138726999974, 39.754394169000079 ] ], [ [ -105.00510163499996, 39.753770699000029 ], [ -105.004979392999985, 39.753713685000037 ], [ -105.004870533999963, 39.753880408000043 ], [ -105.00491640499996, 39.753913707000038 ], [ -105.00510163499996, 39.753770699000029 ] ] ] } },
{ "type": "Feature", "properties": { "Height": 61.11, "Neighborhood": "Union Station", "Floors": 17 }, "geometry": { "type": "Polygon", "coordinates": [ [ [ -105.002048445999947, 39.753934242000071 ], [ -105.002088678999939, 39.753959722000047 ], [ -105.002145656999971, 39.753913811000075 ], [ -105.002697540999975, 39.754374786000028 ], [ -105.002374128999975, 39.754610790000072 ], [ -105.001815844999953, 39.754142701000035 ], [ -105.001804281999966, 39.754112819000056 ], [ -105.002048445999947, 39.753934242000071 ] ] ] } },
{ "type": "Feature", "properties": { "Height": 32.38, "Neighborhood": "Union Station", "Floors": 9 }, "geometry": { "type": "Polygon", "coordinates": [ [ [ -105.004371767999942, 39.755390132000059 ], [ -105.004213788999948, 39.755264159000035 ], [ -105.004251863999968, 39.755232995000028 ], [ -105.004191621999951, 39.755183506000037 ], [ -105.004256432999966, 39.755132650000064 ], [ -105.004122520999942, 39.755028853000056 ], [ -105.00408208999994, 39.755057880000038 ], [ -105.003956169, 39.755049473000042 ], [ -105.003867512999989, 39.755116414000042 ], [ -105.003830926999967, 39.755086590000076 ], [ -105.004095500999938, 39.754669370000045 ], [ -105.004594391999944, 39.755073312000036 ], [ -105.004607379, 39.755063908000068 ], [ -105.004646435999973, 39.755096900000069 ], [ -105.004640023999968, 39.755140203000053 ], [ -105.00445050899998, 39.755290732000049 ], [ -105.004371767999942, 39.755390132000059 ] ] ] } },
{ "type": "Feature", "properties": { "Height": 26.57, "Neighborhood": "Union Station", "Floors": 8 }, "geometry": { "type": "Polygon", "coordinates": [ [ [ -105.003597203999959, 39.755579452000063 ], [ -105.00352746599998, 39.755523371000038 ], [ -105.00363122899995, 39.755441875000031 ], [ -105.003691080999943, 39.75548580800006 ], [ -105.003946442999961, 39.755283098000064 ], [ -105.004047242999945, 39.755359393000049 ], [ -105.004058586999975, 39.755349083000056 ], [ -105.004098776999967, 39.755366412000058 ], [ -105.004148287999953, 39.755328463000069 ], [ -105.004192914999976, 39.755365579000056 ], [ -105.004163353999957, 39.755404758000054 ], [ -105.004141691999962, 39.755399217000047 ], [ -105.004109505999963, 39.755442501000061 ], [ -105.004091785999947, 39.75543568900008 ], [ -105.004080001999966, 39.755448061000038 ], [ -105.00409389899994, 39.755460433000053 ], [ -105.003864918999966, 39.755639829000074 ], [ -105.003933682999957, 39.755693442000052 ], [ -105.003858579999985, 39.755751179000072 ], [ -105.003839132999985, 39.755738807000057 ], [ -105.00381830799995, 39.755753241000036 ], [ -105.003752771999984, 39.755700278000063 ], [ -105.003771546999985, 39.755684285000029 ], [ -105.003720585999986, 39.755644865000079 ], [ -105.00361658199995, 39.755564414000048 ], [ -105.003597203999959, 39.755579452000063 ] ] ] } },
{ "type": "Feature", "properties": { "Height": 34.24, "Neighborhood": "Union Station", "Floors": 10 }, "geometry": { "type": "Polygon", "coordinates": [ [ [ -104.997226621999971, 39.755458341000065 ], [ -104.996783110999957, 39.755800781000062 ], [ -104.996810879999941, 39.755824276000055 ], [ -104.996757766999963, 39.755860580000046 ], [ -104.996702772, 39.755817278000052 ], [ -104.996690179999973, 39.755827712000041 ], [ -104.996574844999941, 39.755739308000045 ], [ -104.996913198999948, 39.755466733000048 ], [ -104.996893893, 39.755446113000062 ], [ -104.996944233999955, 39.75541105800005 ], [ -104.99695950399996, 39.755421368000043 ], [ -104.997140507999973, 39.755289398000059 ], [ -104.997269536999966, 39.755389684000079 ], [ -104.997226621999971, 39.75542327200003 ], [ -104.997207493999952, 39.755439927000054 ], [ -104.997226621999971, 39.755458341000065 ] ] ] } },
{ "type": "Feature", "properties": { "Height": 22.11, "Neighborhood": "Union Station", "Floors": 6 }, "geometry": { "type": "Polygon", "coordinates": [ [ [ -104.999356534999947, 39.755986522000057 ], [ -104.999279941999987, 39.756048614000065 ], [ -104.999061263999977, 39.755887915000073 ], [ -104.99909956099998, 39.755856870000059 ], [ -104.999055824999971, 39.755824730000029 ], [ -104.999132417999988, 39.755762638000078 ], [ -104.999176152999951, 39.755794778000052 ], [ -104.999367634999942, 39.75563954900008 ], [ -104.999586311999963, 39.755800247000025 ], [ -104.99950972, 39.755862338000043 ], [ -104.999553454999955, 39.755894478000073 ], [ -104.999400269999967, 39.756018661000041 ], [ -104.999356534999947, 39.755986522000057 ] ] ] } },
{ "type": "Feature", "properties": { "Height": 27.78, "Neighborhood": "Union Station", "Floors": 8 }, "geometry": { "type": "Polygon", "coordinates": [ [ [ -104.998663042999965, 39.757466439000041 ], [ -104.998057018999987, 39.756975827000076 ], [ -104.999089514, 39.756233297000051 ], [ -104.999672287999942, 39.756697281000072 ], [ -104.99879447099994, 39.757380763000072 ], [ -104.998663042999965, 39.757466439000041 ] ] ] } },
{ "type": "Feature", "properties": { "Height": 84.64, "Neighborhood": "Union Station", "Floors": 24 }, "geometry": { "type": "Polygon", "coordinates": [ [ [ -105.002625443999989, 39.756761139000048 ], [ -105.002716471999975, 39.756688692000068 ], [ -105.002619911999943, 39.756609748000074 ], [ -105.003155205999974, 39.756195829000035 ], [ -105.003129531999946, 39.756174839000039 ], [ -105.003263210999989, 39.75607417100008 ], [ -105.003287781999973, 39.756093711000062 ], [ -105.003348831999972, 39.756049426000061 ], [ -105.003760366999984, 39.756364914000073 ], [ -105.002928366, 39.756996030000039 ], [ -105.002625443999989, 39.756761139000048 ] ] ] } },
{ "type": "Feature", "properties": { "Height": 21.46, "Neighborhood": "Union Station", "Floors": 6 }, "geometry": { "type": "Polygon", "coordinates": [ [ [ -105.000453900999958, 39.75646676000008 ], [ -105.000545953999961, 39.756544193000025 ], [ -105.00040635, 39.756650278000052 ], [ -105.000666199999955, 39.756860601000028 ], [ -105.000897322999947, 39.756689855000047 ], [ -105.00049230999997, 39.756413633000079 ], [ -105.00111994699995, 39.755922291000047 ], [ -105.00130801499995, 39.756079103000047 ], [ -105.000875865999944, 39.756398149000063 ], [ -105.00106630199997, 39.756551413000068 ], [ -105.001385484999957, 39.756306463000044 ], [ -105.00128356099998, 39.75621946900003 ], [ -105.001404260999948, 39.756132644000047 ], [ -105.001684584999964, 39.756357474000026 ], [ -105.001503502, 39.75649088800003 ], [ -105.001688821999949, 39.75664203000008 ], [ -105.001551670999959, 39.756747192000034 ], [ -105.001592014999972, 39.756781309000075 ], [ -105.001157496999951, 39.757105331000048 ], [ -105.001210337999964, 39.757149279000032 ], [ -105.00106630199997, 39.757255436000037 ], [ -105.000808809999967, 39.757038927000053 ], [ -105.0006747, 39.75713604200007 ], [ -105.000133131999974, 39.756699866000076 ], [ -105.000453900999958, 39.75646676000008 ] ] ] } },
{ "type": "Feature", "properties": { "Height": 46.7, "Neighborhood": "Union Station", "Floors": 13 }, "geometry": { "type": "Polygon", "coordinates": [ [ [ -105.002317330999972, 39.756991025000048 ], [ -105.002363583999966, 39.757028835000028 ], [ -105.002339444999961, 39.757048388000044 ], [ -105.002379677999954, 39.757079781000073 ], [ -105.002505262999989, 39.756982777000076 ], [ -105.002709588999949, 39.757149355000024 ], [ -105.001706969999987, 39.757925098000044 ], [ -105.001503769999943, 39.757763804000035 ], [ -105.001618073999964, 39.757673539000052 ], [ -105.001475694999954, 39.757558069000027 ], [ -105.002234366999971, 39.756974529000047 ], [ -105.002285055999948, 39.757013707000056 ], [ -105.002317330999972, 39.756991025000048 ] ] ] } },
{ "type": "Feature", "properties": { "Height": 24.47, "Neighborhood": "Union Station", "Floors": 7 }, "geometry": { "type": "Polygon", "coordinates": [ [ [ -105.002726500999984, 39.757876594000038 ], [ -105.002417843999979, 39.757638802000031 ], [ -105.00288496099995, 39.75727762300005 ], [ -105.003226689999963, 39.757543532000057 ], [ -105.00277071499994, 39.757910647000074 ], [ -105.002726500999984, 39.757876594000038 ] ] ] } },
{ "type": "Feature", "properties": { "Height": 20.75, "Neighborhood": "Union Station", "Floors": 6 }, "geometry": { "type": "Polygon", "coordinates": [ [ [ -105.00322227099997, 39.757781425000076 ], [ -105.003162366999959, 39.75773335100007 ], [ -105.003305040999976, 39.757623398000078 ], [ -105.003365117999977, 39.757671611000035 ], [ -105.00322227099997, 39.757781425000076 ] ] ] } },
{ "type": "Feature", "properties": { "Height": 20.71, "Neighborhood": "Union Station", "Floors": 6 }, "geometry": { "type": "Polygon", "coordinates": [ [ [ -105.00342322399996, 39.757718243000056 ], [ -105.003281886999957, 39.75782926800008 ], [ -105.003252079, 39.757805347000044 ], [ -105.00322227099997, 39.757781425000076 ], [ -105.003365117999977, 39.757671611000035 ], [ -105.003394170999968, 39.757694927000045 ], [ -105.00342322399996, 39.757718243000056 ] ] ] } },
{ "type": "Feature", "properties": { "Height": 20.66, "Neighborhood": "Union Station", "Floors": 6 }, "geometry": { "type": "Polygon", "coordinates": [ [ [ -105.003485919999946, 39.757768557000077 ], [ -105.003345183999954, 39.757880065000052 ], [ -105.003313534999961, 39.757854667000061 ], [ -105.003281886999957, 39.75782926800008 ], [ -105.00342322399996, 39.757718243000056 ], [ -105.003454571999953, 39.757743400000038 ], [ -105.003485919999946, 39.757768557000077 ] ] ] } },
{ "type": "Feature", "properties": { "Height": 20.62, "Neighborhood": "Union Station", "Floors": 6 }, "geometry": { "type": "Polygon", "coordinates": [ [ [ -105.003552714999955, 39.757822162000025 ], [ -105.003408473999968, 39.757930857000076 ], [ -105.003376829, 39.757905461000064 ], [ -105.003345183999954, 39.757880065000052 ], [ -105.003485919999946, 39.757768557000077 ], [ -105.003519316999984, 39.757795360000046 ], [ -105.003552714999955, 39.757822162000025 ] ] ] } },
{ "type": "Feature", "properties": { "Height": 20.57, "Neighborhood": "Union Station", "Floors": 6 }, "geometry": { "type": "Polygon", "coordinates": [ [ [ -105.003470065999977, 39.757980285000031 ], [ -105.003408473999968, 39.757930857000076 ], [ -105.003552714999955, 39.757822162000025 ], [ -105.003612737999958, 39.757870331000049 ], [ -105.003470065999977, 39.757980285000031 ] ] ] } },
{ "type": "Feature", "properties": { "Height": 20.24, "Neighborhood": "Union Station", "Floors": 6 }, "geometry": { "type": "Polygon", "coordinates": [ [ [ -105.002905902999942, 39.758024426000077 ], [ -105.002845640999965, 39.757977771000071 ], [ -105.002980201999947, 39.757873951000079 ], [ -105.003037836999965, 39.757918572000051 ], [ -105.002905902999942, 39.758024426000077 ] ] ] } },
{ "type": "Feature", "properties": { "Height": 20.11, "Neighborhood": "Union Station", "Floors": 6 }, "geometry": { "type": "Polygon", "coordinates": [ [ [ -105.003102240999965, 39.75796843300003 ], [ -105.002966262999962, 39.758071157000074 ], [ -105.002936082999952, 39.758047791000024 ], [ -105.002905902999942, 39.758024426000077 ], [ -105.003037836999965, 39.757918572000051 ], [ -105.003070038999965, 39.757943503000035 ], [ -105.003102240999965, 39.75796843300003 ] ] ] } },
{ "type": "Feature", "properties": { "Height": 21.11, "Neighborhood": "Union Station", "Floors": 6 }, "geometry": { "type": "Polygon", "coordinates": [ [ [ -105.001876117999984, 39.758055682000077 ], [ -105.002343872999973, 39.757696313000054 ], [ -105.002695415999938, 39.75797211400004 ], [ -105.002229776999968, 39.758329333000063 ], [ -105.001876117999984, 39.758055682000077 ] ] ] } },
{ "type": "Feature", "properties": { "Height": 20.0, "Neighborhood": "Union Station", "Floors": 6 }, "geometry": { "type": "Polygon", "coordinates": [ [ [ -105.003159956, 39.758013117000075 ], [ -105.003026256999988, 39.758117604000063 ], [ -105.002996259999975, 39.758094381000035 ], [ -105.002966262999962, 39.758071157000074 ], [ -105.003102240999965, 39.75796843300003 ], [ -105.003131098999972, 39.757990775000053 ], [ -105.003159956, 39.758013117000075 ] ] ] } },
{ "type": "Feature", "properties": { "Height": 20.0, "Neighborhood": "Union Station", "Floors": 6 }, "geometry": { "type": "Polygon", "coordinates": [ [ [ -105.003222254999969, 39.758061348000069 ], [ -105.003087449999953, 39.75816498000006 ], [ -105.003056853999965, 39.758141292000062 ], [ -105.003026256999988, 39.758117604000063 ], [ -105.003159956, 39.758013117000075 ], [ -105.003191105999974, 39.758037233000039 ], [ -105.003222254999969, 39.758061348000069 ] ] ] } },
{ "type": "Feature", "properties": { "Height": 25.29, "Neighborhood": "Union Station", "Floors": 7 }, "geometry": { "type": "Polygon", "coordinates": [ [ [ -105.001321264999945, 39.758925178000027 ], [ -105.001322251999966, 39.758891425000058 ], [ -105.001263242999983, 39.758845997000037 ], [ -105.001236458999983, 39.758846825000035 ], [ -105.001233738999986, 39.758873952000044 ], [ -105.000858119999975, 39.758865382000067 ], [ -105.000858229999949, 39.758793783000044 ], [ -105.000752916999943, 39.758791152000072 ], [ -105.000761669999974, 39.758594499000026 ], [ -105.000815625999962, 39.758595269000068 ], [ -105.000823360999959, 39.758426880000059 ], [ -105.001526709999951, 39.758434437000062 ], [ -105.001523417999977, 39.758499732000075 ], [ -105.001493247999974, 39.758500420000075 ], [ -105.001493913, 39.758514502000025 ], [ -105.00154755799997, 39.758556188000057 ], [ -105.001562486999944, 39.758551968000063 ], [ -105.001563650999969, 39.75853866500006 ], [ -105.001982724999948, 39.758539596000048 ], [ -105.00204101099996, 39.758498358000054 ], [ -105.002385687999947, 39.75877465700006 ], [ -105.002071822999937, 39.759007655000062 ], [ -105.001797163, 39.759327252000048 ], [ -105.001196216999972, 39.759026448000043 ], [ -105.001282018999973, 39.758924810000053 ], [ -105.001321264999945, 39.758925178000027 ] ], [ [ -105.001788955999984, 39.759008929000061 ], [ -105.001806810999938, 39.758987036000065 ], [ -105.001786273999983, 39.75897466400005 ], [ -105.001874050999959, 39.758873630000039 ], [ -105.001991152999949, 39.758784967000054 ], [ -105.002008997999951, 39.758799400000044 ], [ -105.002027153999961, 39.758784967000054 ], [ -105.002027672999986, 39.75873191900007 ], [ -105.001990121999938, 39.758702744000061 ], [ -105.001956075999942, 39.758702489000029 ], [ -105.001955252999949, 39.758723234000058 ], [ -105.001609195999947, 39.75871898500003 ], [ -105.001609247999966, 39.758710286000053 ], [ -105.001587790999963, 39.758709909000061 ], [ -105.001539184999956, 39.758747852000056 ], [ -105.001534146999973, 39.758901233000074 ], [ -105.00154755799997, 39.758930236000026 ], [ -105.001566332999971, 39.758937549000052 ], [ -105.001584644, 39.758915999000067 ], [ -105.001730922999968, 39.758993221000026 ], [ -105.001699103999954, 39.759017965000055 ], [ -105.001711171999943, 39.759025449000035 ], [ -105.001788955999984, 39.759008929000061 ] ] ] } }
]
}
