{"type": "FeatureCollection", "features": [{"type": "Feature", "properties": {"name": "North Valley Highway", "highway": "motorway"}, "geometry": {"type": "LineString", "coordinates": [[-105.0156219, 39.7339752], [-105.0156667, 39.7338306], [-105.0157023, 39.7337048], [-105.01574, 39.7335643], [-105.0157698, 39.733438], [-105.0157958, 39.7333046], [-105.0158197, 39.7331714], [-105.0158406, 39.7330134], [-105.0158552, 39.7328565], [-105.0158641, 39.7327201], [-105.0158712, 39.7325756], [-105.0158771, 39.7324386], [-105.0158822, 39.7323028], [-105.0158829, 39.7321863], [-105.0158799, 39.732071], [-105.0158714, 39.7319516], [-105.015854, 39.731791]]}}, {"type": "Feature", "properties": {"name": "West 13th Avenue", "highway": "secondary"}, "geometry": {"type": "LineString", "coordinates": [[-104.9873917, 39.736848], [-104.9875758, 39.7368524], [-104.9888505, 39.7368506], [-104.9891127, 39.7368511], [-104.9894348, 39.7368517], [-104.9895532, 39.7368519], [-104.990132, 39.7368529], [-104.9902547, 39.7368531], [-104.9903823, 39.7368533], [-104.9909842, 39.7368544], [-104.991551, 39.7368554], [-104.9916504, 39.7368556]]}}, {"type": "Feature", "properties": {"name": "Chestnut Place", "highway": "residential"}, "geometry": {"type": "LineString", "coordinates": [[-105.0034017, 39.7539711], [-105.0033538, 39.754018], [-105.0033266, 39.754039], [-105.0029473, 39.7543324], [-105.002925, 39.7543496], [-105.0028612, 39.7543989], [-105.0027026, 39.7545216]]}}, {"type": "Feature", "properties": {"name": "Wazee Street", "highway": "residential"}, "geometry": {"type": "LineString", "coordinates": [[-105.0024961, 39.7490446], [-105.0024543, 39.7491193]]}}, {"type": "Feature", "properties": {"name": "North Wyandot Street", "highway": "secondary"}, "geometry": {"type": "LineString", "coordinates": [[-105.0140021, 39.7293158], [-105.0139952, 39.7294144], [-105.0139911, 39.7294743], [-105.0139849, 39.7297151]]}}, {"type": "Feature", "properties": {"name": "Wyandot Street", "highway": "residential"}, "geometry": {"type": "LineString", "coordinates": [[-105.0144878, 39.7564667], [-105.0144878, 39.7565455], [-105.0144877, 39.7565643], [-105.0144875, 39.7566698], [-105.0144875, 39.7567038], [-105.0144871, 39.7571123], [-105.0144868, 39.7571862]]}}, {"type": "Feature", "properties": {"name": "Wewatta Street", "highway": "tertiary"}, "geometry": {"type": "LineString", "coordinates": [[-104.9936731, 39.7593681], [-104.9938177, 39.7592645]]}}, {"type": "Feature", "properties": {"name": "Huron Street", "highway": "residential"}, "geometry": {"type": "LineString", "coordinates": [[-104.9971278, 39.7584269], [-104.9971272, 39.7585032], [-104.9971272, 39.7585184], [-104.9971278, 39.7587621], [-104.997128, 39.7588214], [-104.9971291, 39.7592732], [-104.9971298, 39.7596031], [-104.9971307, 39.7600844], [-104.9971316, 39.7602327], [-104.9971327, 39.760666], [-104.9971329, 39.7607486], [-104.9971332, 39.7608694], [-104.9971344, 39.7612]]}}, {"type": "Feature", "properties": {"name": "Cherokee Street", "highway": "tertiary"}, "geometry": {"type": "LineString", "coordinates": [[-104.9916584, 39.7320578], [-104.991691, 39.7319748], [-104.9917167, 39.7319311], [-104.9917422, 39.7319002], [-104.9917757, 39.7318723], [-104.9918334, 39.7318435], [-104.991879, 39.7318239], [-104.991909, 39.7318125], [-104.991946, 39.7318012], [-104.9919925, 39.7317917]]}}, {"type": "Feature", "properties": {"name": "Welton Street", "highway": "tertiary"}, "geometry": {"type": "LineString", "coordinates": [[-104.9964859, 39.74015], [-104.996487, 39.7402432], [-104.9964876, 39.7403588], [-104.9964849, 39.7403977], [-104.9964788, 39.7404327], [-104.9964684, 39.7404598], [-104.9964555, 39.7404852], [-104.9964304, 39.7405315]]}}, {"type": "Feature", "properties": {"name": "14th Street", "highway": "secondary"}, "geometry": {"type": "LineString", "coordinates": [[-105.001398, 39.7488118], [-105.0013572, 39.7487579], [-105.00134, 39.7487351], [-105.0011889, 39.7485192], [-105.0010939, 39.7483839], [-105.001051, 39.7483282], [-105.0010253, 39.7482985]]}}, {"type": "Feature", "properties": {"name": "Walnut Street", "highway": "secondary"}, "geometry": {"type": "LineString", "coordinates": [[-104.9898601, 39.7564388], [-104.9897755, 39.7565043], [-104.9894592, 39.756747], [-104.9887406, 39.7572995], [-104.9886472, 39.7573713], [-104.9885597, 39.757438], [-104.9884818, 39.7574972], [-104.9883654, 39.7575875], [-104.9881046, 39.7577865]]}}, {"type": "Feature", "properties": {"name": "North Mariposa Street", "highway": "tertiary"}, "geometry": {"type": "LineString", "coordinates": [[-105.0028305, 39.7400228], [-105.0028458, 39.7401609]]}}, {"type": "Feature", "properties": {"name": "Osage Street", "highway": "residential"}, "geometry": {"type": "LineString", "coordinates": [[-105.0052471, 39.7321412], [-105.005267, 39.7321662], [-105.0052783, 39.7321918], [-105.0052812, 39.7322099], [-105.0052833, 39.7322231], [-105.0052833, 39.7322322], [-105.0052834, 39.7324011], [-105.0052834, 39.7325823], [-105.0052835, 39.7329547], [-105.0052837, 39.7336067], [-105.0052837, 39.7337061]]}}, {"type": "Feature", "properties": {"name": "Elati Street", "highway": "residential"}, "geometry": {"type": "LineString", "coordinates": [[-104.9941204, 39.7384589], [-104.9941203, 39.7384317], [-104.99412, 39.7383668], [-104.9941213, 39.7379164], [-104.9941215, 39.7377879], [-104.9941216, 39.7377308], [-104.9941222, 39.7373812], [-104.9941225, 39.7371749], [-104.9941228, 39.7369717], [-104.9941228, 39.7369628], [-104.9941226, 39.7368955], [-104.994123, 39.7368587], [-104.9941231, 39.7367661], [-104.9941231, 39.7367541], [-104.9941242, 39.7360835], [-104.9941249, 39.7356504], [-104.9941252, 39.7354506], [-104.9941253, 39.735383], [-104.9941253, 39.7353706], [-104.9941255, 39.7352631]]}}, {"type": "Feature", "properties": {"name": "Elati Street", "highway": "tertiary"}, "geometry": {"type": "LineString", "coordinates": [[-104.9940173, 39.725689], [-104.9940186, 39.7257813], [-104.9940343, 39.7272471], [-104.9940344, 39.7272818], [-104.9940353, 39.727339], [-104.9940363, 39.7274349], [-104.9940504, 39.7287562], [-104.9940513, 39.7288392], [-104.9940522, 39.7289235], [-104.9940533, 39.7290244], [-104.9940628, 39.7299143], [-104.9940657, 39.7301903], [-104.994068, 39.7304506], [-104.9940683, 39.7305285]]}}, {"type": "Feature", "properties": {"name": "Vallejo Street", "highway": "residential"}, "geometry": {"type": "LineString", "coordinates": [[-105.0131497, 39.7568505], [-105.0131493, 39.757103], [-105.0131493, 39.7571125], [-105.0131493, 39.7571882], [-105.0131495, 39.7572679], [-105.0131495, 39.7572821], [-105.0131491, 39.7575332], [-105.0131487, 39.7577561], [-105.0131486, 39.7578846], [-105.0131484, 39.758053], [-105.0131483, 39.7583046], [-105.0131483, 39.7583199], [-105.013148, 39.7584052]]}}, {"type": "Feature", "properties": {"name": "17th Street", "highway": "residential"}, "geometry": {"type": "LineString", "coordinates": [[-105.0068814, 39.7583197], [-105.0069731, 39.7583911], [-105.0073829, 39.75871]]}}, {"type": "Feature", "properties": {"name": "Wewatta Street", "highway": "tertiary"}, "geometry": {"type": "LineString", "coordinates": [[-104.9987465, 39.7557902], [-104.9985972, 39.7558176], [-104.9983381, 39.7560165], [-104.9981278, 39.7561788], [-104.998036, 39.7562273], [-104.9979442, 39.7562758], [-104.9974566, 39.7564685]]}}, {"type": "Feature", "properties": {"name": "Delgany Street", "highway": "residential"}, "geometry": {"type": "LineString", "coordinates": [[-104.9970488, 39.7575759], [-104.9970456, 39.7575894], [-104.9970393, 39.7576022], [-104.997022, 39.7576214], [-104.9969705, 39.7576611], [-104.9969439, 39.7576813], [-104.9962775, 39.7581806], [-104.9962504, 39.7582082], [-104.9962289, 39.7582386], [-104.9962209, 39.7582533], [-104.9962143, 39.7582685], [-104.9962086, 39.7582853], [-104.9962064, 39.7582982], [-104.9962052, 39.7583055], [-104.996202, 39.7583296], [-104.996202, 39.7583624], [-104.9962029, 39.7584264]]}}, {"type": "Feature", "properties": {"name": "North Speer Boulevard", "highway": "primary"}, "geometry": {"type": "LineString", "coordinates": [[-104.9970611, 39.7376617], [-104.9969528, 39.7375132], [-104.996531, 39.7369343], [-104.9965063, 39.7369013], [-104.9964751, 39.7368596]]}}, {"type": "Feature", "properties": {"name": "West Colfax Avenue", "highway": "primary"}, "geometry": {"type": "LineString", "coordinates": [[-104.987401, 39.7401457], [-104.9875547, 39.7401475], [-104.9876769, 39.740149], [-104.9877597, 39.74015], [-104.9878253, 39.7401552], [-104.987885, 39.7401664], [-104.9879429, 39.7401817], [-104.9880111, 39.7402119], [-104.9880785, 39.7402443], [-104.988124, 39.7402717]]}}, {"type": "Feature", "properties": {"name": "West 11th Avenue", "highway": "residential"}, "geometry": {"type": "LineString", "coordinates": [[-105.0001613, 39.7336986], [-105.000309, 39.7336988], [-105.0009061, 39.7336996], [-105.0014767, 39.7337003], [-105.00159, 39.7337004]]}}, {"type": "Feature", "properties": {"name": "Inca Street", "highway": "residential"}, "geometry": {"type": "LineString", "coordinates": [[-104.9984549, 39.7584275], [-104.9984554, 39.7585016], [-104.9984556, 39.758522], [-104.998463, 39.7595216], [-104.9984691, 39.7603378], [-104.9984715, 39.7606552]]}}, {"type": "Feature", "properties": {"name": "18th Street", "highway": "secondary"}, "geometry": {"type": "LineString", "coordinates": [[-104.9880305, 39.7457035], [-104.9881098, 39.7457653], [-104.9882683, 39.7458886], [-104.9884787, 39.7460525], [-104.9888235, 39.746321], [-104.9889045, 39.7463841]]}}, {"type": "Feature", "properties": {"name": "Court Place", "highway": "tertiary"}, "geometry": {"type": "LineString", "coordinates": [[-104.9916442, 39.7400018], [-104.9916422, 39.7401229], [-104.9916333, 39.7401776], [-104.9916266, 39.7401972], [-104.9916224, 39.7402193], [-104.9916084, 39.7402513], [-104.9915757, 39.7402828], [-104.9915381, 39.7403158]]}}, {"type": "Feature", "properties": {"name": "Glenarm Place", "highway": "tertiary"}, "geometry": {"type": "LineString", "coordinates": [[-104.9873867, 39.7461478], [-104.9875117, 39.7460993], [-104.9875376, 39.7460893], [-104.987645, 39.7460045], [-104.987775, 39.7459031]]}}, {"type": "Feature", "properties": {"name": "West 28th Avenue", "highway": "residential"}, "geometry": {"type": "LineString", "coordinates": [[-105.0158334, 39.7571855], [-105.0157117, 39.7571847], [-105.015685, 39.7571848], [-105.0153277, 39.7571857], [-105.0153096, 39.7571857], [-105.0151588, 39.7571858], [-105.0145922, 39.7571865], [-105.0144868, 39.7571862]]}}, {"type": "Feature", "properties": {"name": "Bassett Circle", "highway": "residential"}, "geometry": {"type": "LineString", "coordinates": [[-105.0059405, 39.7547236], [-105.0058832, 39.7546305], [-105.0058645, 39.7546], [-105.0058479, 39.7545731]]}}, {"type": "Feature", "properties": {"name": "West 10th Avenue", "highway": "tertiary"}, "geometry": {"type": "LineString", "coordinates": [[-104.990265, 39.7320542], [-104.990151, 39.7320538], [-104.990125, 39.7320537], [-104.9895413, 39.7320514], [-104.988968, 39.7320539], [-104.9888519, 39.7320544]]}}, {"type": "Feature", "properties": {"name": "West Dunkeld Place", "highway": "residential"}, "geometry": {"type": "LineString", "coordinates": [[-105.0158442, 39.7589159], [-105.0159832, 39.7589715], [-105.0160007, 39.7589781], [-105.0169062, 39.7593341], [-105.0170225, 39.7593765], [-105.0171208, 39.7594063], [-105.0172053, 39.7594269], [-105.0173099, 39.7594465], [-105.0174467, 39.759464], [-105.0178994, 39.7595054], [-105.0180382, 39.7595212], [-105.0182131, 39.7595525], [-105.0183703, 39.7595796], [-105.0185031, 39.7596085], [-105.0186117, 39.7596415], [-105.0187898, 39.7597001], [-105.0189184, 39.7597505], [-105.0190455, 39.7598061]]}}, {"type": "Feature", "properties": {"name": "7th Street", "highway": "secondary"}, "geometry": {"type": "LineString", "coordinates": [[-105.0052417, 39.7402359], [-105.0052341, 39.7403142], [-105.0052347, 39.7403964], [-105.005235, 39.7404375], [-105.0052359, 39.740574]]}}, {"type": "Feature", "properties": {"name": "West 12th Avenue", "highway": "residential"}, "geometry": {"type": "LineString", "coordinates": [[-104.9975928, 39.7352782], [-104.9976822, 39.7352784], [-104.9981652, 39.7352798], [-104.9983697, 39.7352804], [-104.9985823, 39.735281], [-104.9986793, 39.7352813], [-104.9987808, 39.7352816], [-104.9990627, 39.7352824], [-104.9994264, 39.7352834]]}}, {"type": "Feature", "properties": {"name": "West 12th Avenue", "highway": "tertiary"}, "geometry": {"type": "LineString", "coordinates": [[-104.987396, 39.7352771], [-104.9875788, 39.7352714], [-104.9877433, 39.7352704], [-104.9879653, 39.7352646], [-104.9881529, 39.7352645]]}}, {"type": "Feature", "properties": {"name": "Galapago Street", "highway": "tertiary"}, "geometry": {"type": "LineString", "coordinates": [[-104.9964627, 39.7384591], [-104.9964641, 39.7385624], [-104.9964677, 39.7388265], [-104.9964706, 39.7390348], [-104.9964726, 39.739185], [-104.996477, 39.7395036]]}}, {"type": "Feature", "properties": {"name": "Galapago Street", "highway": "tertiary"}, "geometry": {"type": "LineString", "coordinates": [[-104.9968679, 39.7354342], [-104.9968204, 39.7353707], [-104.9966137, 39.7350942], [-104.9964663, 39.7348969], [-104.996431, 39.7348427], [-104.9963934, 39.7347715], [-104.9963675, 39.7347027], [-104.9963545, 39.7346508], [-104.9963451, 39.7345993], [-104.9963411, 39.7345539], [-104.9963422, 39.734504], [-104.9963489, 39.7344514], [-104.9963585, 39.7343924], [-104.9963746, 39.7343301], [-104.9964416, 39.7341506], [-104.9964861, 39.7340211], [-104.9964957, 39.7339746], [-104.9965012, 39.7339378], [-104.9965037, 39.7337961], [-104.996504, 39.7337771], [-104.9965056, 39.7336903]]}}, {"type": "Feature", "properties": {"name": "Galapago Street", "highway": "residential"}, "geometry": {"type": "LineString", "coordinates": [[-104.9965043, 39.7584266], [-104.9965038, 39.7585039], [-104.9965038, 39.7585232], [-104.9965027, 39.7589752], [-104.996502, 39.7592731], [-104.9965012, 39.7596021], [-104.9965011, 39.7596345], [-104.9965015, 39.7597204]]}}, {"type": "Feature", "properties": {"name": "Market Street", "highway": "secondary"}, "geometry": {"type": "LineString", "coordinates": [[-104.9970843, 39.7508067], [-104.9970273, 39.7508507], [-104.9970022, 39.7508701], [-104.996484, 39.7512732], [-104.9960619, 39.7516009], [-104.9959559, 39.7516839], [-104.9959157, 39.7517136]]}}, {"type": "Feature", "properties": {"name": "West 27th Avenue", "highway": "residential"}, "geometry": {"type": "LineString", "coordinates": [[-105.0131497, 39.7568505], [-105.0131739, 39.7568185], [-105.0132088, 39.7567979], [-105.013295, 39.7567676], [-105.0134377, 39.7567236], [-105.0134877, 39.7567082], [-105.0135977, 39.7566649], [-105.0137453, 39.7566022], [-105.0137774, 39.7565886], [-105.0139303, 39.756535], [-105.0140564, 39.7565041], [-105.0141891, 39.7564845], [-105.0143326, 39.7564721], [-105.0144878, 39.7564667]]}}, {"type": "Feature", "properties": {"name": "North Yuma Street", "highway": "tertiary"}, "geometry": {"type": "LineString", "coordinates": [[-105.0151557, 39.7314693], [-105.015158, 39.7316878]]}}, {"type": "Feature", "properties": {"name": "North Yuma Street", "highway": "tertiary"}, "geometry": {"type": "LineString", "coordinates": [[-105.0150947, 39.7338979], [-105.0150378, 39.7340318], [-105.0149771, 39.7341541], [-105.0147242, 39.7346092], [-105.0145297, 39.7349593], [-105.0144932, 39.7350167], [-105.0144668, 39.7350551], [-105.0144167, 39.7351108], [-105.014358, 39.7351586], [-105.0143091, 39.7351873], [-105.0142462, 39.7352135]]}}, {"type": "Feature", "properties": {"name": "Water Street", "highway": "tertiary"}, "geometry": {"type": "LineString", "coordinates": [[-105.0151844, 39.751805], [-105.0153845, 39.7517069], [-105.01581, 39.7515127]]}}, {"type": "Feature", "properties": {"name": "Delaware Street", "highway": "tertiary"}, "geometry": {"type": "LineString", "coordinates": [[-104.9929485, 39.7400059], [-104.992948, 39.7399326], [-104.9929494, 39.7390959]]}}, {"type": "Feature", "properties": {"name": "West 21st Street", "highway": "tertiary"}, "geometry": {"type": "LineString", "coordinates": [[-104.9930488, 39.7551623], [-104.9928306, 39.7549944], [-104.9926939, 39.7548892], [-104.9923513, 39.7546256], [-104.9922563, 39.7545524], [-104.9922147, 39.7545204], [-104.9921784, 39.7544925], [-104.9918216, 39.7542179], [-104.9914808, 39.7539557], [-104.9913755, 39.7538746]]}}, {"type": "Feature", "properties": {"name": "North Speer Boulevard", "highway": "primary"}, "geometry": {"type": "LineString", "coordinates": [[-104.9964751, 39.7368596], [-104.996424, 39.7367879], [-104.9952351, 39.7351961], [-104.9943477, 39.7339728], [-104.99418, 39.7337404], [-104.9941176, 39.7336555], [-104.9940263, 39.7335346], [-104.9938976, 39.733357], [-104.991269, 39.7297908], [-104.9912259, 39.7297319]]}}, {"type": "Feature", "properties": {"name": "North Speer Boulevard", "highway": "primary"}, "geometry": {"type": "LineString", "coordinates": [[-105.0007254, 39.7452556], [-105.000719, 39.7452264], [-105.00071, 39.745185], [-105.0006657, 39.7449819], [-105.0005981, 39.744164], [-105.0005937, 39.7441063], [-105.0005954, 39.7440639], [-105.0005656, 39.7437455], [-105.0005559, 39.7436885], [-105.0004254, 39.743187], [-105.0004104, 39.7431371], [-105.0003761, 39.7430378], [-105.0003527, 39.7429788], [-105.0003292, 39.7429243], [-105.000125, 39.7424805]]}}, {"type": "Feature", "properties": {"name": "West 9th Avenue", "highway": "tertiary"}, "geometry": {"type": "LineString", "coordinates": [[-104.9952494, 39.7305278], [-104.9953459, 39.7305275], [-104.9954677, 39.730527], [-104.9958383, 39.7305258], [-104.9963236, 39.7305241], [-104.9964219, 39.7305237], [-104.9965257, 39.7305234], [-104.9970173, 39.7305217], [-104.9972471, 39.7305209], [-104.997508, 39.73052], [-104.9976071, 39.7305196]]}}, {"type": "Feature", "properties": {"name": "Bannock Street", "highway": "tertiary"}, "geometry": {"type": "LineString", "coordinates": [[-104.9911245, 39.7297761], [-104.99114, 39.7297691], [-104.9912259, 39.7297319]]}}, {"type": "Feature", "properties": {"name": "19th Street", "highway": "secondary"}, "geometry": {"type": "LineString", "coordinates": [[-104.9964185, 39.7540177], [-104.9963457, 39.753962], [-104.9959856, 39.7536815], [-104.995824, 39.753559]]}}, {"type": "Feature", "properties": {"name": "19th Street", "highway": "tertiary"}, "geometry": {"type": "LineString", "coordinates": [[-104.9911919, 39.7499973], [-104.9911117, 39.7499353], [-104.9906596, 39.7495863]]}}, {"type": "Feature", "properties": {"name": "20th Street", "highway": "secondary"}, "geometry": {"type": "LineString", "coordinates": [[-104.9908493, 39.7516097], [-104.9909075, 39.7516542], [-104.9909452, 39.751683], [-104.9911493, 39.751838], [-104.9912188, 39.7518907], [-104.991289, 39.7519439], [-104.991635, 39.7522055], [-104.9916791, 39.7522385], [-104.9917152, 39.7522655]]}}, {"type": "Feature", "properties": {"name": "Auraria Parkway", "highway": "primary"}, "geometry": {"type": "LineString", "coordinates": [[-105.0037197, 39.7483276], [-105.003968, 39.7482442], [-105.0041661, 39.7481672], [-105.0042764, 39.7481259]]}}, {"type": "Feature", "properties": {"name": "North Speer Boulevard", "highway": "primary"}, "geometry": {"type": "LineString", "coordinates": [[-105.0123631, 39.7549903], [-105.0116652, 39.7547352], [-105.0113445, 39.7546015], [-105.0109598, 39.754418], [-105.0106956, 39.754285]]}}, {"type": "Feature", "properties": {"highway": "tertiary"}, "geometry": {"type": "LineString", "coordinates": [[-105.0080281, 39.7473243], [-105.0080815, 39.7473458], [-105.0081412, 39.7473523], [-105.0082003, 39.7473429], [-105.0082281, 39.7473322], [-105.0082646, 39.7473093], [-105.0082919, 39.7472798], [-105.008308, 39.7472458], [-105.0083119, 39.7472097], [-105.0083032, 39.7471741], [-105.0082826, 39.7471415], [-105.0082489, 39.7471126], [-105.008206, 39.7470922], [-105.0081573, 39.747082], [-105.0080976, 39.7470842], [-105.0080423, 39.7471015], [-105.0079977, 39.7471321], [-105.0079689, 39.7471723], [-105.0079603, 39.7472012], [-105.0079638, 39.7472475], [-105.0079873, 39.7472902], [-105.0080281, 39.7473243]]}}, {"type": "Feature", "properties": {"name": "9th Street", "highway": "tertiary"}, "geometry": {"type": "LineString", "coordinates": [[-105.007615, 39.7465567], [-105.0076984, 39.746666], [-105.0077147, 39.7466874], [-105.0078784, 39.7469021]]}}, {"type": "Feature", "properties": {"name": "Auraria Parkway", "highway": "primary"}, "geometry": {"type": "LineString", "coordinates": [[-105.011169, 39.7439697], [-105.011572, 39.7437198], [-105.0118022, 39.7435853], [-105.0120022, 39.743471], [-105.0121422, 39.7433985], [-105.0123607, 39.743292], [-105.0127214, 39.7431167]]}}, {"type": "Feature", "properties": {"name": "West 13th Avenue", "highway": "tertiary"}, "geometry": {"type": "LineString", "coordinates": [[-105.0123607, 39.7369113], [-105.012467, 39.7369115], [-105.0126744, 39.7369119], [-105.0128681, 39.7369123]]}}, {"type": "Feature", "properties": {"name": "North Valley Highway", "highway": "motorway"}, "geometry": {"type": "LineString", "coordinates": [[-105.0153066, 39.7339986], [-105.0152571, 39.734141], [-105.015206, 39.7342698], [-105.0151486, 39.7344045], [-105.0150931, 39.7345369], [-105.015034, 39.7346708]]}}, {"type": "Feature", "properties": {"name": "North Valley Highway", "highway": "motorway"}, "geometry": {"type": "LineString", "coordinates": [[-105.0144972, 39.7418384], [-105.0145414, 39.7419036], [-105.0145815, 39.7419581]]}}, {"type": "Feature", "properties": {"name": "North Valley Highway", "highway": "motorway"}, "geometry": {"type": "LineString", "coordinates": [[-105.0141816, 39.740238], [-105.0141708, 39.7401511], [-105.0141391, 39.739871], [-105.0140684, 39.7388161]]}}, {"type": "Feature", "properties": {"name": "North Speer Boulevard", "highway": "primary"}, "geometry": {"type": "LineString", "coordinates": [[-105.0133279, 39.7553443], [-105.0124586, 39.7550264]]}}, {"type": "Feature", "properties": {"name": "North Speer Boulevard", "highway": "primary"}, "geometry": {"type": "LineString", "coordinates": [[-105.0104885, 39.7541767], [-105.0091754, 39.753549]]}}, {"type": "Feature", "properties": {"name": "North Speer Boulevard", "highway": "primary"}, "geometry": {"type": "LineString", "coordinates": [[-105.0091754, 39.753549], [-105.0089474, 39.7534359], [-105.0088007, 39.7533616], [-105.0086755, 39.7532927], [-105.0085604, 39.7532236], [-105.0084618, 39.7531607], [-105.0083417, 39.7530679]]}}, {"type": "Feature", "properties": {"name": "North Speer Boulevard", "highway": "primary"}, "geometry": {"type": "LineString", "coordinates": [[-105.0103617, 39.7543402], [-105.0105361, 39.7544199], [-105.0111357, 39.7547144], [-105.0121978, 39.7551834], [-105.0122501, 39.7552032]]}}, {"type": "Feature", "properties": {"name": "North Speer Boulevard", "highway": "primary"}, "geometry": {"type": "LineString", "coordinates": [[-105.0090088, 39.7536676], [-105.0103617, 39.7543402]]}}, {"type": "Feature", "properties": {"name": "North Speer Boulevard", "highway": "primary"}, "geometry": {"type": "LineString", "coordinates": [[-105.0083417, 39.7530679], [-105.0080596, 39.7528562]]}}, {"type": "Feature", "properties": {"name": "North Speer Boulevard", "highway": "primary"}, "geometry": {"type": "LineString", "coordinates": [[-105.0080596, 39.7528562], [-105.0079622, 39.7527752], [-105.0078737, 39.7526953], [-105.007785, 39.7526098], [-105.0076647, 39.7524853], [-105.0075529, 39.752359]]}}, {"type": "Feature", "properties": {"name": "North Speer Boulevard", "highway": "primary"}, "geometry": {"type": "LineString", "coordinates": [[-105.0081542, 39.7532114], [-105.0083246, 39.7533174], [-105.0084517, 39.7533891], [-105.0086259, 39.7534789], [-105.0088366, 39.7535842], [-105.0090088, 39.7536676]]}}, {"type": "Feature", "properties": {"name": "North Speer Boulevard", "highway": "primary"}, "geometry": {"type": "LineString", "coordinates": [[-105.0078792, 39.7529976], [-105.0081542, 39.7532114]]}}, {"type": "Feature", "properties": {"name": "North Speer Boulevard", "highway": "primary"}, "geometry": {"type": "LineString", "coordinates": [[-105.0073562, 39.7524754], [-105.0074422, 39.7525807], [-105.0075169, 39.7526618], [-105.0076078, 39.7527531], [-105.0077044, 39.7528477], [-105.007786, 39.7529207], [-105.0078792, 39.7529976]]}}, {"type": "Feature", "properties": {"name": "North Speer Boulevard", "highway": "primary"}, "geometry": {"type": "LineString", "coordinates": [[-105.0069163, 39.7515581], [-105.006534, 39.7512178]]}}, {"type": "Feature", "properties": {"name": "North Speer Boulevard", "highway": "primary"}, "geometry": {"type": "LineString", "coordinates": [[-105.006534, 39.7512178], [-105.0057231, 39.750642]]}}, {"type": "Feature", "properties": {"name": "North Speer Boulevard", "highway": "primary"}, "geometry": {"type": "LineString", "coordinates": [[-105.0063414, 39.7513649], [-105.0067427, 39.7517052]]}}, {"type": "Feature", "properties": {"name": "14th Street", "highway": "residential"}, "geometry": {"type": "LineString", "coordinates": [[-105.0033565, 39.7497227], [-105.003031, 39.7494662], [-105.0026025, 39.749128], [-105.00258, 39.7491102], [-105.0024961, 39.7490446], [-105.0023874, 39.7489602], [-105.0023755, 39.7489497], [-105.0022975, 39.7488806], [-105.0022017, 39.7487872], [-105.0021616, 39.7487434], [-105.0020958, 39.7486586], [-105.0020369, 39.7485798]]}}, {"type": "Feature", "properties": {"name": "Market Street", "highway": "secondary"}, "geometry": {"type": "LineString", "coordinates": [[-105.0009326, 39.7479441], [-105.0008052, 39.7479716], [-105.0007825, 39.7479793], [-105.0007713, 39.7479842], [-105.0006969, 39.7480168]]}}, {"type": "Feature", "properties": {"name": "Blake Street", "highway": "secondary"}, "geometry": {"type": "LineString", "coordinates": [[-105.0020958, 39.7486586], [-105.0021861, 39.7486463], [-105.0029674, 39.7485414], [-105.003117, 39.748509]]}}, {"type": "Feature", "properties": {"name": "Blake Street", "highway": "secondary"}, "geometry": {"type": "LineString", "coordinates": [[-105.0014296, 39.7487903], [-105.0014422, 39.7487817], [-105.0014687, 39.7487654], [-105.0014884, 39.7487561]]}}, {"type": "Feature", "properties": {"name": "Wazee Street", "highway": "residential"}, "geometry": {"type": "LineString", "coordinates": [[-105.002275, 39.7494357], [-105.0022608, 39.7494586], [-105.0022335, 39.7494968], [-105.0021949, 39.7495439], [-105.002156, 39.749581], [-105.0020957, 39.7496305], [-105.002023, 39.7496855], [-105.0013297, 39.7502098], [-105.0012293, 39.7502862]]}}, {"type": "Feature", "properties": {"name": "Wazee Street", "highway": "residential"}, "geometry": {"type": "LineString", "coordinates": [[-105.0024543, 39.7491193], [-105.002275, 39.7494357]]}}, {"type": "Feature", "properties": {"name": "15th Street", "highway": "secondary"}, "geometry": {"type": "LineString", "coordinates": [[-104.9884893, 39.7405273], [-104.9886096, 39.7406129], [-104.9886443, 39.7406376], [-104.9888647, 39.7407944], [-104.9889432, 39.7408503], [-104.9890246, 39.7409082]]}}, {"type": "Feature", "properties": {"name": "Lawrence Street", "highway": "tertiary"}, "geometry": {"type": "LineString", "coordinates": [[-104.9989592, 39.7466802], [-104.9988814, 39.7467394], [-104.9986939, 39.7468825], [-104.9984196, 39.7470929], [-104.9983428, 39.7471518]]}}, {"type": "Feature", "properties": {"name": "Wewatta Street", "highway": "tertiary"}, "geometry": {"type": "LineString", "coordinates": [[-105.0043767, 39.7506027], [-105.004712, 39.7503507], [-105.004739, 39.7503304], [-105.004758, 39.750213]]}}, {"type": "Feature", "properties": {"name": "11th Street", "highway": "tertiary"}, "geometry": {"type": "LineString", "coordinates": [[-105.006368, 39.7484987], [-105.006224, 39.7484633], [-105.006189, 39.7484544], [-105.0061547, 39.7484454], [-105.0060166, 39.7484052], [-105.0059541, 39.748365], [-105.005908, 39.7483232], [-105.0058657, 39.748274], [-105.0057934, 39.7481761]]}}, {"type": "Feature", "properties": {"name": "17th Street", "highway": "secondary"}, "geometry": {"type": "LineString", "coordinates": [[-104.997958, 39.7514814], [-104.9979146, 39.7514479], [-104.9978825, 39.7514231], [-104.9978284, 39.7513817], [-104.997527, 39.7511486], [-104.9971816, 39.7508819], [-104.9970843, 39.7508067]]}}, {"type": "Feature", "properties": {"name": "Auraria Parkway", "highway": "primary"}, "geometry": {"type": "LineString", "coordinates": [[-105.0026615, 39.7476216], [-105.0023143, 39.7476847]]}}, {"type": "Feature", "properties": {"name": "Little Raven Street", "highway": "residential"}, "geometry": {"type": "LineString", "coordinates": [[-105.0048038, 39.7551996], [-105.0047927, 39.7552078], [-105.0046403, 39.7553298], [-105.0045484, 39.7554201], [-105.0044764, 39.7555009], [-105.0044236, 39.7555743], [-105.0043647, 39.7556682], [-105.0042735, 39.7558847], [-105.0042319, 39.7560868], [-105.0042313, 39.7562102], [-105.004231, 39.7562697], [-105.0042501, 39.756405], [-105.0042752, 39.7565828], [-105.0043524, 39.7571172], [-105.0043522, 39.7572457], [-105.0043438, 39.7573548], [-105.0043127, 39.7574854], [-105.0042837, 39.7575791], [-105.0042282, 39.7577163], [-105.0041807, 39.75781], [-105.0041409, 39.7578847], [-105.0041263, 39.7579122], [-105.0040708, 39.7579985], [-105.0039914, 39.7580903], [-105.0039479, 39.75814], [-105.0037999, 39.7582735], [-105.00364, 39.7583841], [-105.0035228, 39.7584648], [-105.0034021, 39.7585287], [-105.0032546, 39.7585968], [-105.0031097, 39.7586545], [-105.002769, 39.7587708], [-105.002664, 39.7588134]]}}, {"type": "Feature", "properties": {"name": "Curtis Street", "highway": "tertiary"}, "geometry": {"type": "LineString", "coordinates": [[-104.9972214, 39.7453375], [-104.9971349, 39.7454043], [-104.9967113, 39.7457314], [-104.9966537, 39.7457758], [-104.9960949, 39.7462073], [-104.9960698, 39.7462269], [-104.9960105, 39.7462733]]}}, {"type": "Feature", "properties": {"name": "Bannock Street", "highway": "tertiary"}, "geometry": {"type": "LineString", "coordinates": [[-104.9906535, 39.7299812], [-104.990749, 39.7299396]]}}, {"type": "Feature", "properties": {"name": "Bannock Street", "highway": "tertiary"}, "geometry": {"type": "LineString", "coordinates": [[-104.9908128, 39.7299118], [-104.9911245, 39.7297761]]}}, {"type": "Feature", "properties": {"name": "Lawrence Street", "highway": "tertiary"}, "geometry": {"type": "LineString", "coordinates": [[-105.0002699, 39.7456603], [-105.0001708, 39.7457357]]}}, {"type": "Feature", "properties": {"name": "West 22nd Street", "highway": "primary"}, "geometry": {"type": "LineString", "coordinates": [[-104.9926395, 39.7567415], [-104.9920309, 39.7562578], [-104.9919986, 39.7562321], [-104.991913, 39.7561641]]}}, {"type": "Feature", "properties": {"name": "Acoma Street", "highway": "residential"}, "geometry": {"type": "LineString", "coordinates": [[-104.9888562, 39.7304597], [-104.9888559, 39.7305526], [-104.988855, 39.7308936], [-104.9888522, 39.731946], [-104.988852, 39.7319604], [-104.9888519, 39.7320544]]}}, {"type": "Feature", "properties": {"name": "15th Street", "highway": "secondary"}, "geometry": {"type": "LineString", "coordinates": [[-105.0097863, 39.756847], [-105.0104341, 39.7573373]]}}, {"type": "Feature", "properties": {"name": "15th Street", "highway": "secondary"}, "geometry": {"type": "LineString", "coordinates": [[-105.0074162, 39.7550437], [-105.0079497, 39.7554483]]}}, {"type": "Feature", "properties": {"name": "15th Street", "highway": "secondary"}, "geometry": {"type": "LineString", "coordinates": [[-105.0097863, 39.756847], [-105.0097292, 39.7568047], [-105.0096423, 39.7567387]]}}, {"type": "Feature", "properties": {"name": "Wewatta Street", "highway": "tertiary"}, "geometry": {"type": "LineString", "coordinates": [[-104.9954923, 39.7578731], [-104.9963285, 39.7571972]]}}, {"type": "Feature", "properties": {"name": "Wewatta Street", "highway": "tertiary"}, "geometry": {"type": "LineString", "coordinates": [[-104.9974566, 39.7564685], [-104.996943, 39.7566819]]}}, {"type": "Feature", "properties": {"name": "North Speer Boulevard", "highway": "primary"}, "geometry": {"type": "LineString", "coordinates": [[-105.0130908, 39.7555097], [-105.0134779, 39.7556489]]}}, {"type": "Feature", "properties": {"name": "North Speer Boulevard", "highway": "primary"}, "geometry": {"type": "LineString", "coordinates": [[-105.0122501, 39.7552032], [-105.0130908, 39.7555097]]}}, {"type": "Feature", "properties": {"name": "19th Street", "highway": "residential"}, "geometry": {"type": "LineString", "coordinates": [[-105.0013615, 39.7578282], [-105.0016179, 39.7580189], [-105.0016882, 39.7580713], [-105.0017709, 39.7581328], [-105.0020839, 39.7583657], [-105.0021337, 39.7584037], [-105.0021637, 39.7584268], [-105.0025809, 39.7587478], [-105.002664, 39.7588134]]}}, {"type": "Feature", "properties": {"name": "North Valley Highway", "highway": "motorway"}, "geometry": {"type": "LineString", "coordinates": [[-105.0151787, 39.7295273], [-105.0150404, 39.7291218]]}}, {"type": "Feature", "properties": {"name": "North Valley Highway", "highway": "motorway"}, "geometry": {"type": "LineString", "coordinates": [[-105.0149212, 39.7295266], [-105.0150892, 39.7300163], [-105.0151965, 39.7303158], [-105.0152999, 39.7306309], [-105.0153836, 39.7308828], [-105.0154579, 39.7311828], [-105.0155, 39.7313816]]}}, {"type": "Feature", "properties": {"name": "North Valley Highway", "highway": "motorway"}, "geometry": {"type": "LineString", "coordinates": [[-105.0147695, 39.7291208], [-105.0149212, 39.7295266]]}}, {"type": "Feature", "properties": {"name": "West 8th Avenue", "highway": "secondary"}, "geometry": {"type": "LineString", "coordinates": [[-105.0119081, 39.7293142], [-105.0131982, 39.7293143], [-105.0137966, 39.7293155], [-105.0138591, 39.7293156], [-105.0140021, 39.7293158]]}}, {"type": "Feature", "properties": {"name": "North Valley Highway", "highway": "motorway"}, "geometry": {"type": "LineString", "coordinates": [[-105.0142795, 39.7371483], [-105.0143632, 39.7368777], [-105.0144217, 39.7366836]]}}, {"type": "Feature", "properties": {"name": "North Valley Highway", "highway": "motorway"}, "geometry": {"type": "LineString", "coordinates": [[-105.0140684, 39.7388161], [-105.0140633, 39.738613], [-105.0140615, 39.7384154], [-105.0140688, 39.7382441], [-105.0140815, 39.738079], [-105.0141027, 39.7379033], [-105.0141379, 39.737706]]}}, {"type": "Feature", "properties": {"name": "Central Street", "highway": "secondary"}, "geometry": {"type": "LineString", "coordinates": [[-105.0063607, 39.7606062], [-105.0067964, 39.7602683], [-105.0068754, 39.7602071], [-105.0069756, 39.7601293], [-105.0074928, 39.7597282], [-105.0080134, 39.7593245], [-105.0080981, 39.7592588], [-105.0081796, 39.7591956], [-105.0086407, 39.758838], [-105.0086826, 39.7588055], [-105.0087251, 39.7587725], [-105.0092097, 39.7583967]]}}, {"type": "Feature", "properties": {"name": "Stout Street", "highway": "secondary"}, "geometry": {"type": "LineString", "coordinates": [[-104.9988393, 39.7414203], [-104.998706, 39.7414557], [-104.9986352, 39.7414965], [-104.9985749, 39.7415346], [-104.9985051, 39.7415862], [-104.9984976, 39.7415922], [-104.99843, 39.741647], [-104.9983482, 39.7417192], [-104.9983094, 39.7417592]]}}, {"type": "Feature", "properties": {"name": "Park Avenue West", "highway": "primary"}, "geometry": {"type": "LineString", "coordinates": [[-104.9898601, 39.7564388], [-104.9899279, 39.7564931], [-104.990274, 39.7567591], [-104.9903911, 39.7568494], [-104.990627, 39.7570314], [-104.9907076, 39.7570938], [-104.9907682, 39.7571414], [-104.9907935, 39.7571617], [-104.9911482, 39.757435], [-104.9914144, 39.7576393], [-104.9914396, 39.7576588], [-104.991678, 39.7578424]]}}, {"type": "Feature", "properties": {"name": "Park Avenue West", "highway": "primary"}, "geometry": {"type": "LineString", "coordinates": [[-104.9917538, 39.7579013], [-104.9918337, 39.7579629]]}}, {"type": "Feature", "properties": {"name": "West 30th Avenue", "highway": "residential"}, "geometry": {"type": "LineString", "coordinates": [[-104.996502, 39.7592731], [-104.996588, 39.7592731], [-104.99662, 39.7592731], [-104.997047, 39.7592732], [-104.9970633, 39.7592732], [-104.9971291, 39.7592732]]}}, {"type": "Feature", "properties": {"name": "West 29th Avenue", "highway": "residential"}, "geometry": {"type": "LineString", "coordinates": [[-104.9957009, 39.7584262], [-104.9959114, 39.7584263], [-104.9959503, 39.7584263], [-104.9960258, 39.7584264], [-104.9962029, 39.7584264], [-104.9963509, 39.7584265], [-104.9965043, 39.7584266], [-104.996583, 39.7584266], [-104.9970495, 39.7584268], [-104.9971278, 39.7584269], [-104.9972187, 39.7584269], [-104.9977958, 39.7584272], [-104.997869, 39.7584272], [-104.9980109, 39.7584273], [-104.998333, 39.7584274], [-104.9983761, 39.7584275], [-104.9984549, 39.7584275]]}}, {"type": "Feature", "properties": {"name": "Arapahoe Street", "highway": "tertiary"}, "geometry": {"type": "LineString", "coordinates": [[-105.0005062, 39.7441295], [-105.0005954, 39.7440639]]}}, {"type": "Feature", "properties": {"name": "North Speer Boulevard", "highway": "primary"}, "geometry": {"type": "LineString", "coordinates": [[-105.0018467, 39.7473876], [-105.0021918, 39.7476014], [-105.0023143, 39.7476847]]}}, {"type": "Feature", "properties": {"name": "Market Street", "highway": "secondary"}, "geometry": {"type": "LineString", "coordinates": [[-105.0013058, 39.7478774], [-105.0009326, 39.7479441]]}}, {"type": "Feature", "properties": {"name": "Larimer Street", "highway": "tertiary"}, "geometry": {"type": "LineString", "coordinates": [[-105.0004009, 39.7469537], [-105.0007423, 39.7467765]]}}, {"type": "Feature", "properties": {"name": "North Speer Boulevard", "highway": "primary"}, "geometry": {"type": "LineString", "coordinates": [[-105.0002, 39.7458304], [-105.0007562, 39.7465901]]}}, {"type": "Feature", "properties": {"name": "West Colfax Avenue", "highway": "primary"}, "geometry": {"type": "LineString", "coordinates": [[-104.998787, 39.740189], [-104.9988963, 39.7401911]]}}, {"type": "Feature", "properties": {"name": "West Colfax Avenue", "highway": "primary"}, "geometry": {"type": "LineString", "coordinates": [[-104.998293, 39.7401744], [-104.9983218, 39.7401752]]}}, {"type": "Feature", "properties": {"name": "West 14th Avenue", "highway": "tertiary"}, "geometry": {"type": "LineString", "coordinates": [[-105.0028252, 39.7384712], [-105.002742, 39.738471], [-105.002654, 39.7384708], [-105.0026418, 39.7384708], [-105.0021585, 39.7384697], [-105.0016768, 39.7384685], [-105.0015779, 39.7384683]]}}, {"type": "Feature", "properties": {"name": "West 14th Avenue", "highway": "secondary"}, "geometry": {"type": "LineString", "coordinates": [[-104.9975364, 39.7384588], [-104.9973319, 39.738459], [-104.997254, 39.7384591], [-104.9970716, 39.7384591], [-104.9970463, 39.7384591]]}}, {"type": "Feature", "properties": {"name": "West 11th Avenue", "highway": "tertiary"}, "geometry": {"type": "LineString", "coordinates": [[-104.993626, 39.7338299], [-104.994004, 39.7336666]]}}, {"type": "Feature", "properties": {"name": "West 13th Avenue", "highway": "tertiary"}, "geometry": {"type": "LineString", "coordinates": [[-105.0123607, 39.7369113], [-105.0122517, 39.7369111], [-105.0120379, 39.7369109], [-105.0118761, 39.7369103]]}}, {"type": "Feature", "properties": {"name": "West 13th Avenue", "highway": "secondary"}, "geometry": {"type": "LineString", "coordinates": [[-104.9958403, 39.7368608], [-104.9959355, 39.7368608]]}}, {"type": "Feature", "properties": {"name": "North Valley Highway", "highway": "motorway"}, "geometry": {"type": "LineString", "coordinates": [[-105.0155, 39.7313816], [-105.0155341, 39.7315496], [-105.0155602, 39.7317307], [-105.0155957, 39.7321519]]}}, {"type": "Feature", "properties": {"name": "West 8th Avenue Viaduct", "highway": "secondary"}, "geometry": {"type": "LineString", "coordinates": [[-105.0034054, 39.7288294], [-105.0035369, 39.7288026], [-105.0036737, 39.7287696], [-105.0038024, 39.7287325], [-105.0039607, 39.7286809], [-105.0041618, 39.728619], [-105.0046634, 39.7284726], [-105.0048485, 39.7284272], [-105.0049745, 39.7283983], [-105.0051301, 39.7283715], [-105.0052669, 39.728355], [-105.0054251, 39.7283405], [-105.0056102, 39.7283282], [-105.0058087, 39.7283199], [-105.0061493, 39.7283137], [-105.0065999, 39.7283137], [-105.0067105, 39.7283151], [-105.0068255, 39.7283196], [-105.0069325, 39.7283261], [-105.0070801, 39.7283405], [-105.0071582, 39.7283494], [-105.0072864, 39.7283674], [-105.0073966, 39.7283859], [-105.0075468, 39.7284189], [-105.0076153, 39.7284349], [-105.0077452, 39.7284673], [-105.0077764, 39.728476], [-105.0078698, 39.7285041], [-105.0079598, 39.7285344], [-105.0081073, 39.728584], [-105.0082441, 39.7286335], [-105.009722, 39.7291595], [-105.0098615, 39.7292028], [-105.0099929, 39.7292399], [-105.0101056, 39.7292667], [-105.0102209, 39.7292853], [-105.0103175, 39.7292998], [-105.010406, 39.729308], [-105.0104972, 39.7293121], [-105.0106072, 39.7293142], [-105.0119081, 39.7293142]]}}, {"type": "Feature", "properties": {"name": "Navajo Street", "highway": "residential"}, "geometry": {"type": "LineString", "coordinates": [[-105.004086, 39.7305222], [-105.0040861, 39.7306156], [-105.0040866, 39.7310025], [-105.0040869, 39.731242], [-105.0040869, 39.7312768], [-105.0040879, 39.7320165], [-105.004088, 39.7321071]]}}, {"type": "Feature", "properties": {"name": "West 14th Avenue", "highway": "secondary"}, "geometry": {"type": "LineString", "coordinates": [[-104.997015, 39.7384591], [-104.9968967, 39.7384591], [-104.9967832, 39.7384591], [-104.9964627, 39.7384591], [-104.9963891, 39.7384591], [-104.9960075, 39.738459], [-104.9959706, 39.738459], [-104.9959097, 39.738459], [-104.995403, 39.738459], [-104.9952999, 39.738459], [-104.995208, 39.738459], [-104.9947154, 39.7384589], [-104.9942191, 39.7384589], [-104.9941204, 39.7384589]]}}, {"type": "Feature", "properties": {"name": "15th Street", "highway": "secondary"}, "geometry": {"type": "LineString", "coordinates": [[-105.0065457, 39.7543693], [-105.0066229, 39.7544287], [-105.0074162, 39.7550437]]}}, {"type": "Feature", "properties": {"name": "15th Street", "highway": "secondary"}, "geometry": {"type": "LineString", "coordinates": [[-105.0065457, 39.7543693], [-105.0064681, 39.7543079], [-105.0059643, 39.7539096]]}}, {"type": "Feature", "properties": {"name": "15th Street", "highway": "secondary"}, "geometry": {"type": "LineString", "coordinates": [[-105.0012293, 39.7502862], [-105.0013247, 39.7503591], [-105.0016688, 39.7506196], [-105.0020392, 39.7509006], [-105.0021189, 39.7509611]]}}, {"type": "Feature", "properties": {"name": "Market Street", "highway": "secondary"}, "geometry": {"type": "LineString", "coordinates": [[-105.0023143, 39.7476847], [-105.0021407, 39.7477154], [-105.001796, 39.747784]]}}, {"type": "Feature", "properties": {"name": "West Colfax Avenue", "highway": "primary"}, "geometry": {"type": "LineString", "coordinates": [[-105.00936, 39.7403456], [-105.010276, 39.7403663], [-105.0111075, 39.7403828], [-105.0124559, 39.7404135], [-105.0127369, 39.7404199], [-105.0145568, 39.7404549], [-105.0153918, 39.7404728]]}}, {"type": "Feature", "properties": {"name": "West Colfax Avenue", "highway": "primary"}, "geometry": {"type": "LineString", "coordinates": [[-105.0052501, 39.7400991], [-105.0051542, 39.7400923], [-105.0047099, 39.7400659], [-105.0046077, 39.7400598], [-105.0041701, 39.7400339], [-105.0040693, 39.7400279]]}}, {"type": "Feature", "properties": {"name": "Stout Street", "highway": "secondary"}, "geometry": {"type": "LineString", "coordinates": [[-104.999357, 39.7412554], [-104.998972, 39.7413851]]}}, {"type": "Feature", "properties": {"name": "Stout Street", "highway": "secondary"}, "geometry": {"type": "LineString", "coordinates": [[-104.998952, 39.7413901], [-104.9988393, 39.7414203]]}}, {"type": "Feature", "properties": {"name": "Champa Street", "highway": "secondary"}, "geometry": {"type": "LineString", "coordinates": [[-104.9993415, 39.7423284], [-104.999423, 39.7422668]]}}, {"type": "Feature", "properties": {"name": "West Colfax Avenue", "highway": "primary"}, "geometry": {"type": "LineString", "coordinates": [[-104.9986822, 39.7400179], [-104.9982192, 39.7400182]]}}, {"type": "Feature", "properties": {"name": "20th Street", "highway": "secondary"}, "geometry": {"type": "LineString", "coordinates": [[-105.0017875, 39.7595933], [-105.001684, 39.7595419], [-105.0009305, 39.7591645], [-105.0003311, 39.7588717], [-105.0001809, 39.7587943], [-105.0000588, 39.7587263], [-104.9999649, 39.7586686], [-104.9998362, 39.7585861], [-104.9997168, 39.7585026], [-104.9996055, 39.7584191], [-104.9987884, 39.75778], [-104.9986405, 39.7576629]]}}, {"type": "Feature", "properties": {"name": "Cherokee Street", "highway": "tertiary"}, "geometry": {"type": "LineString", "coordinates": [[-104.9919185, 39.7316877], [-104.9918613, 39.7317098], [-104.991841, 39.7317196], [-104.9918143, 39.7317335], [-104.9917661, 39.7317613], [-104.9917231, 39.7317892], [-104.9916883, 39.7318222], [-104.9916588, 39.7318603], [-104.991644, 39.7318933], [-104.9916362, 39.7319229], [-104.9916336, 39.7319487], [-104.991634, 39.7319745], [-104.9916416, 39.7320054], [-104.9916584, 39.7320578]]}}, {"type": "Feature", "properties": {"name": "Cherokee Street", "highway": "tertiary"}, "geometry": {"type": "LineString", "coordinates": [[-104.9916531, 39.7352637], [-104.991652, 39.7353639], [-104.9916523, 39.7357408], [-104.9916519, 39.7359357], [-104.9916512, 39.7363807], [-104.991651, 39.7365077], [-104.9916508, 39.7366555], [-104.99165, 39.7367648], [-104.9916504, 39.7368556]]}}, {"type": "Feature", "properties": {"name": "West 11th Avenue", "highway": "tertiary"}, "geometry": {"type": "LineString", "coordinates": [[-104.9947551, 39.7336707], [-104.994253, 39.7336391], [-104.9941176, 39.7336555]]}}, {"type": "Feature", "properties": {"name": "West 11th Avenue", "highway": "tertiary"}, "geometry": {"type": "LineString", "coordinates": [[-104.9941176, 39.7336555], [-104.994275, 39.7337068], [-104.99452, 39.7337126], [-104.9950132, 39.7336869]]}}, {"type": "Feature", "properties": {"name": "West 11th Avenue", "highway": "tertiary"}, "geometry": {"type": "LineString", "coordinates": [[-104.9953102, 39.7336876], [-104.9953299, 39.7336876], [-104.9957635, 39.7336886], [-104.9957763, 39.7336886], [-104.996419, 39.7336901], [-104.9965056, 39.7336903], [-104.9966002, 39.7336905], [-104.9971028, 39.7336916], [-104.9975353, 39.7336926], [-104.9976174, 39.7336928]]}}, {"type": "Feature", "properties": {"name": "North Valley Highway", "highway": "motorway"}, "geometry": {"type": "LineString", "coordinates": [[-105.0147785, 39.7418103], [-105.0147232, 39.7417187], [-105.0146567, 39.7416102]]}}, {"type": "Feature", "properties": {"name": "North Valley Highway", "highway": "motorway"}, "geometry": {"type": "LineString", "coordinates": [[-105.0158773, 39.7430247], [-105.0157245, 39.7428764], [-105.0155396, 39.742693], [-105.0153825, 39.742534], [-105.0152141, 39.7423508], [-105.0150529, 39.7421663], [-105.0149128, 39.7419952]]}}, {"type": "Feature", "properties": {"name": "North Valley Highway", "highway": "motorway"}, "geometry": {"type": "LineString", "coordinates": [[-105.0157801, 39.7432513], [-105.0158901, 39.7433599], [-105.0163675, 39.7438201]]}}, {"type": "Feature", "properties": {"name": "North Valley Highway", "highway": "motorway"}, "geometry": {"type": "LineString", "coordinates": [[-105.0147018, 39.742118], [-105.0148646, 39.7423215], [-105.0149673, 39.7424342], [-105.0150857, 39.7425606], [-105.0152249, 39.742707], [-105.0154061, 39.7428914], [-105.0155678, 39.7430502], [-105.0157801, 39.7432513]]}}, {"type": "Feature", "properties": {"name": "North Valley Highway", "highway": "motorway"}, "geometry": {"type": "LineString", "coordinates": [[-105.0141379, 39.737706], [-105.0141934, 39.7374564]]}}, {"type": "Feature", "properties": {"name": "North Valley Highway", "highway": "motorway"}, "geometry": {"type": "LineString", "coordinates": [[-105.0141934, 39.7374564], [-105.0142795, 39.7371483]]}}, {"type": "Feature", "properties": {"name": "North Valley Highway", "highway": "motorway"}, "geometry": {"type": "LineString", "coordinates": [[-105.0138718, 39.7380431], [-105.0138594, 39.7381766], [-105.0138509, 39.7383321], [-105.0138485, 39.7384964], [-105.0138504, 39.7386981], [-105.0138616, 39.7389378], [-105.0138753, 39.7392205], [-105.0139122, 39.7398617], [-105.0139301, 39.7401143], [-105.0139454, 39.7402353]]}}, {"type": "Feature", "properties": {"name": "North Valley Highway", "highway": "motorway"}, "geometry": {"type": "LineString", "coordinates": [[-105.0141186, 39.7366865], [-105.0140628, 39.7368715], [-105.0140277, 39.7370048], [-105.0140058, 39.737135]]}}, {"type": "Feature", "properties": {"name": "North Valley Highway", "highway": "motorway"}, "geometry": {"type": "LineString", "coordinates": [[-105.013959, 39.7374565], [-105.0139195, 39.7377044]]}}, {"type": "Feature", "properties": {"name": "North Valley Highway", "highway": "motorway"}, "geometry": {"type": "LineString", "coordinates": [[-105.0140058, 39.737135], [-105.0139954, 39.7371957]]}}, {"type": "Feature", "properties": {"name": "15th Street", "highway": "secondary"}, "geometry": {"type": "LineString", "coordinates": [[-104.9999944, 39.7493678], [-105.0002723, 39.7495728], [-105.000324, 39.7496111], [-105.0003498, 39.7496302]]}}, {"type": "Feature", "properties": {"name": "Walnut Street", "highway": "tertiary"}, "geometry": {"type": "LineString", "coordinates": [[-105.0113549, 39.7434945], [-105.0114671, 39.7434441]]}}, {"type": "Feature", "properties": {"name": "Blake Street", "highway": "secondary"}, "geometry": {"type": "LineString", "coordinates": [[-105.0006176, 39.749423], [-105.0011067, 39.7490399], [-105.0011409, 39.7490131], [-105.001398, 39.7488118]]}}, {"type": "Feature", "properties": {"name": "Auraria Parkway", "highway": "primary"}, "geometry": {"type": "LineString", "coordinates": [[-105.0138739, 39.7419534], [-105.0138533, 39.7420214], [-105.0138339, 39.7420721], [-105.013814, 39.7421149], [-105.013788, 39.7421614], [-105.0137563, 39.7422085], [-105.0137034, 39.7422907], [-105.0136406, 39.7423698], [-105.013559, 39.742451], [-105.013472, 39.7425263], [-105.0133633, 39.7426091], [-105.0132537, 39.7426823], [-105.0131311, 39.7427596], [-105.0130019, 39.742831], [-105.0128237, 39.7429314], [-105.0126421, 39.743019], [-105.0123472, 39.7431638], [-105.0119244, 39.743376], [-105.0117061, 39.7434929], [-105.011497, 39.7436152], [-105.0112799, 39.743746], [-105.0110726, 39.743883]]}}, {"type": "Feature", "properties": {"name": "Auraria Parkway", "highway": "primary"}, "geometry": {"type": "LineString", "coordinates": [[-105.0036799, 39.7477117], [-105.0034781, 39.7476707], [-105.0033396, 39.747648], [-105.0031425, 39.7476153], [-105.0029534, 39.7476049], [-105.0028158, 39.7476077], [-105.0026615, 39.7476216]]}}, {"type": "Feature", "properties": {"name": "Wewatta Street", "highway": "tertiary"}, "geometry": {"type": "LineString", "coordinates": [[-105.0041308, 39.7507897], [-105.0043767, 39.7506027]]}}, {"type": "Feature", "properties": {"name": "Chopper Circle", "highway": "tertiary"}, "geometry": {"type": "LineString", "coordinates": [[-105.006368, 39.7484987], [-105.006474, 39.7483988], [-105.0065991, 39.7481869], [-105.0067171, 39.7480549], [-105.0068633, 39.747957], [-105.0076152, 39.747612]]}}, {"type": "Feature", "properties": {"name": "Potter Court", "highway": "residential"}, "geometry": {"type": "LineString", "coordinates": [[-104.9917538, 39.7579013], [-104.9916775, 39.7579587]]}}, {"type": "Feature", "properties": {"name": "West Colfax Avenue", "highway": "primary"}, "geometry": {"type": "LineString", "coordinates": [[-104.9888126, 39.7406383], [-104.9888698, 39.7406419], [-104.9888846, 39.7406427], [-104.9889475, 39.7406408], [-104.9890258, 39.740634], [-104.989111, 39.7406203], [-104.989191, 39.7405972], [-104.9892616, 39.7405709], [-104.9893324, 39.7405365], [-104.9893963, 39.7404981], [-104.9894613, 39.7404476], [-104.9895201, 39.7403969], [-104.9896331, 39.7403006], [-104.9897034, 39.7402458], [-104.9897447, 39.7402177], [-104.9897911, 39.7401929], [-104.989836, 39.740172], [-104.9898831, 39.7401545], [-104.9899269, 39.740141], [-104.9899601, 39.7401339], [-104.9900011, 39.7401284], [-104.9901316, 39.7401172], [-104.990251, 39.740115], [-104.990316, 39.7401151], [-104.9904352, 39.7401173]]}}, {"type": "Feature", "properties": {"name": "West Colfax Avenue", "highway": "primary"}, "geometry": {"type": "LineString", "coordinates": [[-104.9888279, 39.7405169], [-104.9887578, 39.7405114], [-104.988711, 39.7405028], [-104.9886628, 39.7404924], [-104.9886158, 39.740477], [-104.9885568, 39.7404543], [-104.9885126, 39.7404316], [-104.9884321, 39.7403821], [-104.9882014, 39.7402109], [-104.9880903, 39.7401327], [-104.9880444, 39.7401037], [-104.9880137, 39.7400872], [-104.9879721, 39.7400655], [-104.9879144, 39.7400408], [-104.9878652, 39.7400269], [-104.9878072, 39.7400202], [-104.9877497, 39.7400148], [-104.9876739, 39.7400102], [-104.9875549, 39.7400083], [-104.9874014, 39.7400083]]}}, {"type": "Feature", "properties": {"name": "West 14th Avenue Parkway", "highway": "secondary"}, "geometry": {"type": "LineString", "coordinates": [[-104.9896174, 39.738061], [-104.9893924, 39.7378942], [-104.9893043, 39.737839], [-104.9891807, 39.7377964], [-104.9890836, 39.7377768], [-104.9890164, 39.7377718], [-104.9889476, 39.7377743], [-104.9888546, 39.7377909]]}}, {"type": "Feature", "properties": {"name": "14th Street", "highway": "secondary"}, "geometry": {"type": "LineString", "coordinates": [[-105.0006218, 39.7479572], [-105.0002761, 39.7476932], [-104.9998786, 39.7473862], [-104.9998139, 39.7473376]]}}, {"type": "Feature", "properties": {"name": "15th Street", "highway": "secondary"}, "geometry": {"type": "LineString", "coordinates": [[-104.9986107, 39.7482708], [-104.9987104, 39.7483513], [-104.9990592, 39.748627], [-104.9994064, 39.7489026], [-104.9994791, 39.7489609]]}}, {"type": "Feature", "properties": {"name": "Larimer Street", "highway": "tertiary"}, "geometry": {"type": "LineString", "coordinates": [[-104.999868, 39.7473053], [-104.9999304, 39.7472889], [-105.000251, 39.7470424], [-105.0004009, 39.7469537]]}}, {"type": "Feature", "properties": {"name": "Wewatta Street", "highway": "tertiary"}, "geometry": {"type": "LineString", "coordinates": [[-105.0040124, 39.7507036], [-105.0039992, 39.7507133]]}}, {"type": "Feature", "properties": {"name": "Wewatta Street", "highway": "tertiary"}, "geometry": {"type": "LineString", "coordinates": [[-105.0042551, 39.7505155], [-105.0040124, 39.7507036]]}}, {"type": "Feature", "properties": {"name": "Wewatta Street", "highway": "tertiary"}, "geometry": {"type": "LineString", "coordinates": [[-105.002669, 39.7532857], [-105.0027028, 39.7532502], [-105.0027078, 39.7532449], [-105.0027179, 39.7532317], [-105.002758, 39.7531794], [-105.0027822, 39.7531445], [-105.0028009, 39.7531177], [-105.0028367, 39.7530395], [-105.0028449, 39.7530081], [-105.0028681, 39.7529193], [-105.0028788, 39.7528168], [-105.0028738, 39.7527101], [-105.0028701, 39.7526876], [-105.0028535, 39.7525881], [-105.0027821, 39.752337], [-105.0026879, 39.752171]]}}, {"type": "Feature", "properties": {"name": "Wewatta Street", "highway": "tertiary"}, "geometry": {"type": "LineString", "coordinates": [[-105.004758, 39.750213], [-105.004605, 39.7502332], [-105.0042551, 39.7505155]]}}, {"type": "Feature", "properties": {"name": "West Colfax Avenue", "highway": "primary"}, "geometry": {"type": "LineString", "coordinates": [[-104.9952715, 39.7401412], [-104.995303, 39.7401402], [-104.9963944, 39.7401496], [-104.9964859, 39.74015], [-104.996574, 39.7401503], [-104.9972407, 39.7401543]]}}, {"type": "Feature", "properties": {"name": "Lawrence Street", "highway": "tertiary"}, "geometry": {"type": "LineString", "coordinates": [[-104.9929197, 39.7513332], [-104.9928539, 39.7513841], [-104.9928264, 39.7514054], [-104.992404, 39.7517323], [-104.9923252, 39.7517933], [-104.9917954, 39.7522034], [-104.9917152, 39.7522655]]}}, {"type": "Feature", "properties": {"name": "20th Street", "highway": "secondary"}, "geometry": {"type": "LineString", "coordinates": [[-104.9877416, 39.7491979], [-104.9878019, 39.7492469], [-104.9878212, 39.7492618]]}}, {"type": "Feature", "properties": {"name": "Arapahoe Street", "highway": "tertiary"}, "geometry": {"type": "LineString", "coordinates": [[-104.9875424, 39.7541572], [-104.987896, 39.7538848], [-104.9881331, 39.7537022], [-104.9883472, 39.753538], [-104.9884361, 39.7534686], [-104.9885183, 39.7534054], [-104.9885893, 39.7533507], [-104.9887199, 39.7532501], [-104.9888479, 39.7531515], [-104.9892271, 39.7528592], [-104.9892786, 39.752819]]}}, {"type": "Feature", "properties": {"name": "Arapahoe Street", "highway": "tertiary"}, "geometry": {"type": "LineString", "coordinates": [[-104.9980781, 39.7459994], [-104.9981183, 39.745968], [-104.9981613, 39.7459343], [-104.9992006, 39.7451204], [-104.9992817, 39.7450569]]}}, {"type": "Feature", "properties": {"name": "Arapahoe Street", "highway": "tertiary"}, "geometry": {"type": "LineString", "coordinates": [[-104.9992817, 39.7450569], [-104.99937, 39.744989], [-104.9993998, 39.7449659]]}}, {"type": "Feature", "properties": {"name": "Glenarm Place", "highway": "tertiary"}, "geometry": {"type": "LineString", "coordinates": [[-104.9951377, 39.740223], [-104.9952715, 39.7401412]]}}, {"type": "Feature", "properties": {"name": "Glenarm Place", "highway": "residential"}, "geometry": {"type": "LineString", "coordinates": [[-104.991258, 39.743205], [-104.991424, 39.7430911], [-104.9915765, 39.7429797], [-104.9916272, 39.7429412], [-104.9916735, 39.7429078]]}}, {"type": "Feature", "properties": {"name": "Lawrence Street", "highway": "tertiary"}, "geometry": {"type": "LineString", "coordinates": [[-104.9878817, 39.7552565], [-104.987574, 39.7554952], [-104.9873977, 39.7556314]]}}, {"type": "Feature", "properties": {"name": "Lawrence Street", "highway": "tertiary"}, "geometry": {"type": "LineString", "coordinates": [[-105.0000334, 39.7458388], [-104.9999226, 39.7459254], [-104.9996844, 39.7461118], [-104.9996511, 39.7461379], [-104.9994849, 39.7462681], [-104.9993241, 39.7463942], [-104.9990399, 39.7466149], [-104.9990035, 39.7466444]]}}, {"type": "Feature", "properties": {"name": "Wynkoop Street", "highway": "residential"}, "geometry": {"type": "LineString", "coordinates": [[-105.0031018, 39.7502011], [-105.0030094, 39.7502725], [-105.0026516, 39.7505492], [-105.0025702, 39.7506121], [-105.0022152, 39.7508866], [-105.0021189, 39.7509611]]}}, {"type": "Feature", "properties": {"name": "18th Street", "highway": "secondary"}, "geometry": {"type": "LineString", "coordinates": [[-104.991519, 39.7483918], [-104.9916431, 39.7484338], [-104.9920036, 39.7487084]]}}, {"type": "Feature", "properties": {"name": "Walnut Street", "highway": "tertiary"}, "geometry": {"type": "LineString", "coordinates": [[-105.0113549, 39.7434945], [-105.0112074, 39.7435587], [-105.0111557, 39.7435818], [-105.0108565, 39.7437154], [-105.0106701, 39.743767], [-105.0104676, 39.7437886], [-105.0103201, 39.7437897], [-105.0102155, 39.7437742], [-105.010127, 39.7437556], [-105.0099285, 39.7437103], [-105.0097872, 39.7436834], [-105.0097083, 39.7436726], [-105.0096024, 39.7436664], [-105.0095152, 39.7436654], [-105.0094269, 39.743669], [-105.0093341, 39.7436819], [-105.0092499, 39.7436989], [-105.0091491, 39.7437283], [-105.0090581, 39.7437629], [-105.0088575, 39.7438514], [-105.0088045, 39.7438748], [-105.0086733, 39.7439333]]}}, {"type": "Feature", "properties": {"name": "18th Street", "highway": "residential"}, "geometry": {"type": "LineString", "coordinates": [[-105.0040708, 39.7579985], [-105.0039955, 39.7579612], [-105.0039723, 39.7579466], [-105.0038792, 39.7578878], [-105.0033774, 39.7574998], [-105.0029652, 39.7571811], [-105.0028961, 39.7571288], [-105.0028389, 39.7570844], [-105.0025125, 39.7568316], [-105.0024868, 39.7568111]]}}, {"type": "Feature", "properties": {"name": "Arapahoe Street", "highway": "tertiary"}, "geometry": {"type": "LineString", "coordinates": [[-105.0004896, 39.7441406], [-105.0005062, 39.7441295]]}}, {"type": "Feature", "properties": {"name": "Elati Street", "highway": "residential"}, "geometry": {"type": "LineString", "coordinates": [[-104.9941264, 39.7346802], [-104.9941262, 39.7348347], [-104.9941257, 39.735156], [-104.9941257, 39.7351719], [-104.9941255, 39.7352631]]}}, {"type": "Feature", "properties": {"name": "17th Street", "highway": "secondary"}, "geometry": {"type": "LineString", "coordinates": [[-104.9927179, 39.7474647], [-104.9926347, 39.7474009], [-104.9922884, 39.7471343], [-104.9919332, 39.7468618], [-104.9918872, 39.7468247], [-104.9918336, 39.7467834]]}}, {"type": "Feature", "properties": {"name": "Champa Street", "highway": "secondary"}, "geometry": {"type": "LineString", "coordinates": [[-104.9927179, 39.7474647], [-104.9927553, 39.7474358]]}}, {"type": "Feature", "properties": {"name": "Market Street", "highway": "secondary"}, "geometry": {"type": "LineString", "coordinates": [[-105.0006969, 39.7480168], [-105.000625, 39.7480727], [-105.0005515, 39.7481295], [-104.9995864, 39.7488786], [-104.9994791, 39.7489609]]}}, {"type": "Feature", "properties": {"name": "18th Street", "highway": "secondary"}, "geometry": {"type": "LineString", "coordinates": [[-104.9906283, 39.7477091], [-104.9906971, 39.7477618], [-104.9907329, 39.7477892], [-104.9909709, 39.7479715], [-104.9910875, 39.7480608], [-104.9912937, 39.7482187]]}}, {"type": "Feature", "properties": {"name": "18th Street", "highway": "secondary"}, "geometry": {"type": "LineString", "coordinates": [[-104.9889045, 39.7463841], [-104.9889811, 39.7464424], [-104.9892814, 39.7466682], [-104.9893427, 39.7467186], [-104.989452, 39.7468032], [-104.9895541, 39.7468821]]}}, {"type": "Feature", "properties": {"name": "Welton Street", "highway": "tertiary"}, "geometry": {"type": "LineString", "coordinates": [[-104.9889045, 39.7463841], [-104.9888781, 39.7464031], [-104.9888575, 39.7464179], [-104.9888211, 39.7464441], [-104.9885097, 39.7466592], [-104.9883055, 39.746792]]}}, {"type": "Feature", "properties": {"name": "Welton Street", "highway": "tertiary"}, "geometry": {"type": "LineString", "coordinates": [[-104.9925281, 39.7435718], [-104.9924852, 39.7436054], [-104.992437, 39.7436422], [-104.9921252, 39.7438828], [-104.991844, 39.7440992], [-104.9916983, 39.7442116]]}}, {"type": "Feature", "properties": {"name": "15th Street", "highway": "secondary"}, "geometry": {"type": "LineString", "coordinates": [[-104.9925281, 39.7435718], [-104.9926303, 39.7436525], [-104.992889, 39.7438672], [-104.9930553, 39.7439931], [-104.9930661, 39.7440013]]}}, {"type": "Feature", "properties": {"name": "North Santa Fe Drive", "highway": "secondary"}, "geometry": {"type": "LineString", "coordinates": [[-104.9985993, 39.7273173], [-104.9986, 39.7273925], [-104.9986012, 39.7275088], [-104.9986018, 39.7275656], [-104.9986056, 39.7279462], [-104.9986143, 39.7288163], [-104.9986153, 39.7289085], [-104.9986161, 39.7289996], [-104.9986172, 39.7291072], [-104.9986174, 39.7291459], [-104.9986302, 39.7304178], [-104.9986313, 39.7305161]]}}, {"type": "Feature", "properties": {"name": "North Kalamath Street", "highway": "secondary"}, "geometry": {"type": "LineString", "coordinates": [[-104.9998498, 39.7419149], [-104.9998959, 39.7418719], [-104.9999388, 39.7418265], [-104.9999619, 39.7418031], [-104.9999817, 39.741778], [-105.0000179, 39.7417337], [-105.0000428, 39.7416958], [-105.0000702, 39.741646], [-105.000097, 39.7415821], [-105.0001145, 39.7415264], [-105.0001319, 39.7414552]]}}, {"type": "Feature", "properties": {"name": "Stout Street", "highway": "secondary"}, "geometry": {"type": "LineString", "coordinates": [[-104.9906283, 39.7477091], [-104.9906055, 39.747727], [-104.9905852, 39.7477429], [-104.9905486, 39.7477716], [-104.9896879, 39.748439]]}}, {"type": "Feature", "properties": {"name": "15th Street", "highway": "secondary"}, "geometry": {"type": "LineString", "coordinates": [[-104.9977622, 39.7475986], [-104.9978671, 39.7476775], [-104.9981903, 39.7479435], [-104.9982542, 39.7479933]]}}, {"type": "Feature", "properties": {"name": "18th Street", "highway": "secondary"}, "geometry": {"type": "LineString", "coordinates": [[-104.9950316, 39.7510486], [-104.9951344, 39.7511219], [-104.9954767, 39.7513871]]}}, {"type": "Feature", "properties": {"name": "17th Street", "highway": "secondary"}, "geometry": {"type": "LineString", "coordinates": [[-104.9970843, 39.7508067], [-104.9970142, 39.7507536], [-104.9966494, 39.7504768], [-104.9965042, 39.7503671]]}}, {"type": "Feature", "properties": {"name": "Market Street", "highway": "secondary"}, "geometry": {"type": "LineString", "coordinates": [[-105.001796, 39.747784], [-105.0016157, 39.7478177], [-105.0015505, 39.7478299], [-105.0013058, 39.7478774]]}}, {"type": "Feature", "properties": {"name": "North Speer Boulevard", "highway": "primary"}, "geometry": {"type": "LineString", "coordinates": [[-105.0007562, 39.7465901], [-105.0008031, 39.7466474], [-105.0008315, 39.746685], [-105.0008598, 39.7467168]]}}, {"type": "Feature", "properties": {"name": "North Speer Boulevard", "highway": "primary"}, "geometry": {"type": "LineString", "coordinates": [[-105.0008598, 39.7467168], [-105.0008962, 39.7467536], [-105.0010516, 39.7468798], [-105.001227, 39.7470064], [-105.0013856, 39.7471146]]}}, {"type": "Feature", "properties": {"name": "14th Street", "highway": "secondary"}, "geometry": {"type": "LineString", "coordinates": [[-104.9914776, 39.7409204], [-104.9913861, 39.7408498], [-104.9911981, 39.7407005], [-104.9911167, 39.7406429]]}}, {"type": "Feature", "properties": {"name": "20th Street", "highway": "secondary"}, "geometry": {"type": "LineString", "coordinates": [[-104.9985388, 39.7577415], [-104.9986889, 39.7578612], [-104.9995036, 39.7585015], [-104.9996163, 39.758584], [-104.9997383, 39.7586686], [-104.9998764, 39.7587583], [-104.9999864, 39.7588253], [-105.0001004, 39.7588892], [-105.0002493, 39.7589665], [-105.0010499, 39.7593727]]}}, {"type": "Feature", "properties": {"name": "Wazee Street", "highway": "residential"}, "geometry": {"type": "LineString", "coordinates": [[-104.9976541, 39.7530634], [-104.9976204, 39.753092], [-104.9975731, 39.7531266], [-104.9975418, 39.7531512], [-104.9973386, 39.7533077], [-104.9969875, 39.7535782], [-104.9968956, 39.7536491], [-104.996501, 39.7539538], [-104.9964185, 39.7540177]]}}, {"type": "Feature", "properties": {"name": "17th Street", "highway": "tertiary"}, "geometry": {"type": "LineString", "coordinates": [[-104.998833, 39.7521516], [-104.9987534, 39.7520906], [-104.9986865, 39.7520397], [-104.998487, 39.7518873], [-104.9983928, 39.7518145], [-104.9980845, 39.7515787], [-104.9980384, 39.751543], [-104.9980152, 39.7515252]]}}, {"type": "Feature", "properties": {"name": "15th Street", "highway": "secondary"}, "geometry": {"type": "LineString", "coordinates": [[-105.0034203, 39.7519552], [-105.0034617, 39.7519868], [-105.0037788, 39.7522292], [-105.0038592, 39.7522908], [-105.003938, 39.7523512], [-105.0041181, 39.7524895]]}}, {"type": "Feature", "properties": {"name": "15th Street", "highway": "secondary"}, "geometry": {"type": "LineString", "coordinates": [[-104.9907772, 39.7422377], [-104.9908691, 39.7423092], [-104.9912362, 39.7425746]]}}, {"type": "Feature", "properties": {"name": "15th Street", "highway": "secondary"}, "geometry": {"type": "LineString", "coordinates": [[-104.9916735, 39.7429078], [-104.9917411, 39.7429643], [-104.9920957, 39.7432334]]}}, {"type": "Feature", "properties": {"name": "Tremont Place", "highway": "tertiary"}, "geometry": {"type": "LineString", "coordinates": [[-104.9907772, 39.7422377], [-104.9908505, 39.7421821], [-104.9908722, 39.7421651], [-104.99098, 39.7420808], [-104.991196, 39.7419138], [-104.9914159, 39.7417438], [-104.9916888, 39.7415328], [-104.9918213, 39.7414304], [-104.9919056, 39.7413708], [-104.9919834, 39.7413084], [-104.9920204, 39.7412771], [-104.9920591, 39.7412486], [-104.9923686, 39.7410026], [-104.9927177, 39.7407286], [-104.9927646, 39.7406918], [-104.9930359, 39.740485], [-104.9930883, 39.7404383], [-104.9931217, 39.740378]]}}, {"type": "Feature", "properties": {"name": "Welton Street", "highway": "tertiary"}, "geometry": {"type": "LineString", "coordinates": [[-104.9945347, 39.7420444], [-104.9938174, 39.7425964], [-104.9937761, 39.7426271], [-104.9937373, 39.7426589]]}}, {"type": "Feature", "properties": {"name": "13th Street", "highway": "tertiary"}, "geometry": {"type": "LineString", "coordinates": [[-104.9940667, 39.7410426], [-104.9941615, 39.7411126], [-104.994502, 39.7413873]]}}, {"type": "Feature", "properties": {"name": "Glenarm Place", "highway": "tertiary"}, "geometry": {"type": "LineString", "coordinates": [[-104.9916735, 39.7429078], [-104.9917344, 39.7428615], [-104.991755, 39.7428461], [-104.9920454, 39.7426177], [-104.9922774, 39.7424385], [-104.9927657, 39.7420627], [-104.9928579, 39.7419892], [-104.9929046, 39.7419532], [-104.9929452, 39.7419223], [-104.9934239, 39.7415356], [-104.993572, 39.7414215], [-104.9937802, 39.741261], [-104.993969, 39.7411148], [-104.9940667, 39.7410426], [-104.994145, 39.7409797], [-104.9944059, 39.7407788], [-104.9948052, 39.7404709]]}}, {"type": "Feature", "properties": {"name": "15th Street", "highway": "secondary"}, "geometry": {"type": "LineString", "coordinates": [[-104.9962734, 39.7464739], [-104.9963398, 39.7465246], [-104.9966095, 39.7467183]]}}, {"type": "Feature", "properties": {"name": "West 9th Avenue", "highway": "tertiary"}, "geometry": {"type": "LineString", "coordinates": [[-105.0001804, 39.7305159], [-105.0000319, 39.7305159], [-104.9999956, 39.7305159], [-104.9994366, 39.730516], [-104.9989855, 39.7305163], [-104.9987606, 39.7305164], [-104.9987354, 39.7305164], [-104.9986313, 39.7305161]]}}, {"type": "Feature", "properties": {"name": "West 9th Avenue", "highway": "residential"}, "geometry": {"type": "LineString", "coordinates": [[-105.0028437, 39.7305155], [-105.003009, 39.7305164], [-105.0030266, 39.7305165], [-105.0034175, 39.7305186], [-105.0034997, 39.730519], [-105.0039726, 39.7305214], [-105.0039905, 39.7305215], [-105.004086, 39.7305222]]}}, {"type": "Feature", "properties": {"name": "North Santa Fe Drive", "highway": "secondary"}, "geometry": {"type": "LineString", "coordinates": [[-104.9986313, 39.7305161], [-104.9986322, 39.7306039], [-104.99864, 39.7313839], [-104.9986408, 39.7314664], [-104.998642, 39.7315809], [-104.9986463, 39.7320099], [-104.9986472, 39.7320999], [-104.9986482, 39.7321996], [-104.9986519, 39.7325658], [-104.9986547, 39.7328453], [-104.9986563, 39.7329985], [-104.9986583, 39.7331949], [-104.9986623, 39.7335968], [-104.9986633, 39.7336952]]}}, {"type": "Feature", "properties": {"name": "North Mariposa Street", "highway": "tertiary"}, "geometry": {"type": "LineString", "coordinates": [[-105.0028405, 39.7289078], [-105.0028407, 39.7290212], [-105.0028407, 39.7290441], [-105.0028411, 39.7292105], [-105.0028424, 39.729883], [-105.0028427, 39.7300122], [-105.0028435, 39.7304202], [-105.0028437, 39.7305155]]}}, {"type": "Feature", "properties": {"name": "15th Street", "highway": "secondary"}, "geometry": {"type": "LineString", "coordinates": [[-104.9994791, 39.7489609], [-104.9995663, 39.7490296], [-104.9996263, 39.749077], [-104.9999112, 39.7493015]]}}, {"type": "Feature", "properties": {"name": "Market Street", "highway": "secondary"}, "geometry": {"type": "LineString", "coordinates": [[-104.9994791, 39.7489609], [-104.9994178, 39.7490076], [-104.9991966, 39.7491782], [-104.9987881, 39.7494933], [-104.998736, 39.7495334], [-104.9983786, 39.749809], [-104.9983166, 39.7498571]]}}, {"type": "Feature", "properties": {"name": "Market Street", "highway": "secondary"}, "geometry": {"type": "LineString", "coordinates": [[-104.9946844, 39.7526835], [-104.9946346, 39.752723], [-104.994593, 39.7527561], [-104.9937255, 39.7534218], [-104.993624, 39.7534997]]}}, {"type": "Feature", "properties": {"name": "19th Street", "highway": "secondary"}, "geometry": {"type": "LineString", "coordinates": [[-104.995548, 39.7533464], [-104.9955189, 39.7533237], [-104.9954736, 39.7532883], [-104.9951155, 39.7530145], [-104.9949799, 39.7529103], [-104.994851, 39.7528109], [-104.9947742, 39.7527516], [-104.9946844, 39.7526835]]}}, {"type": "Feature", "properties": {"name": "19th Street", "highway": "tertiary"}, "geometry": {"type": "LineString", "coordinates": [[-104.9946844, 39.7526835], [-104.9946454, 39.752655], [-104.9946, 39.7526218], [-104.994238, 39.7523455], [-104.9938947, 39.7520858], [-104.993798, 39.7520123]]}}, {"type": "Feature", "properties": {"name": "17th Street", "highway": "secondary"}, "geometry": {"type": "LineString", "coordinates": [[-104.9953312, 39.7494694], [-104.9952838, 39.7494331], [-104.9952584, 39.7494136], [-104.994778, 39.7490454]]}}, {"type": "Feature", "properties": {"name": "Larimer Street", "highway": "tertiary"}, "geometry": {"type": "LineString", "coordinates": [[-104.9962036, 39.7501386], [-104.996252, 39.7501002], [-104.9962906, 39.7500696], [-104.9973704, 39.7492324], [-104.997412, 39.7492005]]}}, {"type": "Feature", "properties": {"name": "Larimer Street", "highway": "tertiary"}, "geometry": {"type": "LineString", "coordinates": [[-104.993798, 39.7520123], [-104.993887, 39.7519426], [-104.9949193, 39.751133], [-104.994946, 39.7511127], [-104.9949887, 39.7510801], [-104.9950316, 39.7510486]]}}, {"type": "Feature", "properties": {"name": "West 14th Avenue", "highway": "secondary"}, "geometry": {"type": "LineString", "coordinates": [[-104.991647, 39.7384593], [-104.99155, 39.7384598], [-104.9912244, 39.7384614], [-104.990986, 39.7384625], [-104.9903773, 39.7384654]]}}, {"type": "Feature", "properties": {"name": "West 14th Avenue", "highway": "secondary"}, "geometry": {"type": "LineString", "coordinates": [[-104.9993739, 39.7384802], [-104.9992737, 39.7384829], [-104.9987155, 39.7384897], [-104.9985796, 39.7384889]]}}, {"type": "Feature", "properties": {"name": "15th Street", "highway": "secondary"}, "geometry": {"type": "LineString", "coordinates": [[-104.9899054, 39.7415764], [-104.9899932, 39.7416422], [-104.9902023, 39.7417912], [-104.99036, 39.7419094], [-104.9907057, 39.7421835], [-104.9907772, 39.7422377]]}}, {"type": "Feature", "properties": {"name": "West 13th Avenue", "highway": "secondary"}, "geometry": {"type": "LineString", "coordinates": [[-104.9963566, 39.7368579], [-104.9964751, 39.7368596]]}}, {"type": "Feature", "properties": {"name": "North Kalamath Street", "highway": "secondary"}, "geometry": {"type": "LineString", "coordinates": [[-105.0001422, 39.736875], [-105.000142, 39.7367856], [-105.0001464, 39.7361768]]}}, {"type": "Feature", "properties": {"name": "Cherokee Street", "highway": "tertiary"}, "geometry": {"type": "LineString", "coordinates": [[-104.991647, 39.7384593], [-104.991647, 39.7385485], [-104.9916463, 39.7389183], [-104.9916459, 39.7390699], [-104.9916451, 39.7394123], [-104.9916447, 39.7395542], [-104.9916447, 39.7395618], [-104.991643, 39.7399467], [-104.9916442, 39.7400018]]}}, {"type": "Feature", "properties": {"name": "15th Street", "highway": "secondary"}, "geometry": {"type": "LineString", "coordinates": [[-105.0092717, 39.7564592], [-105.0091988, 39.7564021], [-105.0088521, 39.7561408], [-105.0087053, 39.7560302], [-105.0084021, 39.7558015]]}}, {"type": "Feature", "properties": {"name": "Platte Street", "highway": "tertiary"}, "geometry": {"type": "LineString", "coordinates": [[-105.0092717, 39.7564592], [-105.009391, 39.7563695], [-105.0096906, 39.7561443], [-105.0098418, 39.7560307], [-105.0100814, 39.7558506], [-105.0103499, 39.7556489]]}}, {"type": "Feature", "properties": {"name": "Water Street", "highway": "tertiary"}, "geometry": {"type": "LineString", "coordinates": [[-105.0149596, 39.7518969], [-105.0151844, 39.751805]]}}, {"type": "Feature", "properties": {"name": "California Street", "highway": "tertiary"}, "geometry": {"type": "LineString", "coordinates": [[-104.9909899, 39.7461333], [-104.9910232, 39.7461078], [-104.9910774, 39.7460663], [-104.9916546, 39.7456208], [-104.9921238, 39.7452587], [-104.9921915, 39.7452097]]}}, {"type": "Feature", "properties": {"name": "West 10th Avenue", "highway": "tertiary"}, "geometry": {"type": "LineString", "coordinates": [[-104.9888519, 39.7320544], [-104.988756, 39.7320544], [-104.9881688, 39.7320544], [-104.9879132, 39.7320545], [-104.9875814, 39.7320545], [-104.987412, 39.7320545]]}}, {"type": "Feature", "properties": {"name": "Acoma Street", "highway": "residential"}, "geometry": {"type": "LineString", "coordinates": [[-104.9888446, 39.7338498], [-104.988845, 39.73376], [-104.9888451, 39.7337267], [-104.9888464, 39.7334074], [-104.9888469, 39.7332892], [-104.9888476, 39.7331197], [-104.9888478, 39.7330572], [-104.9888482, 39.732955], [-104.9888487, 39.7328426], [-104.9888494, 39.7326683], [-104.9888499, 39.7325627], [-104.98885, 39.7325286], [-104.9888515, 39.7321668], [-104.988851, 39.7321545], [-104.9888519, 39.7320544]]}}, {"type": "Feature", "properties": {"name": "Acoma Street", "highway": "residential"}, "geometry": {"type": "LineString", "coordinates": [[-104.9888446, 39.7338498], [-104.988844, 39.7339503], [-104.9888445, 39.7339752], [-104.9888435, 39.7350136], [-104.9888434, 39.7350734], [-104.9888433, 39.7351494], [-104.988843, 39.735168]]}}, {"type": "Feature", "properties": {"name": "West Colfax Avenue", "highway": "primary"}, "geometry": {"type": "LineString", "coordinates": [[-104.99819, 39.7400182], [-104.9980335, 39.7400154]]}}, {"type": "Feature", "properties": {"name": "Court Place", "highway": "tertiary"}, "geometry": {"type": "LineString", "coordinates": [[-104.9878972, 39.7431235], [-104.9878135, 39.7431897], [-104.9877633, 39.7432245], [-104.9877299, 39.743246], [-104.987695, 39.7432625], [-104.9876521, 39.74328], [-104.9875771, 39.7433058], [-104.9873953, 39.7433641]]}}, {"type": "Feature", "properties": {"name": "17th Street", "highway": "secondary"}, "geometry": {"type": "LineString", "coordinates": [[-104.9887912, 39.7444394], [-104.988439, 39.7441706], [-104.9883539, 39.7441042]]}}, {"type": "Feature", "properties": {"name": "Glenarm Place", "highway": "tertiary"}, "geometry": {"type": "LineString", "coordinates": [[-104.9892287, 39.7447764], [-104.9891425, 39.744842], [-104.9888264, 39.7450874], [-104.9886925, 39.7451913], [-104.9882021, 39.7455707], [-104.9881052, 39.7456464], [-104.9880305, 39.7457035]]}}, {"type": "Feature", "properties": {"name": "20th Street", "highway": "secondary"}, "geometry": {"type": "LineString", "coordinates": [[-104.9899765, 39.750933], [-104.9900692, 39.7510067], [-104.9901539, 39.7510719], [-104.9904042, 39.7512646], [-104.9907585, 39.7515384], [-104.9908493, 39.7516097]]}}, {"type": "Feature", "properties": {"name": "20th Street", "highway": "secondary"}, "geometry": {"type": "LineString", "coordinates": [[-104.9882254, 39.7495753], [-104.9883221, 39.7496499], [-104.9886737, 39.7499229], [-104.9890237, 39.7501916], [-104.9891054, 39.7502576]]}}, {"type": "Feature", "properties": {"name": "Curtis Street", "highway": "tertiary"}, "geometry": {"type": "LineString", "coordinates": [[-104.9887668, 39.7518642], [-104.9887039, 39.751913], [-104.988485, 39.7520813], [-104.9882585, 39.7522558], [-104.9881539, 39.7523363], [-104.9879496, 39.7524936], [-104.9876488, 39.7527253], [-104.9875591, 39.7527938]]}}, {"type": "Feature", "properties": {"name": "West 21st Street", "highway": "tertiary"}, "geometry": {"type": "LineString", "coordinates": [[-104.9887668, 39.7518642], [-104.9886921, 39.7518064], [-104.988665, 39.7517856], [-104.9883372, 39.7515348], [-104.988009, 39.751282], [-104.9879747, 39.7512555], [-104.9878935, 39.7511945]]}}, {"type": "Feature", "properties": {"name": "Stout Street", "highway": "secondary"}, "geometry": {"type": "LineString", "coordinates": [[-104.9882254, 39.7495753], [-104.9881384, 39.7496428], [-104.9880434, 39.7497166], [-104.9879166, 39.749815], [-104.9878087, 39.7498991], [-104.9875688, 39.7500862], [-104.9873737, 39.7502365]]}}, {"type": "Feature", "properties": {"name": "Champa Street", "highway": "secondary"}, "geometry": {"type": "LineString", "coordinates": [[-104.9878935, 39.7511945], [-104.9879613, 39.7511425], [-104.9880956, 39.7510383], [-104.9881871, 39.7509675], [-104.9883129, 39.7508703], [-104.9883978, 39.7508047], [-104.9884313, 39.7507788], [-104.988563, 39.7506769], [-104.9886967, 39.7505735], [-104.9888211, 39.7504774], [-104.9889127, 39.7504065], [-104.9889455, 39.7503812], [-104.9890194, 39.7503245], [-104.9891054, 39.7502576]]}}, {"type": "Feature", "properties": {"name": "Curtis Street", "highway": "tertiary"}, "geometry": {"type": "LineString", "coordinates": [[-104.9899765, 39.750933], [-104.9898909, 39.750999], [-104.9894118, 39.7513677], [-104.9892851, 39.7514652], [-104.9890571, 39.7516407], [-104.9888353, 39.7518114], [-104.9887668, 39.7518642]]}}, {"type": "Feature", "properties": {"name": "West Colfax Avenue", "highway": "primary"}, "geometry": {"type": "LineString", "coordinates": [[-105.0019236, 39.7401655], [-105.0026849, 39.7401617], [-105.0027235, 39.7401617], [-105.0028458, 39.7401609]]}}, {"type": "Feature", "properties": {"name": "North Kalamath Street", "highway": "secondary"}, "geometry": {"type": "LineString", "coordinates": [[-105.0001503, 39.7400188], [-105.0001502, 39.7399489], [-105.0001497, 39.7398004]]}}, {"type": "Feature", "properties": {"name": "North Santa Fe Drive", "highway": "secondary"}, "geometry": {"type": "LineString", "coordinates": [[-104.9995833, 39.7386424], [-104.999647, 39.7386916], [-104.9997074, 39.7387411], [-104.9997583, 39.7387875], [-104.9998066, 39.7388401], [-104.9998536, 39.7388958], [-104.9999112, 39.7389701]]}}, {"type": "Feature", "properties": {"name": "West Colfax Avenue", "highway": "primary"}, "geometry": {"type": "LineString", "coordinates": [[-104.9999703, 39.740019], [-104.9998418, 39.7400181], [-104.9995151, 39.7400184], [-104.99894, 39.7400208], [-104.9987846, 39.740018]]}}, {"type": "Feature", "properties": {"name": "15th Street", "highway": "tertiary"}, "geometry": {"type": "LineString", "coordinates": [[-105.0105054, 39.7573918], [-105.0105827, 39.7574516], [-105.0107928, 39.7576144], [-105.0113696, 39.758061]]}}, {"type": "Feature", "properties": {"name": "Boulder Street", "highway": "residential"}, "geometry": {"type": "LineString", "coordinates": [[-105.0116988, 39.7583159], [-105.0116066, 39.758387], [-105.0113873, 39.7585563], [-105.011256, 39.7586576], [-105.0110932, 39.7587833]]}}, {"type": "Feature", "properties": {"name": "16th Street", "highway": "tertiary"}, "geometry": {"type": "LineString", "coordinates": [[-105.0105031, 39.7592388], [-105.0104317, 39.759185], [-105.0098284, 39.7587306], [-105.0093763, 39.7583901], [-105.0092961, 39.7583297]]}}, {"type": "Feature", "properties": {"name": "West Colfax Avenue", "highway": "primary"}, "geometry": {"type": "LineString", "coordinates": [[-105.014693, 39.7403408], [-105.0145605, 39.740338], [-105.0124916, 39.7402957], [-105.0120413, 39.7402859]]}}, {"type": "Feature", "properties": {"name": "West Colfax Avenue", "highway": "primary"}, "geometry": {"type": "LineString", "coordinates": [[-104.9952896, 39.7400103], [-104.995154, 39.7400105], [-104.994108, 39.7400074]]}}, {"type": "Feature", "properties": {"name": "Park Avenue West", "highway": "primary"}, "geometry": {"type": "LineString", "coordinates": [[-104.9873844, 39.7545318], [-104.9875387, 39.754649], [-104.9876595, 39.7547426], [-104.9880191, 39.7550199], [-104.9880568, 39.7550483], [-104.9881046, 39.7550844]]}}, {"type": "Feature", "properties": {"name": "West 22nd Street", "highway": "primary"}, "geometry": {"type": "LineString", "coordinates": [[-104.990176, 39.7548073], [-104.9900987, 39.7547478], [-104.9897442, 39.754475], [-104.989402, 39.7542118], [-104.9893089, 39.7541402], [-104.9892743, 39.7541136], [-104.9892317, 39.7540807], [-104.9888762, 39.7538072], [-104.9885288, 39.75354], [-104.9884983, 39.7535165], [-104.9884361, 39.7534686], [-104.9883489, 39.7534015], [-104.9879967, 39.7531305], [-104.9879402, 39.753087]]}}, {"type": "Feature", "properties": {"name": "Larimer Street", "highway": "tertiary"}, "geometry": {"type": "LineString", "coordinates": [[-104.990176, 39.7548073], [-104.9902508, 39.7547492], [-104.9903297, 39.7546878], [-104.9905791, 39.7544939], [-104.9909571, 39.7542], [-104.9910852, 39.7541004], [-104.9912966, 39.7539355], [-104.9913755, 39.7538746]]}}, {"type": "Feature", "properties": {"name": "California Street", "highway": "tertiary"}, "geometry": {"type": "LineString", "coordinates": [[-104.9942954, 39.7435839], [-104.9944313, 39.7434792], [-104.9945405, 39.7433951], [-104.9946238, 39.7433305]]}}, {"type": "Feature", "properties": {"name": "17th Street", "highway": "secondary"}, "geometry": {"type": "LineString", "coordinates": [[-104.9909899, 39.7461333], [-104.9909407, 39.7460962], [-104.9909139, 39.7460754], [-104.9907804, 39.745973], [-104.9905456, 39.7457911], [-104.9901857, 39.7455125], [-104.9901053, 39.7454518]]}}, {"type": "Feature", "properties": {"name": "Stout Street", "highway": "secondary"}, "geometry": {"type": "LineString", "coordinates": [[-104.9918336, 39.7467834], [-104.9917904, 39.7468166], [-104.9917545, 39.7468441], [-104.9911751, 39.7472891], [-104.9907076, 39.7476482], [-104.9906283, 39.7477091]]}}, {"type": "Feature", "properties": {"name": "15th Street", "highway": "secondary"}, "geometry": {"type": "LineString", "coordinates": [[-104.9951313, 39.7455932], [-104.9952198, 39.7456617], [-104.9953511, 39.7457632], [-104.9955803, 39.7459405]]}}, {"type": "Feature", "properties": {"name": "Larimer Street", "highway": "tertiary"}, "geometry": {"type": "LineString", "coordinates": [[-104.9874082, 39.7569609], [-104.9875515, 39.756848], [-104.9877614, 39.7566841], [-104.9884028, 39.7561876], [-104.98854, 39.756081], [-104.988877, 39.7558192], [-104.9889675, 39.7557505]]}}, {"type": "Feature", "properties": {"name": "North Speer Boulevard", "highway": "primary"}, "geometry": {"type": "LineString", "coordinates": [[-104.9997869, 39.7417937], [-104.9995512, 39.7413675], [-104.9995322, 39.7413308], [-104.9995044, 39.7412778], [-104.9994651, 39.7412073]]}}, {"type": "Feature", "properties": {"name": "West Colfax Avenue", "highway": "primary"}, "geometry": {"type": "LineString", "coordinates": [[-104.9987846, 39.740018], [-104.9986822, 39.7400179]]}}, {"type": "Feature", "properties": {"name": "North Speer Boulevard", "highway": "primary"}, "geometry": {"type": "LineString", "coordinates": [[-104.9987846, 39.740018], [-104.9987273, 39.7399339], [-104.9984041, 39.7394963], [-104.9983645, 39.7394435], [-104.9977106, 39.7385532], [-104.9976451, 39.7384663]]}}, {"type": "Feature", "properties": {"name": "Champa Street", "highway": "secondary"}, "geometry": {"type": "LineString", "coordinates": [[-104.9873809, 39.7515819], [-104.987528, 39.7514707], [-104.9878359, 39.751238], [-104.9878935, 39.7511945]]}}, {"type": "Feature", "properties": {"name": "20th Street", "highway": "secondary"}, "geometry": {"type": "LineString", "coordinates": [[-104.9917152, 39.7522655], [-104.9918199, 39.7523439], [-104.9921603, 39.7526032]]}}, {"type": "Feature", "properties": {"name": "20th Street", "highway": "secondary"}, "geometry": {"type": "LineString", "coordinates": [[-104.9925975, 39.7529353], [-104.9926981, 39.7530136], [-104.9930299, 39.7532817], [-104.9933827, 39.7535636], [-104.9934602, 39.7536258]]}}, {"type": "Feature", "properties": {"name": "Larimer Street", "highway": "tertiary"}, "geometry": {"type": "LineString", "coordinates": [[-104.9925975, 39.7529353], [-104.9926722, 39.7528763], [-104.9929345, 39.752675]]}}, {"type": "Feature", "properties": {"name": "Lawrence Street", "highway": "tertiary"}, "geometry": {"type": "LineString", "coordinates": [[-104.9917152, 39.7522655], [-104.9916215, 39.7523381], [-104.9914081, 39.7525012], [-104.9912073, 39.7526587], [-104.9906922, 39.7530574], [-104.9905785, 39.7531455], [-104.990505, 39.7532024]]}}, {"type": "Feature", "properties": {"name": "Cherokee Street", "highway": "tertiary"}, "geometry": {"type": "LineString", "coordinates": [[-104.9916504, 39.7368556], [-104.9916504, 39.7368962], [-104.991651, 39.7369587], [-104.9916508, 39.7371605], [-104.9916507, 39.7372039], [-104.9916489, 39.7378571], [-104.9916485, 39.7380056], [-104.9916485, 39.7380197], [-104.9916482, 39.7381438], [-104.991647, 39.7383574], [-104.991647, 39.7384224], [-104.991647, 39.7384593]]}}, {"type": "Feature", "properties": {"name": "West 13th Avenue", "highway": "secondary"}, "geometry": {"type": "LineString", "coordinates": [[-104.9916504, 39.7368556], [-104.99177, 39.7368557], [-104.9919554, 39.736856], [-104.9923546, 39.7368565], [-104.992845, 39.7368571], [-104.992954, 39.7368572], [-104.993051, 39.7368573], [-104.9935368, 39.7368579], [-104.9936662, 39.7368581], [-104.9940306, 39.7368586], [-104.994123, 39.7368587], [-104.9942305, 39.7368588], [-104.9945028, 39.7368591], [-104.9947101, 39.7368594]]}}, {"type": "Feature", "properties": {"name": "Bannock Street", "highway": "tertiary"}, "geometry": {"type": "LineString", "coordinates": [[-104.9902547, 39.7368531], [-104.990254, 39.7368869], [-104.990254, 39.7369538], [-104.9902597, 39.7371921], [-104.9902628, 39.7373226]]}}, {"type": "Feature", "properties": {"name": "North Speer Boulevard", "highway": "primary"}, "geometry": {"type": "LineString", "coordinates": [[-104.9906535, 39.7299812], [-104.9907121, 39.7300599], [-104.9908297, 39.7302162], [-104.9909772, 39.7304121], [-104.991065, 39.7305296], [-104.9910783, 39.7305474], [-104.9913357, 39.7308917], [-104.9915857, 39.7312246], [-104.9915986, 39.7312439], [-104.9916858, 39.7313649], [-104.9919185, 39.7316877], [-104.9919925, 39.7317917], [-104.992197, 39.7320539], [-104.9923309, 39.732238], [-104.9923433, 39.7322551], [-104.9929606, 39.7331034], [-104.9934205, 39.7337536], [-104.9935182, 39.7338802], [-104.9935759, 39.7339582]]}}, {"type": "Feature", "properties": {"name": "Park Avenue West", "highway": "primary"}, "geometry": {"type": "LineString", "coordinates": [[-104.99373, 39.7591916], [-104.9936846, 39.7591543], [-104.9934953, 39.7589962], [-104.9934245, 39.7589316], [-104.9933947, 39.7589024], [-104.9933536, 39.7588573], [-104.9932965, 39.7587871], [-104.993266, 39.7587436], [-104.9932124, 39.7586549], [-104.9931847, 39.7586011], [-104.9931477, 39.7585122], [-104.9931319, 39.7584673], [-104.9931131, 39.7584028], [-104.9930953, 39.7583326], [-104.9930858, 39.7582874], [-104.9930681, 39.7581828], [-104.9930595, 39.7581229], [-104.9930273, 39.7577889], [-104.9930048, 39.7575457], [-104.992987, 39.7574157], [-104.9929575, 39.7572837], [-104.9929227, 39.7571703], [-104.992903, 39.7571284], [-104.9928723, 39.7570678]]}}, {"type": "Feature", "properties": {"name": "19th Street", "highway": "secondary"}, "geometry": {"type": "LineString", "coordinates": [[-104.9972971, 39.7546894], [-104.9972671, 39.7546665], [-104.9972104, 39.7546231], [-104.9968609, 39.7543559], [-104.9964986, 39.754079], [-104.9964185, 39.7540177]]}}, {"type": "Feature", "properties": {"name": "Wazee Street", "highway": "residential"}, "geometry": {"type": "LineString", "coordinates": [[-104.9964185, 39.7540177], [-104.9963667, 39.7540575], [-104.9963293, 39.7540863], [-104.9958531, 39.7544524], [-104.9957453, 39.7545355], [-104.9952895, 39.754886], [-104.9951571, 39.7549879]]}}, {"type": "Feature", "properties": {"name": "Curtis Street", "highway": "tertiary"}, "geometry": {"type": "LineString", "coordinates": [[-104.9911919, 39.7499973], [-104.9911301, 39.7500453], [-104.9910898, 39.7500766], [-104.9909096, 39.7502149], [-104.9908042, 39.7502958], [-104.990586, 39.7504638]]}}, {"type": "Feature", "properties": {"name": "19th Street", "highway": "tertiary"}, "geometry": {"type": "LineString", "coordinates": [[-104.993798, 39.7520123], [-104.9937108, 39.7519449], [-104.993372, 39.7516829], [-104.9930208, 39.7514114], [-104.9929197, 39.7513332], [-104.9928848, 39.7513063], [-104.9928432, 39.7512741], [-104.9926444, 39.7511204], [-104.9925155, 39.7510207], [-104.9924974, 39.7510067], [-104.9921566, 39.7507432], [-104.9920947, 39.7506953], [-104.9920451, 39.750657]]}}, {"type": "Feature", "properties": {"name": "Arapahoe Street", "highway": "tertiary"}, "geometry": {"type": "LineString", "coordinates": [[-104.9908493, 39.7516097], [-104.9909332, 39.7515418], [-104.9915408, 39.7510588], [-104.9917053, 39.7509277], [-104.9919479, 39.7507336], [-104.9919684, 39.7507174], [-104.9920451, 39.750657]]}}, {"type": "Feature", "properties": {"name": "18th Street", "highway": "secondary"}, "geometry": {"type": "LineString", "coordinates": [[-104.9932838, 39.7497042], [-104.9933491, 39.7497521], [-104.993374, 39.7497737], [-104.9937337, 39.7500516], [-104.9938592, 39.7501459]]}}, {"type": "Feature", "properties": {"name": "Arapahoe Street", "highway": "tertiary"}, "geometry": {"type": "LineString", "coordinates": [[-104.9968678, 39.7469139], [-104.9969333, 39.746867], [-104.9969578, 39.7468502], [-104.9973228, 39.7465823], [-104.9977016, 39.7462897]]}}, {"type": "Feature", "properties": {"name": "Wewatta Street", "highway": "tertiary"}, "geometry": {"type": "LineString", "coordinates": [[-105.0039992, 39.7507133], [-105.0037352, 39.7509591], [-105.0037452, 39.7510078]]}}, {"type": "Feature", "properties": {"name": "North Valley Highway", "highway": "motorway"}, "geometry": {"type": "LineString", "coordinates": [[-105.0144217, 39.7366836], [-105.0145177, 39.7364083], [-105.0146007, 39.7361895]]}}, {"type": "Feature", "properties": {"name": "21st Street", "highway": "residential"}, "geometry": {"type": "LineString", "coordinates": [[-104.9963803, 39.7570373], [-104.9964584, 39.7570956], [-104.9965249, 39.7571442], [-104.9965617, 39.7571728], [-104.9969301, 39.757448], [-104.9969696, 39.7574775], [-104.9970099, 39.7575084], [-104.9970308, 39.7575249], [-104.9970425, 39.7575416], [-104.9970486, 39.7575604], [-104.9970488, 39.7575759]]}}, {"type": "Feature", "properties": {"name": "19th Street", "highway": "residential"}, "geometry": {"type": "LineString", "coordinates": [[-104.9999057, 39.7566845], [-104.9998445, 39.7566372], [-104.9995707, 39.7564254], [-104.9995033, 39.7563732], [-104.999166, 39.7561122], [-104.9988348, 39.7558559], [-104.9987465, 39.7557902]]}}, {"type": "Feature", "properties": {"name": "North Speer Boulevard", "highway": "primary"}, "geometry": {"type": "LineString", "coordinates": [[-105.0026615, 39.7476216], [-105.0025693, 39.747533], [-105.0015006, 39.7464756], [-105.001433, 39.7464083]]}}, {"type": "Feature", "properties": {"name": "19th Street", "highway": "residential"}, "geometry": {"type": "LineString", "coordinates": [[-104.9999057, 39.7566845], [-105.0000174, 39.7567689], [-105.0005016, 39.7571347], [-105.0007465, 39.7573197], [-105.0008498, 39.7573978]]}}, {"type": "Feature", "properties": {"name": "17th Street", "highway": "residential"}, "geometry": {"type": "LineString", "coordinates": [[-105.0024021, 39.7547539], [-105.0023366, 39.754704], [-105.0016506, 39.7541801], [-105.00162, 39.754157], [-105.001598, 39.75414], [-105.001494, 39.7540604]]}}, {"type": "Feature", "properties": {"name": "Wazee Street", "highway": "residential"}, "geometry": {"type": "LineString", "coordinates": [[-104.9928723, 39.7570678], [-104.9927816, 39.7571362], [-104.9918353, 39.7578405], [-104.9917538, 39.7579013]]}}, {"type": "Feature", "properties": {"name": "Court Place", "highway": "tertiary"}, "geometry": {"type": "LineString", "coordinates": [[-104.9893606, 39.7419903], [-104.989083, 39.742201], [-104.9888833, 39.7423527]]}}, {"type": "Feature", "properties": {"name": "Arapahoe Street", "highway": "tertiary"}, "geometry": {"type": "LineString", "coordinates": [[-104.9920451, 39.750657], [-104.9921312, 39.7505916], [-104.9931708, 39.749788], [-104.993184, 39.7497774], [-104.9932327, 39.7497387], [-104.9932838, 39.7497042]]}}, {"type": "Feature", "properties": {"name": "19th Street", "highway": "tertiary"}, "geometry": {"type": "LineString", "coordinates": [[-104.9920451, 39.750657], [-104.9919711, 39.7506007], [-104.9914113, 39.7501677], [-104.9912831, 39.7500686], [-104.9911919, 39.7499973]]}}, {"type": "Feature", "properties": {"name": "Market Street", "highway": "secondary"}, "geometry": {"type": "LineString", "coordinates": [[-104.991044, 39.7554853], [-104.9909554, 39.7555545], [-104.9908201, 39.75566], [-104.9899444, 39.7563764], [-104.9898601, 39.7564388]]}}, {"type": "Feature", "properties": {"name": "20th Street", "highway": "secondary"}, "geometry": {"type": "LineString", "coordinates": [[-104.9934602, 39.7536258], [-104.9935533, 39.7536993], [-104.9938849, 39.7539667]]}}, {"type": "Feature", "properties": {"name": "Blake Street", "highway": "secondary"}, "geometry": {"type": "LineString", "coordinates": [[-104.991913, 39.7561641], [-104.9920045, 39.7560949], [-104.9920412, 39.7560664], [-104.9930306, 39.755296], [-104.9931255, 39.7552213], [-104.9932085, 39.7551583], [-104.9941473, 39.7544325], [-104.9943078, 39.7543062], [-104.9944217, 39.7542193], [-104.9951093, 39.7536873], [-104.995458, 39.7534175], [-104.9954965, 39.7533871], [-104.995548, 39.7533464]]}}, {"type": "Feature", "properties": {"name": "Larimer Street", "highway": "tertiary"}, "geometry": {"type": "LineString", "coordinates": [[-104.9913755, 39.7538746], [-104.9914529, 39.7538147], [-104.9916066, 39.7536965], [-104.9919167, 39.7534575], [-104.9923848, 39.7530966], [-104.9924028, 39.7530827], [-104.992495, 39.7530131], [-104.9925975, 39.7529353]]}}, {"type": "Feature", "properties": {"name": "Lawrence Street", "highway": "tertiary"}, "geometry": {"type": "LineString", "coordinates": [[-104.990505, 39.7532024], [-104.9904335, 39.7532584], [-104.9895894, 39.7539203], [-104.9893841, 39.7540812], [-104.9893089, 39.7541402], [-104.9892185, 39.7542111], [-104.9891188, 39.7542892], [-104.9889593, 39.7544143], [-104.9888479, 39.7545016], [-104.9888088, 39.7545322], [-104.9887115, 39.7546082]]}}, {"type": "Feature", "properties": {"name": "West 13th Avenue", "highway": "tertiary"}, "geometry": {"type": "LineString", "coordinates": [[-105.0021642, 39.7368797], [-105.0026267, 39.7368807], [-105.0026618, 39.7368808]]}}, {"type": "Feature", "properties": {"name": "Platte Street", "highway": "tertiary"}, "geometry": {"type": "LineString", "coordinates": [[-105.010925, 39.7536929], [-105.0111541, 39.7535914]]}}, {"type": "Feature", "properties": {"name": "Galapago Street", "highway": "tertiary"}, "geometry": {"type": "LineString", "coordinates": [[-104.9965056, 39.7336903], [-104.9965074, 39.7335934], [-104.9965079, 39.7335651], [-104.9965093, 39.7334898], [-104.996513, 39.7332834], [-104.9965168, 39.7330738], [-104.9965148, 39.7330396], [-104.9965098, 39.7330027], [-104.9964991, 39.7329645], [-104.9964823, 39.7329172], [-104.9964581, 39.7328525], [-104.9964501, 39.7328309], [-104.99645, 39.732825], [-104.9964424, 39.732202], [-104.9964411, 39.7320969], [-104.9964401, 39.732018], [-104.9964376, 39.7318132], [-104.9964284, 39.7310518], [-104.9964269, 39.7309319], [-104.9964229, 39.7306119], [-104.9964219, 39.7305237], [-104.9964208, 39.7304284], [-104.9964089, 39.7294559], [-104.9964071, 39.7293111], [-104.9964035, 39.7290104], [-104.9964022, 39.7289089], [-104.9964011, 39.7288194], [-104.9964002, 39.7287439], [-104.9963928, 39.7281418], [-104.996384, 39.7274173], [-104.9963829, 39.727324]]}}, {"type": "Feature", "properties": {"name": "Delgany Street", "highway": "tertiary"}, "geometry": {"type": "LineString", "coordinates": [[-104.9935792, 39.759298], [-104.9934965, 39.759358], [-104.9931363, 39.759619], [-104.9927867, 39.7598327]]}}, {"type": "Feature", "properties": {"name": "Wewatta Street", "highway": "tertiary"}, "geometry": {"type": "LineString", "coordinates": [[-104.9970265, 39.7567545], [-104.9975376, 39.7565398]]}}, {"type": "Feature", "properties": {"name": "Wewatta Street", "highway": "tertiary"}, "geometry": {"type": "LineString", "coordinates": [[-104.9953859, 39.7577905], [-104.9948181, 39.7583467], [-104.9946607, 39.7584788], [-104.9944507, 39.7586401]]}}, {"type": "Feature", "properties": {"name": "Wewatta Street", "highway": "tertiary"}, "geometry": {"type": "LineString", "coordinates": [[-104.996943, 39.7566819], [-104.9968621, 39.7567217], [-104.9966849, 39.7568219], [-104.9964749, 39.7569662], [-104.9963803, 39.7570373]]}}, {"type": "Feature", "properties": {"name": "Wewatta Street", "highway": "tertiary"}, "geometry": {"type": "LineString", "coordinates": [[-105.0002586, 39.7550606], [-105.0001326, 39.7551235], [-105.0000397, 39.7551537], [-104.9999275, 39.7551782], [-104.9998117, 39.7551919], [-104.9996718, 39.7552165], [-104.9995703, 39.7552424], [-104.9994952, 39.7552672], [-104.9994483, 39.7552857], [-104.9993865, 39.7553167], [-104.9992699, 39.7553909]]}}, {"type": "Feature", "properties": {"name": "Wewatta Street", "highway": "tertiary"}, "geometry": {"type": "LineString", "coordinates": [[-104.9975376, 39.7565398], [-104.9977249, 39.7564703], [-104.9978168, 39.7564364], [-104.9980212, 39.756361], [-104.9982195, 39.7562536], [-104.9986947, 39.7558931], [-104.9987465, 39.7557902]]}}, {"type": "Feature", "properties": {"name": "18th Street", "highway": "residential"}, "geometry": {"type": "LineString", "coordinates": [[-104.9985404, 39.7537533], [-104.9985721, 39.7537918], [-104.9985961, 39.7538195], [-104.9986193, 39.7538494], [-104.998956, 39.754085], [-104.998995, 39.7541135], [-104.9990512, 39.7541543]]}}, {"type": "Feature", "properties": {"name": "15th Street", "highway": "secondary"}, "geometry": {"type": "LineString", "coordinates": [[-104.9890246, 39.7409082], [-104.9891129, 39.7409752], [-104.989325, 39.7411361]]}}, {"type": "Feature", "properties": {"name": "Wewatta Street", "highway": "tertiary"}, "geometry": {"type": "LineString", "coordinates": [[-104.9938177, 39.7592645], [-104.9939242, 39.759188], [-104.994781, 39.7585589], [-104.9949254, 39.7584313], [-104.9954923, 39.7578731]]}}, {"type": "Feature", "properties": {"name": "18th Street", "highway": "residential"}, "geometry": {"type": "LineString", "coordinates": [[-105.0002586, 39.7550606], [-105.0003695, 39.7551536], [-105.0003921, 39.7551727], [-105.0006601, 39.7553867], [-105.0006974, 39.755416], [-105.000706, 39.7554228], [-105.0010555, 39.7556968], [-105.0011212, 39.7557483]]}}, {"type": "Feature", "properties": {"name": "West 13th Avenue", "highway": "secondary"}, "geometry": {"type": "LineString", "coordinates": [[-104.9994257, 39.7368742], [-104.9996792, 39.7368745], [-105.000009, 39.7368748], [-105.0001422, 39.736875]]}}, {"type": "Feature", "properties": {"name": "Bannock Street", "highway": "tertiary"}, "geometry": {"type": "LineString", "coordinates": [[-104.9902822, 39.7381379], [-104.9902145, 39.738236], [-104.990181, 39.7382845], [-104.9901449, 39.7383112], [-104.9901043, 39.7383306], [-104.990071, 39.7383404], [-104.9900106, 39.7383546]]}}, {"type": "Feature", "properties": {"name": "Bannock Street", "highway": "tertiary"}, "geometry": {"type": "LineString", "coordinates": [[-104.9902878, 39.738362], [-104.9902822, 39.7381379]]}}, {"type": "Feature", "properties": {"name": "West 14th Avenue Parkway", "highway": "secondary"}, "geometry": {"type": "LineString", "coordinates": [[-104.9880316, 39.7383343], [-104.9879899, 39.7383619], [-104.987932, 39.7383929], [-104.9878196, 39.7384297], [-104.9876581, 39.7384524], [-104.9875548, 39.7384575], [-104.9873961, 39.7384585]]}}, {"type": "Feature", "properties": {"name": "Bassett Street", "highway": "residential"}, "geometry": {"type": "LineString", "coordinates": [[-105.004231, 39.7562697], [-105.0041101, 39.7562855], [-105.004077, 39.7562917], [-105.004011, 39.7563041], [-105.0039225, 39.7563392], [-105.0038987, 39.7563544], [-105.0038722, 39.7563713], [-105.003842, 39.7563907], [-105.0029815, 39.7570635], [-105.0028961, 39.7571288], [-105.0028085, 39.7571971], [-105.0022958, 39.7575972], [-105.0017817, 39.7579984], [-105.0017551, 39.7580191], [-105.0016882, 39.7580713]]}}, {"type": "Feature", "properties": {"name": "Delgany Street", "highway": "residential"}, "geometry": {"type": "LineString", "coordinates": [[-105.0048546, 39.7515353], [-105.004519, 39.7517897], [-105.0041801, 39.7520467], [-105.0039501, 39.7522211], [-105.0038592, 39.7522908], [-105.0037629, 39.7523629], [-105.0032742, 39.7527334], [-105.0032129, 39.75278]]}}, {"type": "Feature", "properties": {"name": "Blake Street", "highway": "secondary"}, "geometry": {"type": "LineString", "coordinates": [[-104.99021, 39.7574775], [-104.9906268, 39.7571561], [-104.9907076, 39.7570938], [-104.9908014, 39.7570203], [-104.9908754, 39.7569644], [-104.9910062, 39.7568635], [-104.9915844, 39.7564175], [-104.9916956, 39.7563318], [-104.9917875, 39.756261], [-104.9918366, 39.7562231], [-104.991913, 39.7561641]]}}, {"type": "Feature", "properties": {"name": "Platte Street", "highway": "tertiary"}, "geometry": {"type": "LineString", "coordinates": [[-105.0041306, 39.7604252], [-105.0055885, 39.7593146], [-105.0060334, 39.7589728], [-105.0060968, 39.7589241], [-105.0063824, 39.7587041], [-105.0068814, 39.7583197], [-105.007238, 39.758045], [-105.0073393, 39.757967], [-105.0074782, 39.75786], [-105.0080206, 39.7574422], [-105.0080834, 39.7573939]]}}, {"type": "Feature", "properties": {"name": "Cheyenne Place", "highway": "tertiary"}, "geometry": {"type": "LineString", "coordinates": [[-104.9873959, 39.7407153], [-104.9875195, 39.7407106], [-104.987561, 39.7406865], [-104.987986, 39.7403603], [-104.9880159, 39.7403423], [-104.988124, 39.7402717]]}}, {"type": "Feature", "properties": {"name": "Welton Street", "highway": "tertiary"}, "geometry": {"type": "LineString", "coordinates": [[-104.9901053, 39.7454518], [-104.9900596, 39.745487], [-104.9900226, 39.7455156], [-104.9895729, 39.7458661], [-104.9894277, 39.7459793]]}}, {"type": "Feature", "properties": {"name": "Tremont Place", "highway": "tertiary"}, "geometry": {"type": "LineString", "coordinates": [[-104.9883539, 39.7441042], [-104.9883973, 39.7440708], [-104.9884403, 39.7440377], [-104.9888505, 39.7437223], [-104.9891569, 39.7434868], [-104.989493, 39.7432283], [-104.9895634, 39.7431703]]}}, {"type": "Feature", "properties": {"name": "Stout Street", "highway": "secondary"}, "geometry": {"type": "LineString", "coordinates": [[-104.995475, 39.7439878], [-104.9954664, 39.7439944], [-104.9953787, 39.7440618], [-104.9952347, 39.7441723], [-104.994898, 39.7444308], [-104.9948046, 39.7445025], [-104.9946746, 39.7446023], [-104.9945514, 39.7446969], [-104.9944265, 39.7447928], [-104.9943511, 39.7448528], [-104.9943211, 39.7448737], [-104.9942609, 39.7449199]]}}, {"type": "Feature", "properties": {"name": "Champa Street", "highway": "secondary"}, "geometry": {"type": "LineString", "coordinates": [[-104.9997704, 39.741988], [-104.9998498, 39.7419149]]}}, {"type": "Feature", "properties": {"name": "Umatilla Street", "highway": "residential"}, "geometry": {"type": "LineString", "coordinates": [[-105.0118108, 39.7608097], [-105.0118113, 39.7607293], [-105.0118113, 39.7607122], [-105.0118111, 39.7598038], [-105.0118111, 39.7597383], [-105.0118111, 39.7596563], [-105.0118101, 39.7595704], [-105.0118112, 39.7593244], [-105.0118112, 39.7592305], [-105.0118117, 39.7590842], [-105.0118121, 39.7589399], [-105.0118133, 39.7585377], [-105.0118134, 39.7585113], [-105.0118114, 39.7584031]]}}, {"type": "Feature", "properties": {"name": "West Colfax Avenue", "highway": "primary"}, "geometry": {"type": "LineString", "coordinates": [[-104.997949, 39.7401623], [-104.9981376, 39.7401689]]}}, {"type": "Feature", "properties": {"name": "Court Place", "highway": "tertiary"}, "geometry": {"type": "LineString", "coordinates": [[-104.9915381, 39.7403158], [-104.9913411, 39.7404677], [-104.9911937, 39.7405814], [-104.9911557, 39.7406109], [-104.9911167, 39.7406429], [-104.9910108, 39.7407226], [-104.9907935, 39.7408907], [-104.9905758, 39.7410588], [-104.990525, 39.741098], [-104.9901008, 39.7414255], [-104.9899987, 39.7415042], [-104.9899656, 39.7415298], [-104.9899054, 39.7415764]]}}, {"type": "Feature", "properties": {"name": "Fox Street", "highway": "residential"}, "geometry": {"type": "LineString", "coordinates": [[-104.9954232, 39.7606447], [-104.9954189, 39.7596818], [-104.9954173, 39.7596308], [-104.9954054, 39.7586736], [-104.9954098, 39.7586208], [-104.9954295, 39.7585699], [-104.995441, 39.7585535], [-104.9954562, 39.7585318], [-104.9954895, 39.7584996]]}}, {"type": "Feature", "properties": {"name": "Central Street", "highway": "residential"}, "geometry": {"type": "LineString", "coordinates": [[-105.0118118, 39.7569479], [-105.0114051, 39.7569437], [-105.0112548, 39.7569422], [-105.0111971, 39.7569484], [-105.0111435, 39.7569598], [-105.0110992, 39.7569721], [-105.0110563, 39.7569927], [-105.0109906, 39.757034], [-105.0107263, 39.7572294], [-105.0105975, 39.7573247], [-105.0105054, 39.7573918]]}}, {"type": "Feature", "properties": {"name": "18th Street", "highway": "tertiary"}, "geometry": {"type": "LineString", "coordinates": [[-104.9976541, 39.7530634], [-104.9977359, 39.7531244], [-104.9979874, 39.7533102], [-104.9980983, 39.753393]]}}, {"type": "Feature", "properties": {"name": "Blake Street", "highway": "secondary"}, "geometry": {"type": "LineString", "coordinates": [[-104.9967894, 39.7523875], [-104.9968305, 39.7523559], [-104.9975059, 39.7518312], [-104.9976553, 39.7517156], [-104.9976941, 39.7516856], [-104.9977939, 39.7516083], [-104.9978785, 39.7515425], [-104.997958, 39.7514814]]}}, {"type": "Feature", "properties": {"name": "Zuni Street", "highway": "tertiary"}, "geometry": {"type": "LineString", "coordinates": [[-105.0158543, 39.762031], [-105.015854, 39.7619437], [-105.0158532, 39.7617033], [-105.0158506, 39.7608945], [-105.0158503, 39.7607996], [-105.0158487, 39.7603077], [-105.0158482, 39.7601464], [-105.0158468, 39.7597199], [-105.0158466, 39.75964], [-105.0158462, 39.7595425], [-105.0158442, 39.7589159], [-105.0158441, 39.7588807]]}}, {"type": "Feature", "properties": {"name": "West 28th Avenue", "highway": "residential"}, "geometry": {"type": "LineString", "coordinates": [[-105.0144868, 39.7571862], [-105.0143848, 39.7571863], [-105.0138169, 39.7571872], [-105.0132561, 39.757188], [-105.0131493, 39.7571882], [-105.0130552, 39.7571883], [-105.0124793, 39.7571891], [-105.011938, 39.7571899], [-105.0119238, 39.7571899], [-105.0118138, 39.7571901]]}}, {"type": "Feature", "properties": {"name": "Zuni Street", "highway": "tertiary"}, "geometry": {"type": "LineString", "coordinates": [[-105.0158384, 39.7578372], [-105.015837, 39.7576579], [-105.0158363, 39.7575635], [-105.0158353, 39.7574342], [-105.0158341, 39.7572745], [-105.0158334, 39.7571855]]}}, {"type": "Feature", "properties": {"name": "Market Street", "highway": "secondary"}, "geometry": {"type": "LineString", "coordinates": [[-104.9934602, 39.7536258], [-104.9933223, 39.753732], [-104.9932225, 39.7538088]]}}, {"type": "Feature", "properties": {"name": "Little Raven Street", "highway": "residential"}, "geometry": {"type": "LineString", "coordinates": [[-105.002664, 39.7588134], [-105.0025421, 39.7588616], [-105.0024649, 39.7589057], [-105.0022934, 39.7590234], [-105.0021646, 39.7591388]]}}, {"type": "Feature", "properties": {"name": "19th Street", "highway": "residential"}, "geometry": {"type": "LineString", "coordinates": [[-105.002664, 39.7588134], [-105.002753, 39.7588879], [-105.0034092, 39.7596118], [-105.0034923, 39.7597027]]}}, {"type": "Feature", "properties": {"name": "18th Street", "highway": "secondary"}, "geometry": {"type": "LineString", "coordinates": [[-104.9959157, 39.7517136], [-104.996006, 39.7517851], [-104.9963034, 39.7520084], [-104.9963568, 39.7520542]]}}, {"type": "Feature", "properties": {"name": "Market Street", "highway": "secondary"}, "geometry": {"type": "LineString", "coordinates": [[-104.9959157, 39.7517136], [-104.9958641, 39.7517526], [-104.9958319, 39.7517807], [-104.9957979, 39.7518074], [-104.9956953, 39.7518883], [-104.9952601, 39.7522315], [-104.9947674, 39.75262], [-104.9946844, 39.7526835]]}}, {"type": "Feature", "properties": {"name": "North Speer Boulevard", "highway": "primary"}, "geometry": {"type": "LineString", "coordinates": [[-105.002653, 39.7479515], [-105.0027568, 39.7480665]]}}, {"type": "Feature", "properties": {"name": "North Speer Boulevard", "highway": "primary"}, "geometry": {"type": "LineString", "coordinates": [[-105.003117, 39.748509], [-105.0031433, 39.7485412], [-105.0032009, 39.7486117], [-105.0033116, 39.7487537], [-105.0035198, 39.7490338], [-105.0036384, 39.7491987], [-105.0037642, 39.7493562], [-105.0039808, 39.7495897], [-105.0040579, 39.7496574]]}}, {"type": "Feature", "properties": {"name": "Wazee Street", "highway": "residential"}, "geometry": {"type": "LineString", "coordinates": [[-105.0024961, 39.7490446], [-105.0025783, 39.7490199], [-105.0026826, 39.7489394], [-105.0030534, 39.7487816], [-105.0031382, 39.7487608], [-105.0031682, 39.7487561], [-105.0033116, 39.7487537]]}}, {"type": "Feature", "properties": {"name": "Curtis Street", "highway": "tertiary"}, "geometry": {"type": "LineString", "coordinates": [[-104.9960105, 39.7462733], [-104.9959788, 39.7462977], [-104.9959362, 39.7463306], [-104.9955169, 39.7466538], [-104.995363, 39.7467725], [-104.9948939, 39.7471341], [-104.9948678, 39.7471542]]}}, {"type": "Feature", "properties": {"name": "Larimer Street", "highway": "tertiary"}, "geometry": {"type": "LineString", "coordinates": [[-104.997412, 39.7492005], [-104.9974637, 39.7491603]]}}, {"type": "Feature", "properties": {"name": "West 23rd Avenue", "highway": "tertiary"}, "geometry": {"type": "LineString", "coordinates": [[-105.01581, 39.7515127], [-105.0159003, 39.7514715], [-105.0159934, 39.7514331], [-105.0160837, 39.7514005], [-105.0161858, 39.7513731]]}}, {"type": "Feature", "properties": {"name": "19th Street", "highway": "tertiary"}, "geometry": {"type": "LineString", "coordinates": [[-104.9886094, 39.7479695], [-104.988532, 39.7479066], [-104.9884779, 39.7478626], [-104.9881836, 39.7476237], [-104.9879171, 39.7474073], [-104.9878971, 39.747391], [-104.9877074, 39.747237], [-104.9876516, 39.7471916]]}}, {"type": "Feature", "properties": {"name": "Stout Street", "highway": "secondary"}, "geometry": {"type": "LineString", "coordinates": [[-104.9893878, 39.7486723], [-104.9893603, 39.7486918], [-104.9883021, 39.7495151], [-104.9882254, 39.7495753]]}}, {"type": "Feature", "properties": {"name": "Curtis Street", "highway": "tertiary"}, "geometry": {"type": "LineString", "coordinates": [[-104.990586, 39.7504638], [-104.990559, 39.7504846], [-104.9900586, 39.7508707], [-104.9899765, 39.750933]]}}, {"type": "Feature", "properties": {"name": "North Speer Boulevard", "highway": "primary"}, "geometry": {"type": "LineString", "coordinates": [[-105.004934, 39.7500778], [-105.0048788, 39.7500349], [-105.00478, 39.749958], [-105.0043438, 39.7496277], [-105.004111, 39.7493953], [-105.0039835, 39.749246]]}}, {"type": "Feature", "properties": {"name": "North Speer Boulevard", "highway": "primary"}, "geometry": {"type": "LineString", "coordinates": [[-105.00492, 39.7503358], [-105.0063414, 39.7513649]]}}, {"type": "Feature", "properties": {"name": "Chopper Circle", "highway": "tertiary"}, "geometry": {"type": "LineString", "coordinates": [[-105.0079603, 39.7472012], [-105.0079255, 39.7472826], [-105.007882, 39.7473495], [-105.0078745, 39.747361], [-105.0077887, 39.7474259], [-105.0075535, 39.7475302], [-105.0068445, 39.7478446], [-105.0067399, 39.7479095], [-105.0066367, 39.7479941], [-105.0065455, 39.7480859], [-105.0064543, 39.7482106], [-105.0063939, 39.748321], [-105.0063906, 39.7483262], [-105.006368, 39.7483747], [-105.006368, 39.7484987]]}}, {"type": "Feature", "properties": {"name": "Chopper Circle", "highway": "tertiary"}, "geometry": {"type": "LineString", "coordinates": [[-105.0062114, 39.7489151], [-105.0061634, 39.7490206], [-105.0060117, 39.7492118], [-105.005867, 39.7493601], [-105.0057519, 39.7494495]]}}, {"type": "Feature", "properties": {"name": "9th Street", "highway": "tertiary"}, "geometry": {"type": "LineString", "coordinates": [[-105.0081573, 39.747082], [-105.008026, 39.7469988], [-105.0078784, 39.7469021]]}}, {"type": "Feature", "properties": {"name": "9th Street", "highway": "tertiary"}, "geometry": {"type": "LineString", "coordinates": [[-105.0078784, 39.7469021], [-105.0079198, 39.7470268], [-105.007926, 39.7470468], [-105.0079689, 39.7471723]]}}, {"type": "Feature", "properties": {"name": "7th Street", "highway": "secondary"}, "geometry": {"type": "LineString", "coordinates": [[-105.0065354, 39.7414524], [-105.00664, 39.741504], [-105.0067392, 39.7415576], [-105.0068277, 39.7416133], [-105.0069136, 39.7416751], [-105.0070101, 39.7417515], [-105.0070879, 39.7418278], [-105.007163, 39.7419226], [-105.0073369, 39.7421542], [-105.0073683, 39.7421959], [-105.0074358, 39.7422857], [-105.0074617, 39.7423205], [-105.0085961, 39.7438305], [-105.008616, 39.743857], [-105.0086733, 39.7439333], [-105.0087343, 39.7440145], [-105.0087612, 39.7440503], [-105.0088107, 39.7441162]]}}, {"type": "Feature", "properties": {"name": "North Kalamath Street", "highway": "secondary"}, "geometry": {"type": "LineString", "coordinates": [[-104.999611, 39.7411332], [-104.9994651, 39.7412073]]}}, {"type": "Feature", "properties": {"name": "Tremont Place", "highway": "tertiary"}, "geometry": {"type": "LineString", "coordinates": [[-104.9931217, 39.740378], [-104.9931229, 39.7402617], [-104.993091, 39.7402096], [-104.9930387, 39.740134], [-104.9929485, 39.7400059]]}}, {"type": "Feature", "properties": {"name": "West 14th Avenue", "highway": "tertiary"}, "geometry": {"type": "LineString", "coordinates": [[-105.0015779, 39.7384683], [-105.0014615, 39.738468], [-105.000867, 39.7384759], [-105.0002575, 39.7384742], [-105.000146, 39.7384776]]}}, {"type": "Feature", "properties": {"name": "Park Avenue West", "highway": "primary"}, "geometry": {"type": "LineString", "coordinates": [[-104.9916903, 39.7578517], [-104.9917538, 39.7579013]]}}, {"type": "Feature", "properties": {"name": "Wewatta Street", "highway": "tertiary"}, "geometry": {"type": "LineString", "coordinates": [[-104.9962505, 39.7571403], [-104.9953859, 39.7577905]]}}, {"type": "Feature", "properties": {"name": "Wewatta Street", "highway": "tertiary"}, "geometry": {"type": "LineString", "coordinates": [[-104.9964584, 39.7570956], [-104.9965492, 39.7570254], [-104.9967707, 39.7568784], [-104.9970265, 39.7567545]]}}, {"type": "Feature", "properties": {"name": "Umatilla Street", "highway": "residential"}, "geometry": {"type": "LineString", "coordinates": [[-105.0118114, 39.7584031], [-105.0118106, 39.7582529], [-105.0118138, 39.7571901], [-105.0118118, 39.7569479]]}}, {"type": "Feature", "properties": {"name": "North Valley Highway", "highway": "motorway"}, "geometry": {"type": "LineString", "coordinates": [[-105.01023, 39.7569498], [-105.0098823, 39.7572069]]}}, {"type": "Feature", "properties": {"name": "North Valley Highway", "highway": "motorway"}, "geometry": {"type": "LineString", "coordinates": [[-105.0101548, 39.7572801], [-105.0103866, 39.7570979]]}}, {"type": "Feature", "properties": {"name": "Fox Street", "highway": "residential"}, "geometry": {"type": "LineString", "coordinates": [[-104.9953106, 39.7368601], [-104.9953096, 39.736903], [-104.9953099, 39.7369617], [-104.99531, 39.7369791], [-104.9953104, 39.7370695], [-104.9953047, 39.7377481], [-104.9953035, 39.7379193], [-104.9953023, 39.7381049], [-104.9953015, 39.7382318], [-104.9953008, 39.7383421], [-104.9952999, 39.7383696], [-104.9952999, 39.7384338], [-104.9952999, 39.738459], [-104.995299, 39.7385608], [-104.9952992, 39.7385829], [-104.9952969, 39.7389227], [-104.9952959, 39.739072], [-104.9952943, 39.739496], [-104.995293, 39.7394984], [-104.9952925, 39.7395793], [-104.9952918, 39.7396751], [-104.9952957, 39.7399376], [-104.9952896, 39.7400103]]}}, {"type": "Feature", "properties": {"name": "West 11th Avenue", "highway": "tertiary"}, "geometry": {"type": "LineString", "coordinates": [[-104.9935182, 39.7338802], [-104.9934204, 39.7338772], [-104.9930564, 39.7338579], [-104.9929579, 39.7338577]]}}, {"type": "Feature", "properties": {"name": "Elati Street", "highway": "residential"}, "geometry": {"type": "LineString", "coordinates": [[-104.994152, 39.7335177], [-104.9941222, 39.7328579], [-104.9940967, 39.7317291], [-104.994071, 39.7306094], [-104.9940683, 39.7305285]]}}, {"type": "Feature", "properties": {"name": "Fox Street", "highway": "residential"}, "geometry": {"type": "LineString", "coordinates": [[-104.995198, 39.7241255], [-104.9951972, 39.7242018], [-104.9951947, 39.7253442], [-104.9951976, 39.7256072], [-104.9951982, 39.7256968], [-104.9951995, 39.7257885], [-104.9952051, 39.7263174], [-104.9952053, 39.7263359], [-104.9952084, 39.7266297], [-104.9952106, 39.7268401], [-104.9952139, 39.7272215], [-104.995214, 39.7272386], [-104.9952158, 39.7273312], [-104.995216, 39.7274313], [-104.9952162, 39.7274498], [-104.9952297, 39.7286541], [-104.9952313, 39.7288047], [-104.995231, 39.7288282], [-104.9952324, 39.7289161], [-104.995233, 39.7290171], [-104.9952337, 39.7290398], [-104.9952395, 39.7295841], [-104.9952411, 39.7297365], [-104.9952415, 39.7297768], [-104.9952481, 39.7304001], [-104.9952484, 39.7304317], [-104.9952494, 39.7305278]]}}, {"type": "Feature", "properties": {"name": "West 8th Avenue", "highway": "secondary"}, "geometry": {"type": "LineString", "coordinates": [[-105.0140021, 39.7293158], [-105.0141046, 39.7293156], [-105.0143929, 39.7293167]]}}, {"type": "Feature", "properties": {"name": "North Valley Highway", "highway": "motorway"}, "geometry": {"type": "LineString", "coordinates": [[-105.015313, 39.7299518], [-105.0151787, 39.7295273]]}}, {"type": "Feature", "properties": {"name": "West Mulberry Place", "highway": "secondary"}, "geometry": {"type": "LineString", "coordinates": [[-105.0141526, 39.7313139], [-105.0141832, 39.7313355], [-105.0142559, 39.731377], [-105.0142824, 39.7313881], [-105.0143299, 39.7314019], [-105.0143706, 39.7314113], [-105.0144179, 39.7314173], [-105.0144519, 39.7314198], [-105.0144834, 39.7314221], [-105.0145598, 39.731424], [-105.0148189, 39.7314269]]}}, {"type": "Feature", "properties": {"name": "North Valley Highway", "highway": "motorway"}, "geometry": {"type": "LineString", "coordinates": [[-105.015854, 39.731791], [-105.0158006, 39.7315533], [-105.0157288, 39.7312422], [-105.0156848, 39.7310759], [-105.0156172, 39.7308452], [-105.015531, 39.7305672], [-105.0154066, 39.7302034], [-105.015313, 39.7299518]]}}, {"type": "Feature", "properties": {"name": "Umatilla Street", "highway": "tertiary"}, "geometry": {"type": "LineString", "coordinates": [[-105.012369, 39.7352403], [-105.0123675, 39.7356179]]}}, {"type": "Feature", "properties": {"name": "West 12th Avenue", "highway": "tertiary"}, "geometry": {"type": "LineString", "coordinates": [[-105.012369, 39.7352403], [-105.0124971, 39.7352407], [-105.0129642, 39.7352422]]}}, {"type": "Feature", "properties": {"name": "West 13th Avenue", "highway": "tertiary"}, "geometry": {"type": "LineString", "coordinates": [[-105.0056936, 39.7368886], [-105.0053751, 39.736889], [-105.0052588, 39.7368901], [-105.0051544, 39.7368885], [-105.004051, 39.7368844]]}}, {"type": "Feature", "properties": {"name": "West 13th Avenue", "highway": "tertiary"}, "geometry": {"type": "LineString", "coordinates": [[-105.006643, 39.7368632], [-105.0066029, 39.7368618], [-105.0065467, 39.7368608], [-105.0064663, 39.7368595], [-105.0062577, 39.7368565], [-105.0062064, 39.7368565], [-105.0059693, 39.7368581], [-105.0058645, 39.7368611]]}}, {"type": "Feature", "properties": {"name": "North Valley Highway", "highway": "motorway"}, "geometry": {"type": "LineString", "coordinates": [[-105.0146007, 39.7361895], [-105.0146438, 39.7360759], [-105.0147155, 39.7359059], [-105.0147821, 39.735761], [-105.0149887, 39.7353364], [-105.0152866, 39.7347761], [-105.0153649, 39.7346183], [-105.0154291, 39.7344827], [-105.0154888, 39.73434], [-105.015548, 39.7341846], [-105.0156219, 39.7339752]]}}, {"type": "Feature", "properties": {"name": "North Valley Highway", "highway": "motorway"}, "geometry": {"type": "LineString", "coordinates": [[-105.0155957, 39.7321519], [-105.0156026, 39.7323444], [-105.0155901, 39.7325625], [-105.0155769, 39.732753], [-105.0155547, 39.7329427], [-105.015532, 39.7331215], [-105.0155206, 39.7331958], [-105.0154976, 39.733312], [-105.0154815, 39.7333829], [-105.0154393, 39.7335518], [-105.0153991, 39.7337028], [-105.0153538, 39.7338511], [-105.0153066, 39.7339986]]}}, {"type": "Feature", "properties": {"name": "North Valley Highway", "highway": "motorway"}, "geometry": {"type": "LineString", "coordinates": [[-105.015034, 39.7346708], [-105.0149185, 39.7349145], [-105.0147114, 39.7352946], [-105.0145443, 39.7356243], [-105.0144456, 39.735829], [-105.0143356, 39.7360804], [-105.0142484, 39.7363048], [-105.0141849, 39.7364881], [-105.0141186, 39.7366865]]}}, {"type": "Feature", "properties": {"name": "North Mariposa Street", "highway": "tertiary"}, "geometry": {"type": "LineString", "coordinates": [[-105.0028376, 39.7333592], [-105.002837, 39.7332388], [-105.0028391, 39.7326436], [-105.0028392, 39.7326071], [-105.0028396, 39.7324238]]}}, {"type": "Feature", "properties": {"name": "North Mariposa Street", "highway": "tertiary"}, "geometry": {"type": "LineString", "coordinates": [[-105.0028376, 39.7333592], [-105.0028173, 39.7334335], [-105.00279, 39.7335332], [-105.0027901, 39.733603], [-105.0027906, 39.733702]]}}, {"type": "Feature", "properties": {"name": "North Mariposa Street", "highway": "tertiary"}, "geometry": {"type": "LineString", "coordinates": [[-105.0028801, 39.733702], [-105.0028792, 39.7336031], [-105.0028785, 39.7335322], [-105.0028638, 39.7334753], [-105.0028376, 39.7333592]]}}, {"type": "Feature", "properties": {"name": "Navajo Street", "highway": "residential"}, "geometry": {"type": "LineString", "coordinates": [[-105.004088, 39.7321071], [-105.0040877, 39.7322072], [-105.004085, 39.7332435], [-105.004084, 39.73359], [-105.004084, 39.7336049], [-105.0040837, 39.7337037]]}}, {"type": "Feature", "properties": {"name": "West 10th Avenue", "highway": "residential"}, "geometry": {"type": "LineString", "coordinates": [[-104.9976203, 39.7320985], [-104.9977255, 39.7320986], [-104.9977487, 39.7320986], [-104.9980576, 39.7320991], [-104.9981413, 39.7320992], [-104.9985517, 39.7320997], [-104.9986472, 39.7320999], [-104.9987505, 39.7321], [-104.9990098, 39.7321003], [-104.9994279, 39.7321009], [-105.000027, 39.7321017], [-105.0001709, 39.7321019], [-105.000315, 39.7321021]]}}, {"type": "Feature", "properties": {"name": "7th Street", "highway": "secondary"}, "geometry": {"type": "LineString", "coordinates": [[-105.0052359, 39.740574], [-105.0052506, 39.7406336], [-105.0052747, 39.7406934], [-105.0053096, 39.7407491], [-105.0053552, 39.7408027], [-105.0054061, 39.7408563]]}}, {"type": "Feature", "properties": {"name": "Inca Street", "highway": "residential"}, "geometry": {"type": "LineString", "coordinates": [[-104.9975536, 39.7241266], [-104.9975538, 39.7242218], [-104.9975658, 39.7255825], [-104.9975659, 39.7256002], [-104.9975665, 39.7257125], [-104.9975676, 39.7258035], [-104.9975677, 39.7258198], [-104.9975688, 39.7259454], [-104.9975794, 39.7272085], [-104.9975795, 39.7272216], [-104.9975803, 39.7273204], [-104.9975811, 39.7274119], [-104.9975812, 39.7274246], [-104.9975834, 39.7276884], [-104.9975927, 39.7287981], [-104.9975928, 39.728813], [-104.9975936, 39.7289087], [-104.9975944, 39.7290063], [-104.9975945, 39.7290209], [-104.9975949, 39.7290667], [-104.9975966, 39.7292759], [-104.9975983, 39.729478], [-104.9976044, 39.7302146], [-104.9976047, 39.7302469], [-104.9976061, 39.7304073], [-104.9976062, 39.7304233], [-104.9976071, 39.7305196]]}}, {"type": "Feature", "properties": {"name": "North Santa Fe Drive", "highway": "secondary"}, "geometry": {"type": "LineString", "coordinates": [[-104.9988029, 39.7379572], [-104.9988931, 39.7380731], [-104.9989508, 39.7381402], [-104.9990138, 39.7381979], [-104.9990632, 39.7382373], [-104.999111, 39.7382754], [-104.9991759, 39.7383272], [-104.9992032, 39.7383489], [-104.999279, 39.738407], [-104.9993077, 39.7384291], [-104.9993739, 39.7384802]]}}, {"type": "Feature", "properties": {"name": "North Lipan Street", "highway": "residential"}, "geometry": {"type": "LineString", "coordinates": [[-105.00161, 39.7258634], [-105.0016085, 39.7264696], [-105.0016081, 39.7266196], [-105.0016077, 39.7267863], [-105.0016076, 39.7268404], [-105.0016066, 39.7272114], [-105.0016065, 39.7272291], [-105.0016063, 39.7273171], [-105.0016063, 39.7274218], [-105.0016063, 39.7274337], [-105.0016056, 39.7276481], [-105.0016055, 39.7276864], [-105.0016046, 39.7280853], [-105.0016044, 39.7281696], [-105.0016037, 39.7284629], [-105.001603, 39.7287573], [-105.0016029, 39.7287952], [-105.0016029, 39.7288199], [-105.0016027, 39.7289215], [-105.0016024, 39.7290181], [-105.0016024, 39.7290345], [-105.0015995, 39.7300101], [-105.0015985, 39.7304143], [-105.0015982, 39.7305157]]}}, {"type": "Feature", "properties": {"name": "Inca Street", "highway": "residential"}, "geometry": {"type": "LineString", "coordinates": [[-104.9976036, 39.733778], [-104.9976035, 39.7337898], [-104.9976015, 39.7340753], [-104.9976001, 39.7342661], [-104.9975998, 39.7343079], [-104.9975972, 39.7346601], [-104.9975955, 39.7349]]}}, {"type": "Feature", "properties": {"name": "Inca Street", "highway": "residential"}, "geometry": {"type": "LineString", "coordinates": [[-104.9976332, 39.7335953], [-104.9976174, 39.7336928]]}}, {"type": "Feature", "properties": {"name": "North Speer Boulevard", "highway": "primary"}, "geometry": {"type": "LineString", "coordinates": [[-105.0106956, 39.754285], [-105.0104885, 39.7541767]]}}, {"type": "Feature", "properties": {"name": "North Kalamath Street", "highway": "secondary"}, "geometry": {"type": "LineString", "coordinates": [[-104.9999608, 39.7402147], [-104.9999577, 39.7403188], [-104.9999535, 39.7404034], [-104.9999522, 39.7405529], [-104.9999508, 39.7406179], [-104.9999455, 39.7406798], [-104.9999334, 39.7407344], [-104.999916, 39.7407901], [-104.9998945, 39.7408417], [-104.999861, 39.7408994], [-104.9998196, 39.7409536], [-104.9997805, 39.7410005], [-104.9997376, 39.7410428], [-104.9996732, 39.7410922], [-104.999611, 39.7411332]]}}, {"type": "Feature", "properties": {"name": "North Santa Fe Drive", "highway": "secondary"}, "geometry": {"type": "LineString", "coordinates": [[-104.9999917, 39.7395754], [-104.9999734, 39.7399449], [-104.9999703, 39.740019]]}}, {"type": "Feature", "properties": {"name": "West 10th Avenue", "highway": "residential"}, "geometry": {"type": "LineString", "coordinates": [[-105.000315, 39.7321021], [-105.0009074, 39.7321029], [-105.0010407, 39.7321031], [-105.0014849, 39.7321037], [-105.0015941, 39.7321038]]}}, {"type": "Feature", "properties": {"name": "West 13th Avenue", "highway": "tertiary"}, "geometry": {"type": "LineString", "coordinates": [[-105.0058652, 39.7369132], [-105.0059991, 39.7369224], [-105.0060994, 39.7369247], [-105.0062113, 39.7369249], [-105.0062617, 39.7369258], [-105.0065071, 39.7369301], [-105.0066431, 39.7369267]]}}, {"type": "Feature", "properties": {"name": "Walnut Street", "highway": "tertiary"}, "geometry": {"type": "LineString", "coordinates": [[-105.0152248, 39.7405601], [-105.0152244, 39.7411544], [-105.0152206, 39.7412518], [-105.0152157, 39.7413374], [-105.0151999, 39.741409], [-105.0151833, 39.7414603], [-105.0151585, 39.7415251]]}}, {"type": "Feature", "properties": {"name": "Walnut Street", "highway": "tertiary"}, "geometry": {"type": "LineString", "coordinates": [[-105.0124026, 39.7430088], [-105.0122006, 39.7430673], [-105.0119198, 39.7431954], [-105.0118526, 39.7432264], [-105.0115223, 39.7433815], [-105.0114671, 39.7434441]]}}, {"type": "Feature", "properties": {"name": "Walnut Street", "highway": "tertiary"}, "geometry": {"type": "LineString", "coordinates": [[-105.0133902, 39.7425705], [-105.0134524, 39.7425455], [-105.0135776, 39.7425053], [-105.0136241, 39.7424897], [-105.0139689, 39.7423726]]}}, {"type": "Feature", "properties": {"name": "Walnut Street", "highway": "tertiary"}, "geometry": {"type": "LineString", "coordinates": [[-105.0114671, 39.7434441], [-105.0115647, 39.743436], [-105.0119257, 39.743273], [-105.0119999, 39.7432382], [-105.0122369, 39.743127], [-105.0124026, 39.7430088]]}}, {"type": "Feature", "properties": {"name": "North Speer Boulevard", "highway": "primary"}, "geometry": {"type": "LineString", "coordinates": [[-104.9935759, 39.7339582], [-104.993613, 39.7340063], [-104.9941264, 39.7346802], [-104.9945592, 39.735263], [-104.9946947, 39.7354482], [-104.9947983, 39.7355898], [-104.9952245, 39.7361723], [-104.9954974, 39.7365451], [-104.9956798, 39.736795], [-104.9957301, 39.7368607], [-104.9957669, 39.736913], [-104.9958005, 39.7369597], [-104.9964542, 39.7378444], [-104.9967596, 39.7382688], [-104.996841, 39.7383828], [-104.9968689, 39.738421], [-104.9968967, 39.7384591], [-104.996979, 39.7385702], [-104.99714, 39.7387874], [-104.9972302, 39.7389091], [-104.9974618, 39.7392217], [-104.9976049, 39.7394202], [-104.997666, 39.7395047], [-104.9977125, 39.7395683], [-104.9977851, 39.7396662]]}}, {"type": "Feature", "properties": {"name": "20th Street", "highway": "secondary"}, "geometry": {"type": "LineString", "coordinates": [[-104.9986405, 39.7576629], [-104.9985274, 39.7575705], [-104.9965234, 39.7559324], [-104.9953555, 39.7550813], [-104.9951571, 39.7549879]]}}, {"type": "Feature", "properties": {"name": "Bassett Circle", "highway": "residential"}, "geometry": {"type": "LineString", "coordinates": [[-105.0057608, 39.7544315], [-105.0057134, 39.7543545], [-105.0056965, 39.7543337], [-105.0055041, 39.754189], [-105.0054794, 39.7541702], [-105.0054534, 39.7541567], [-105.0054304, 39.7541491], [-105.0054061, 39.7541448], [-105.0053807, 39.7541436], [-105.0053554, 39.754146], [-105.0053339, 39.7541508], [-105.0053136, 39.7541581], [-105.0052927, 39.7541691], [-105.0050238, 39.7543714], [-105.0049276, 39.7544444], [-105.0046789, 39.7546328]]}}, {"type": "Feature", "properties": {"name": "15th Street", "highway": "tertiary"}, "geometry": {"type": "LineString", "coordinates": [[-105.0104341, 39.7573373], [-105.0104489, 39.7573481]]}}, {"type": "Feature", "properties": {"name": "Park Avenue West", "highway": "primary"}, "geometry": {"type": "LineString", "coordinates": [[-104.9927328, 39.7568449], [-104.9926875, 39.7567922], [-104.9926395, 39.7567415]]}}, {"type": "Feature", "properties": {"name": "North Speer Boulevard", "highway": "primary"}, "geometry": {"type": "LineString", "coordinates": [[-105.0075529, 39.752359], [-105.007465, 39.7522412], [-105.0072683, 39.7519699], [-105.0071682, 39.7518455], [-105.0069163, 39.7515581]]}}, {"type": "Feature", "properties": {"name": "North Speer Boulevard", "highway": "primary"}, "geometry": {"type": "LineString", "coordinates": [[-105.0069809, 39.7519696], [-105.0070803, 39.752098], [-105.0072497, 39.7523397], [-105.0073562, 39.7524754]]}}, {"type": "Feature", "properties": {"name": "North Speer Boulevard", "highway": "primary"}, "geometry": {"type": "LineString", "coordinates": [[-105.0158265, 39.7562926], [-105.0157079, 39.7562424], [-105.0155443, 39.756173]]}}, {"type": "Feature", "properties": {"name": "North Valley Highway", "highway": "motorway"}, "geometry": {"type": "LineString", "coordinates": [[-105.0084002, 39.7586191], [-105.0091096, 39.7580964]]}}, {"type": "Feature", "properties": {"name": "Park Avenue West", "highway": "primary"}, "geometry": {"type": "LineString", "coordinates": [[-104.9935792, 39.759298], [-104.9936731, 39.7593681]]}}, {"type": "Feature", "properties": {"name": "Park Avenue West", "highway": "primary"}, "geometry": {"type": "LineString", "coordinates": [[-104.9918337, 39.7579629], [-104.992691, 39.7586169]]}}, {"type": "Feature", "properties": {"name": "Champa Street", "highway": "secondary"}, "geometry": {"type": "LineString", "coordinates": [[-104.999423, 39.7422668], [-104.9994379, 39.7422548]]}}, {"type": "Feature", "properties": {"name": "North Speer Boulevard", "highway": "primary"}, "geometry": {"type": "LineString", "coordinates": [[-104.9998498, 39.7419149], [-104.9998027, 39.7418222], [-104.9997869, 39.7417937]]}}, {"type": "Feature", "properties": {"name": "North Speer Boulevard", "highway": "primary"}, "geometry": {"type": "LineString", "coordinates": [[-104.9991898, 39.7407095], [-104.998957, 39.7402956], [-104.9988963, 39.7401911]]}}, {"type": "Feature", "properties": {"name": "North Speer Boulevard", "highway": "primary"}, "geometry": {"type": "LineString", "coordinates": [[-104.9994651, 39.7412073], [-104.999426, 39.7411352], [-104.9991898, 39.7407095]]}}, {"type": "Feature", "properties": {"name": "West Colfax Avenue", "highway": "primary"}, "geometry": {"type": "LineString", "coordinates": [[-104.997847, 39.7400153], [-104.9976267, 39.7400148], [-104.9972059, 39.7400138]]}}, {"type": "Feature", "properties": {"name": "West Colfax Avenue", "highway": "primary"}, "geometry": {"type": "LineString", "coordinates": [[-104.9972059, 39.7400138], [-104.996779, 39.740013], [-104.99657, 39.7400126], [-104.996484, 39.7400125]]}}, {"type": "Feature", "properties": {"name": "West Colfax Avenue", "highway": "primary"}, "geometry": {"type": "LineString", "coordinates": [[-105.0012271, 39.7401689], [-105.0013161, 39.7401685], [-105.001438, 39.7401679], [-105.0015736, 39.7401672]]}}, {"type": "Feature", "properties": {"name": "West Colfax Avenue", "highway": "primary"}, "geometry": {"type": "LineString", "coordinates": [[-105.0006402, 39.740192], [-105.0006976, 39.7401893], [-105.0009902, 39.7401755], [-105.0011538, 39.7401693], [-105.0012271, 39.7401689]]}}, {"type": "Feature", "properties": {"name": "West Colfax Avenue", "highway": "primary"}, "geometry": {"type": "LineString", "coordinates": [[-104.9924058, 39.7401277], [-104.9929251, 39.740133], [-104.9930387, 39.740134]]}}, {"type": "Feature", "properties": {"name": "West Colfax Avenue", "highway": "primary"}, "geometry": {"type": "LineString", "coordinates": [[-104.9916422, 39.7401229], [-104.991781, 39.7401237], [-104.9923897, 39.7401271], [-104.9924058, 39.7401277]]}}, {"type": "Feature", "properties": {"name": "20th Street", "highway": "secondary"}, "geometry": {"type": "LineString", "coordinates": [[-104.9923247, 39.7527274], [-104.9925137, 39.7528703], [-104.9925975, 39.7529353]]}}, {"type": "Feature", "properties": {"name": "Bannock Street", "highway": "tertiary"}, "geometry": {"type": "LineString", "coordinates": [[-104.9903823, 39.7301972], [-104.9904333, 39.7301367], [-104.9904754, 39.7300937], [-104.9905139, 39.730062], [-104.9905424, 39.7300423], [-104.9905766, 39.7300184]]}}, {"type": "Feature", "properties": {"name": "Bannock Street", "highway": "tertiary"}, "geometry": {"type": "LineString", "coordinates": [[-104.9903823, 39.7301972], [-104.9903482, 39.7302398], [-104.9903231, 39.7302747], [-104.9903004, 39.7303158], [-104.9902822, 39.7303603], [-104.990274, 39.7303805], [-104.990266, 39.7304025], [-104.9902585, 39.730436], [-104.9902595, 39.7304656]]}}, {"type": "Feature", "properties": {"name": "North Speer Boulevard", "highway": "primary"}, "geometry": {"type": "LineString", "coordinates": [[-104.9988963, 39.7401911], [-104.9987846, 39.740018]]}}, {"type": "Feature", "properties": {"name": "Blake Street", "highway": "secondary"}, "geometry": {"type": "LineString", "coordinates": [[-104.9879052, 39.759274], [-104.9883238, 39.7589364], [-104.9885116, 39.7587914], [-104.9889196, 39.7584834], [-104.9894182, 39.7580942], [-104.9894986, 39.7580286]]}}, {"type": "Feature", "properties": {"name": "North Speer Boulevard", "highway": "primary"}, "geometry": {"type": "LineString", "coordinates": [[-105.0000799, 39.745072], [-105.000116, 39.74557], [-105.000129, 39.7456479], [-105.0001451, 39.7457039], [-105.0001571, 39.7457455]]}}, {"type": "Feature", "properties": {"name": "North Speer Boulevard", "highway": "primary"}, "geometry": {"type": "LineString", "coordinates": [[-104.9988393, 39.7414203], [-104.998887, 39.7415065], [-104.9989171, 39.7415603], [-104.9989372, 39.7415965], [-104.9990027, 39.7417051]]}}, {"type": "Feature", "properties": {"name": "Stout Street", "highway": "secondary"}, "geometry": {"type": "LineString", "coordinates": [[-104.9983094, 39.7417592], [-104.9982584, 39.7418193], [-104.9982195, 39.7418739], [-104.9981779, 39.7419409], [-104.9981377, 39.7420193], [-104.9980916, 39.7421109], [-104.9980406, 39.7422305], [-104.9979924, 39.7423687], [-104.9979602, 39.7424656], [-104.9979092, 39.7425852], [-104.9978636, 39.7426904], [-104.9978153, 39.7427894], [-104.997767, 39.7428719], [-104.997708, 39.7429503], [-104.9976249, 39.7430389], [-104.9974452, 39.7431792], [-104.9973352, 39.7432679], [-104.9972091, 39.7433545], [-104.9970348, 39.7434349], [-104.996898, 39.7434865], [-104.9967693, 39.7435236], [-104.9966378, 39.7435566], [-104.9964742, 39.7435917], [-104.9962467, 39.7436445], [-104.9959557, 39.7437208], [-104.9958377, 39.7437579], [-104.995761, 39.7437853], [-104.9957018, 39.7438137]]}}, {"type": "Feature", "properties": {"name": "Platte Street", "highway": "tertiary"}, "geometry": {"type": "LineString", "coordinates": [[-105.0080834, 39.7573939], [-105.0081558, 39.7573367], [-105.0086803, 39.7569242], [-105.0086996, 39.756909], [-105.0091736, 39.7565362], [-105.0092717, 39.7564592]]}}, {"type": "Feature", "properties": {"name": "Platte Street", "highway": "tertiary"}, "geometry": {"type": "LineString", "coordinates": [[-105.0103499, 39.7556489], [-105.0103708, 39.75563], [-105.010392, 39.7556055], [-105.0104058, 39.755582], [-105.0104246, 39.755547], [-105.0104326, 39.7555287], [-105.0104433, 39.7554922], [-105.0104457, 39.7554749], [-105.0104458, 39.7554585], [-105.0104427, 39.7554121], [-105.0104395, 39.7553901], [-105.0103872, 39.7551331], [-105.0103724, 39.7550833], [-105.0103583, 39.7550344], [-105.0103318, 39.7549675], [-105.010135, 39.754581], [-105.0101124, 39.7545317], [-105.0100922, 39.7544796], [-105.0100869, 39.7544634], [-105.0100776, 39.7544254], [-105.0100743, 39.7543938], [-105.010077, 39.7543663], [-105.0100857, 39.7543452], [-105.0103041, 39.7539791], [-105.0103529, 39.7539525], [-105.0104303, 39.7539143], [-105.0107376, 39.7537754]]}}, {"type": "Feature", "properties": {"name": "Wazee Street", "highway": "residential"}, "geometry": {"type": "LineString", "coordinates": [[-105.0031433, 39.7485412], [-105.0031075, 39.7486408], [-105.0030203, 39.7487305], [-105.0025414, 39.7489539], [-105.0025218, 39.7489634], [-105.0024961, 39.7490446]]}}, {"type": "Feature", "properties": {"name": "11th Street", "highway": "tertiary"}, "geometry": {"type": "LineString", "coordinates": [[-105.0053839, 39.7476357], [-105.0054476, 39.7477198], [-105.0055367, 39.7478374]]}}, {"type": "Feature", "properties": {"name": "Blake Street", "highway": "secondary"}, "geometry": {"type": "LineString", "coordinates": [[-105.0014884, 39.7487561], [-105.0015259, 39.7487434], [-105.0015561, 39.7487363], [-105.0016017, 39.7487291], [-105.0016554, 39.7487209], [-105.0017238, 39.7487116], [-105.0018324, 39.7486961], [-105.0019671, 39.7486761]]}}, {"type": "Feature", "properties": {"name": "Water Street", "highway": "tertiary"}, "geometry": {"type": "LineString", "coordinates": [[-105.01477, 39.7519851], [-105.014653, 39.752038], [-105.0142159, 39.7522369]]}}, {"type": "Feature", "properties": {"name": "West 13th Avenue", "highway": "tertiary"}, "geometry": {"type": "LineString", "coordinates": [[-105.0034478, 39.7368822], [-105.0029887, 39.7368815], [-105.0029437, 39.7368814], [-105.0029005, 39.7368813], [-105.0028281, 39.7368812]]}}, {"type": "Feature", "properties": {"name": "North Mariposa Street", "highway": "tertiary"}, "geometry": {"type": "LineString", "coordinates": [[-105.0028292, 39.7366091], [-105.0028307, 39.7359119], [-105.0028319, 39.7353911], [-105.0028321, 39.7352931], [-105.0028323, 39.7351954], [-105.0028348, 39.7340318]]}}, {"type": "Feature", "properties": {"name": "Osage Street", "highway": "tertiary"}, "geometry": {"type": "LineString", "coordinates": [[-105.0052521, 39.7397616], [-105.0052511, 39.7400075], [-105.0052501, 39.7400991]]}}, {"type": "Feature", "properties": {"name": "Umatilla Street", "highway": "tertiary"}, "geometry": {"type": "LineString", "coordinates": [[-105.0123675, 39.7356179], [-105.0123672, 39.7356838], [-105.0123655, 39.7361209], [-105.0123613, 39.7368164], [-105.0123614, 39.7368492], [-105.0123607, 39.7369113]]}}, {"type": "Feature", "properties": {"name": "West 12th Avenue", "highway": "tertiary"}, "geometry": {"type": "LineString", "coordinates": [[-105.0129642, 39.7352422], [-105.0130619, 39.7352425], [-105.0132217, 39.7352431], [-105.0134186, 39.7352437], [-105.0138156, 39.735245], [-105.0140261, 39.7352457], [-105.0140838, 39.735243], [-105.0140973, 39.7352424], [-105.0141688, 39.7352323], [-105.0142462, 39.7352135]]}}, {"type": "Feature", "properties": {"name": "North Yuma Street", "highway": "tertiary"}, "geometry": {"type": "LineString", "coordinates": [[-105.0151601, 39.7318888], [-105.0151608, 39.7319917], [-105.0151603, 39.7326315], [-105.0151598, 39.7332426], [-105.0151596, 39.7335262], [-105.0151568, 39.7336071], [-105.0151489, 39.7336877], [-105.0151321, 39.7337681], [-105.0150947, 39.7338979]]}}, {"type": "Feature", "properties": {"name": "West Mulberry Place", "highway": "secondary"}, "geometry": {"type": "LineString", "coordinates": [[-105.0148189, 39.7314269], [-105.0148844, 39.7314274], [-105.0149395, 39.7314307], [-105.0149865, 39.7314347], [-105.0150624, 39.7314461], [-105.0150896, 39.7314529], [-105.0151557, 39.7314693]]}}, {"type": "Feature", "properties": {"name": "West 8th Avenue", "highway": "secondary"}, "geometry": {"type": "LineString", "coordinates": [[-105.0143929, 39.7293167], [-105.0144912, 39.7293169], [-105.0158228, 39.7293195], [-105.0159346, 39.7293197]]}}, {"type": "Feature", "properties": {"name": "North Wyandot Street", "highway": "secondary"}, "geometry": {"type": "LineString", "coordinates": [[-105.0139849, 39.7297151], [-105.0139847, 39.7297721], [-105.0139856, 39.7299484], [-105.0139872, 39.7302474], [-105.0139881, 39.7304218], [-105.0139901, 39.7308087], [-105.0139908, 39.7309471], [-105.0139907, 39.7309746], [-105.0139935, 39.7310212], [-105.0139966, 39.7310503], [-105.0140052, 39.7310877], [-105.0140269, 39.731149], [-105.0140418, 39.7311804], [-105.0140624, 39.7312102], [-105.0141062, 39.7312654], [-105.0141526, 39.7313139]]}}, {"type": "Feature", "properties": {"name": "North Kalamath Street", "highway": "secondary"}, "geometry": {"type": "LineString", "coordinates": [[-105.000146, 39.7384776], [-105.0001459, 39.7384324], [-105.0001459, 39.7384096], [-105.0001455, 39.738128], [-105.000143, 39.7371565], [-105.000142, 39.7369776], [-105.000142, 39.7369254], [-105.0001422, 39.736875]]}}, {"type": "Feature", "properties": {"name": "Arapahoe Street", "highway": "tertiary"}, "geometry": {"type": "LineString", "coordinates": [[-104.9993998, 39.7449659], [-104.99989, 39.7445873], [-105.0000371, 39.7444743]]}}, {"type": "Feature", "properties": {"name": "West 22nd Street", "highway": "primary"}, "geometry": {"type": "LineString", "coordinates": [[-104.991913, 39.7561641], [-104.9918321, 39.7561009], [-104.9917962, 39.7560728], [-104.9915729, 39.7558983], [-104.9914809, 39.7558265]]}}, {"type": "Feature", "properties": {"name": "15th Street", "highway": "secondary"}, "geometry": {"type": "LineString", "coordinates": [[-105.0079497, 39.7554483], [-105.0080257, 39.7555071]]}}, {"type": "Feature", "properties": {"name": "Park Avenue West", "highway": "primary"}, "geometry": {"type": "LineString", "coordinates": [[-104.991678, 39.7578424], [-104.9916903, 39.7578517]]}}, {"type": "Feature", "properties": {"name": "Larimer Street", "highway": "tertiary"}, "geometry": {"type": "LineString", "coordinates": [[-105.0007423, 39.7467765], [-105.0007799, 39.7467574], [-105.0008598, 39.7467168]]}}, {"type": "Feature", "properties": {"name": "Lawrence Street", "highway": "tertiary"}, "geometry": {"type": "LineString", "coordinates": [[-105.0001708, 39.7457357], [-105.0001571, 39.7457455]]}}, {"type": "Feature", "properties": {"name": "Arapahoe Street", "highway": "tertiary"}, "geometry": {"type": "LineString", "coordinates": [[-105.000138, 39.7444], [-105.0004896, 39.7441406]]}}, {"type": "Feature", "properties": {"name": "Arapahoe Street", "highway": "tertiary"}, "geometry": {"type": "LineString", "coordinates": [[-105.0000371, 39.7444743], [-105.000138, 39.7444]]}}, {"type": "Feature", "properties": {"name": "Champa Street", "highway": "secondary"}, "geometry": {"type": "LineString", "coordinates": [[-104.9997608, 39.7419952], [-104.9997704, 39.741988]]}}, {"type": "Feature", "properties": {"name": "Champa Street", "highway": "secondary"}, "geometry": {"type": "LineString", "coordinates": [[-104.9994379, 39.7422548], [-104.9997608, 39.7419952]]}}, {"type": "Feature", "properties": {"name": "West Colfax Avenue", "highway": "primary"}, "geometry": {"type": "LineString", "coordinates": [[-104.9982192, 39.7400182], [-104.99819, 39.7400182]]}}, {"type": "Feature", "properties": {"name": "West Colfax Avenue", "highway": "primary"}, "geometry": {"type": "LineString", "coordinates": [[-104.9983218, 39.7401752], [-104.998787, 39.740189]]}}, {"type": "Feature", "properties": {"name": "West 13th Avenue", "highway": "secondary"}, "geometry": {"type": "LineString", "coordinates": [[-104.9963218, 39.7368587], [-104.9963566, 39.7368579]]}}, {"type": "Feature", "properties": {"name": "West 13th Avenue", "highway": "secondary"}, "geometry": {"type": "LineString", "coordinates": [[-104.9959355, 39.7368608], [-104.9963218, 39.7368587]]}}, {"type": "Feature", "properties": {"name": "West 11th Avenue", "highway": "tertiary"}, "geometry": {"type": "LineString", "coordinates": [[-104.994004, 39.7336666], [-104.9941176, 39.7336555]]}}, {"type": "Feature", "properties": {"name": "West 11th Avenue", "highway": "tertiary"}, "geometry": {"type": "LineString", "coordinates": [[-104.9935182, 39.7338802], [-104.99362, 39.733832]]}}, {"type": "Feature", "properties": {"name": "West 11th Avenue", "highway": "tertiary"}, "geometry": {"type": "LineString", "coordinates": [[-104.993626, 39.7338299], [-104.99362, 39.733832]]}}, {"type": "Feature", "properties": {"name": "Elati Street", "highway": "residential"}, "geometry": {"type": "LineString", "coordinates": [[-104.9941176, 39.7336555], [-104.994152, 39.7335177]]}}, {"type": "Feature", "properties": {"name": "Bannock Street", "highway": "tertiary"}, "geometry": {"type": "LineString", "coordinates": [[-104.990749, 39.7299396], [-104.9908128, 39.7299118]]}}, {"type": "Feature", "properties": {"name": "North Speer Boulevard", "highway": "primary"}, "geometry": {"type": "LineString", "coordinates": [[-105.0150131, 39.7561794], [-105.0157108, 39.7563456], [-105.0158273, 39.7563707]]}}, {"type": "Feature", "properties": {"name": "North Speer Boulevard", "highway": "primary"}, "geometry": {"type": "LineString", "coordinates": [[-105.0155443, 39.756173], [-105.0140836, 39.7556312]]}}, {"type": "Feature", "properties": {"name": "Zuni Street", "highway": "tertiary"}, "geometry": {"type": "LineString", "coordinates": [[-105.0158265, 39.7562926], [-105.0158255, 39.7561397], [-105.0158248, 39.756045]]}}, {"type": "Feature", "properties": {"name": "Zuni Street", "highway": "tertiary"}, "geometry": {"type": "LineString", "coordinates": [[-105.0158174, 39.7552272], [-105.0158178, 39.755122], [-105.0158178, 39.7550519], [-105.0158245, 39.7550055], [-105.015846, 39.7549622], [-105.0158755, 39.7549158], [-105.0159112, 39.7548785], [-105.0159533, 39.754856]]}}, {"type": "Feature", "properties": {"name": "Curtis Street", "highway": "tertiary"}, "geometry": {"type": "LineString", "coordinates": [[-104.9924251, 39.7490444], [-104.9923829, 39.7490769], [-104.9923345, 39.7491142], [-104.992314, 39.7491301], [-104.9918175, 39.7495138]]}}, {"type": "Feature", "properties": {"name": "Welton Street", "highway": "tertiary"}, "geometry": {"type": "LineString", "coordinates": [[-104.9881913, 39.7468618], [-104.9877077, 39.7471574], [-104.9876516, 39.7471916]]}}, {"type": "Feature", "properties": {"name": "16th Street", "highway": "tertiary"}, "geometry": {"type": "LineString", "coordinates": [[-105.0015054, 39.7523542], [-105.0016439, 39.7524966], [-105.0019056, 39.7527539], [-105.0019466, 39.752785], [-105.002169, 39.7529715]]}}, {"type": "Feature", "properties": {"name": "Blake Street", "highway": "secondary"}, "geometry": {"type": "LineString", "coordinates": [[-104.997958, 39.7514814], [-104.9980435, 39.7514152], [-104.99825, 39.7512553], [-104.9983717, 39.7511611], [-104.9988383, 39.7508]]}}, {"type": "Feature", "properties": {"name": "Cleveland Place", "highway": "tertiary"}, "geometry": {"type": "LineString", "coordinates": [[-104.9873928, 39.7422043], [-104.9874456, 39.742159], [-104.9875629, 39.7420583], [-104.9877167, 39.7419263]]}}, {"type": "Feature", "properties": {"name": "Cleveland Place", "highway": "tertiary"}, "geometry": {"type": "LineString", "coordinates": [[-104.9877167, 39.7419263], [-104.9877905, 39.7418689]]}}, {"type": "Feature", "properties": {"name": "17th Street", "highway": "tertiary"}, "geometry": {"type": "LineString", "coordinates": [[-104.9997276, 39.7528388], [-104.9996976, 39.7528159], [-104.9996259, 39.7527611], [-104.9992662, 39.7524846], [-104.9989158, 39.7522152], [-104.998833, 39.7521516]]}}, {"type": "Feature", "properties": {"name": "Wewatta Street", "highway": "tertiary"}, "geometry": {"type": "LineString", "coordinates": [[-105.0037452, 39.7510078], [-105.0038161, 39.7510133], [-105.0041161, 39.7508009], [-105.0041308, 39.7507897]]}}, {"type": "Feature", "properties": {"name": "Wewatta Street", "highway": "tertiary"}, "geometry": {"type": "LineString", "coordinates": [[-105.002722, 39.7526016], [-105.0027457, 39.7527296], [-105.002752, 39.7528054]]}}, {"type": "Feature", "properties": {"name": "Wewatta Street", "highway": "tertiary"}, "geometry": {"type": "LineString", "coordinates": [[-105.0026879, 39.752171], [-105.0027111, 39.7520848], [-105.0027553, 39.751966], [-105.0028084, 39.7518715], [-105.002918, 39.7517113], [-105.002986, 39.7516233]]}}, {"type": "Feature", "properties": {"name": "Delgany Street", "highway": "residential"}, "geometry": {"type": "LineString", "coordinates": [[-105.0032129, 39.75278], [-105.003162, 39.7527951], [-105.0031472, 39.7527995], [-105.0031323, 39.7528038]]}}, {"type": "Feature", "properties": {"name": "Delgany Street", "highway": "residential"}, "geometry": {"type": "LineString", "coordinates": [[-105.0031323, 39.7528038], [-105.0030854, 39.7528093], [-105.0030382, 39.7528066], [-105.0029996, 39.7527975], [-105.0029929, 39.752796], [-105.0029518, 39.752778], [-105.0029168, 39.7527535], [-105.0028898, 39.7527236], [-105.0028701, 39.7526876]]}}, {"type": "Feature", "properties": {"name": "Delgany Street", "highway": "residential"}, "geometry": {"type": "LineString", "coordinates": [[-105.0028449, 39.7530081], [-105.0028664, 39.752969], [-105.0028931, 39.7529301], [-105.0029274, 39.7528948], [-105.0029683, 39.7528641], [-105.0030021, 39.7528479], [-105.0030149, 39.7528385], [-105.003066, 39.7528188], [-105.0031323, 39.7528038]]}}, {"type": "Feature", "properties": {"name": "Wewatta Street", "highway": "tertiary"}, "geometry": {"type": "LineString", "coordinates": [[-105.0005467, 39.7548804], [-105.0005782, 39.7548649], [-105.0006709, 39.7548191]]}}, {"type": "Feature", "properties": {"name": "15th Street", "highway": "secondary"}, "geometry": {"type": "LineString", "coordinates": [[-105.0047357, 39.7529042], [-105.0043552, 39.752611], [-105.0041181, 39.7524895]]}}, {"type": "Feature", "properties": {"name": "Wewatta Street", "highway": "tertiary"}, "geometry": {"type": "LineString", "coordinates": [[-105.001808, 39.7538135], [-105.0015775, 39.7539947], [-105.001517, 39.7540415], [-105.001494, 39.7540604]]}}, {"type": "Feature", "properties": {"name": "Wewatta Street", "highway": "tertiary"}, "geometry": {"type": "LineString", "coordinates": [[-105.001598, 39.75414], [-105.0016815, 39.7540754], [-105.0019205, 39.7538894], [-105.0025182, 39.7534243], [-105.0025465, 39.7534023], [-105.0025966, 39.7533546], [-105.002669, 39.7532857]]}}, {"type": "Feature", "properties": {"name": "Wewatta Street", "highway": "tertiary"}, "geometry": {"type": "LineString", "coordinates": [[-105.0011165, 39.7543572], [-105.000717, 39.7546714], [-105.0005467, 39.7548804]]}}, {"type": "Feature", "properties": {"name": "West 21st Street", "highway": "tertiary"}, "geometry": {"type": "LineString", "coordinates": [[-104.9913755, 39.7538746], [-104.9912984, 39.7538151], [-104.9909466, 39.7535435], [-104.9906068, 39.753281], [-104.990505, 39.7532024]]}}, {"type": "Feature", "properties": {"name": "West 21st Street", "highway": "tertiary"}, "geometry": {"type": "LineString", "coordinates": [[-104.990505, 39.7532024], [-104.9904709, 39.7531761], [-104.9904306, 39.7531451], [-104.9900841, 39.7528784], [-104.9899528, 39.7527773], [-104.989815, 39.7526712], [-104.9897372, 39.7526113], [-104.9897006, 39.7525832], [-104.9896431, 39.7525389], [-104.9895537, 39.75247], [-104.9892006, 39.7521981], [-104.9888759, 39.7519482], [-104.9888645, 39.7519403], [-104.9887668, 39.7518642]]}}, {"type": "Feature", "properties": {"name": "Delaware Street", "highway": "tertiary"}, "geometry": {"type": "LineString", "coordinates": [[-104.9929606, 39.7331034], [-104.9929601, 39.7332465], [-104.9929583, 39.733759], [-104.9929579, 39.7338577]]}}, {"type": "Feature", "properties": {"name": "Delaware Street", "highway": "tertiary"}, "geometry": {"type": "LineString", "coordinates": [[-104.9929568, 39.7352634], [-104.9929566, 39.7353686], [-104.9929564, 39.7354545], [-104.9929558, 39.7357949], [-104.9929553, 39.736095], [-104.992955, 39.7362714], [-104.9929547, 39.7364137], [-104.9929546, 39.7364972], [-104.9929545, 39.7365478], [-104.9929542, 39.736687], [-104.992954, 39.7367693], [-104.992954, 39.7368572], [-104.992954, 39.7368941], [-104.992954, 39.7369689], [-104.9929538, 39.7371172], [-104.9929524, 39.7377879], [-104.9929522, 39.7378975], [-104.9929517, 39.7382025], [-104.9929497, 39.7383585], [-104.9929507, 39.7384274], [-104.9929512, 39.7384588]]}}, {"type": "Feature", "properties": {"name": "15th Street", "highway": "secondary"}, "geometry": {"type": "LineString", "coordinates": [[-105.0021189, 39.7509611], [-105.002201, 39.7510233], [-105.0025632, 39.7513001]]}}, {"type": "Feature", "properties": {"name": "18th Street", "highway": "secondary"}, "geometry": {"type": "LineString", "coordinates": [[-104.9924251, 39.7490444], [-104.9925305, 39.7491207], [-104.9932104, 39.7496439], [-104.9932838, 39.7497042]]}}, {"type": "Feature", "properties": {"name": "Vallejo Street", "highway": "residential"}, "geometry": {"type": "LineString", "coordinates": [[-105.013148, 39.7584052], [-105.0131482, 39.7585091], [-105.0131482, 39.7585278], [-105.0131468, 39.759426], [-105.0131467, 39.7595473], [-105.0131467, 39.7595648], [-105.0131466, 39.7596528], [-105.0131465, 39.7597334], [-105.0131465, 39.759757], [-105.0131464, 39.7598393], [-105.0131457, 39.7604609], [-105.013145, 39.760514], [-105.0131454, 39.7607244], [-105.0131453, 39.7608064], [-105.0131452, 39.7608963], [-105.0131441, 39.7618368], [-105.0131442, 39.7618873], [-105.0131444, 39.7619488], [-105.0131439, 39.7620305]]}}, {"type": "Feature", "properties": {"name": "West 29th Avenue", "highway": "tertiary"}, "geometry": {"type": "LineString", "coordinates": [[-105.0144852, 39.7584073], [-105.0143875, 39.7584072], [-105.0138149, 39.7584063], [-105.0132579, 39.7584054], [-105.013148, 39.7584052], [-105.0130561, 39.7584051], [-105.0124806, 39.7584042], [-105.0123064, 39.7584039]]}}, {"type": "Feature", "properties": {"name": "Boulder Street", "highway": "residential"}, "geometry": {"type": "LineString", "coordinates": [[-105.0110932, 39.7587833], [-105.0105817, 39.7591781], [-105.0105031, 39.7592388]]}}, {"type": "Feature", "properties": {"name": "Tremont Place", "highway": "tertiary"}, "geometry": {"type": "LineString", "coordinates": [[-104.9895634, 39.7431703], [-104.9896216, 39.7431285]]}}, {"type": "Feature", "properties": {"name": "Water Street", "highway": "tertiary"}, "geometry": {"type": "LineString", "coordinates": [[-105.0135644, 39.7525284], [-105.0133889, 39.7526058], [-105.0117728, 39.7533212], [-105.0116326, 39.7533834], [-105.0111541, 39.7535914]]}}, {"type": "Feature", "properties": {"name": "West 13th Avenue", "highway": "tertiary"}, "geometry": {"type": "LineString", "coordinates": [[-105.0103808, 39.7368995], [-105.0102555, 39.7369016], [-105.0098205, 39.7369065], [-105.009252, 39.7369055]]}}, {"type": "Feature", "properties": {"name": "West 11th Avenue", "highway": "residential"}, "geometry": {"type": "LineString", "coordinates": [[-105.00159, 39.7337004], [-105.0016971, 39.7337006], [-105.0021757, 39.7337012]]}}, {"type": "Feature", "properties": {"name": "North Lipan Street", "highway": "residential"}, "geometry": {"type": "LineString", "coordinates": [[-105.00159, 39.7337004], [-105.0015898, 39.7337939], [-105.0015863, 39.7351908], [-105.001586, 39.7352896], [-105.0015857, 39.7353878], [-105.0015844, 39.7359025]]}}, {"type": "Feature", "properties": {"name": "North Santa Fe Drive", "highway": "secondary"}, "geometry": {"type": "LineString", "coordinates": [[-104.9986633, 39.7336952], [-104.9986642, 39.7337809], [-104.9986671, 39.7340711], [-104.9986706, 39.7344174], [-104.998672, 39.7345597], [-104.9986743, 39.7347833], [-104.9986783, 39.7351861], [-104.9986793, 39.7352813], [-104.9986802, 39.7353733], [-104.9986847, 39.735813], [-104.9986862, 39.7359607], [-104.9986863, 39.7359697], [-104.9986911, 39.7364452], [-104.9986945, 39.7367868], [-104.9986954, 39.7368734], [-104.9986957, 39.7369104], [-104.9986962, 39.7369565], [-104.9986982, 39.737155], [-104.9986986, 39.7371889], [-104.9986993, 39.7372633], [-104.9987031, 39.7376389]]}}, {"type": "Feature", "properties": {"name": "West 11th Avenue", "highway": "tertiary"}, "geometry": {"type": "LineString", "coordinates": [[-104.9986633, 39.7336952], [-104.9987657, 39.7336954], [-104.9991337, 39.7336962], [-104.9994272, 39.7336969]]}}, {"type": "Feature", "properties": {"name": "West 11th Avenue", "highway": "tertiary"}, "geometry": {"type": "LineString", "coordinates": [[-104.9976174, 39.7336928], [-104.9977102, 39.733693], [-104.9981655, 39.7336942], [-104.9984554, 39.7336948], [-104.998567, 39.733695], [-104.9986633, 39.7336952]]}}, {"type": "Feature", "properties": {"name": "Inca Street", "highway": "residential"}, "geometry": {"type": "LineString", "coordinates": [[-104.9976174, 39.7336928], [-104.9976036, 39.733778]]}}, {"type": "Feature", "properties": {"name": "Bannock Street", "highway": "tertiary"}, "geometry": {"type": "LineString", "coordinates": [[-104.9902595, 39.7304656], [-104.9902595, 39.7304754], [-104.990259, 39.7305587], [-104.9902606, 39.7307217], [-104.9902608, 39.7307735], [-104.9902611, 39.7308654], [-104.9902614, 39.7309354], [-104.990262, 39.7310983], [-104.9902626, 39.7312793]]}}, {"type": "Feature", "properties": {"name": "Blake Street", "highway": "secondary"}, "geometry": {"type": "LineString", "coordinates": [[-105.0019671, 39.7486761], [-105.0020035, 39.7486712]]}}, {"type": "Feature", "properties": {"name": "7th Street", "highway": "secondary"}, "geometry": {"type": "LineString", "coordinates": [[-105.0056556, 39.7410317], [-105.0060543, 39.741222], [-105.006142, 39.7412639]]}}, {"type": "Feature", "properties": {"name": "15th Street", "highway": "secondary"}, "geometry": {"type": "LineString", "coordinates": [[-105.0003498, 39.7496302], [-105.000408, 39.7496738], [-105.0004209, 39.7496835], [-105.000555, 39.7497839], [-105.0007897, 39.7499596], [-105.0011505, 39.7502283], [-105.0012293, 39.7502862]]}}, {"type": "Feature", "properties": {"name": "Blake Street", "highway": "secondary"}, "geometry": {"type": "LineString", "coordinates": [[-105.0003498, 39.7496302], [-105.0004177, 39.7495777], [-105.0006176, 39.749423]]}}, {"type": "Feature", "properties": {"name": "West 4th Street", "highway": "residential"}, "geometry": {"type": "LineString", "coordinates": [[-105.0115846, 39.7419193], [-105.0116163, 39.7419617], [-105.0119452, 39.7423994], [-105.0123367, 39.7429216], [-105.0123517, 39.7429431], [-105.0124026, 39.7430088]]}}, {"type": "Feature", "properties": {"name": "West 9th Avenue", "highway": "tertiary"}, "geometry": {"type": "LineString", "coordinates": [[-104.9874218, 39.7304536], [-104.9875782, 39.7304543], [-104.9881768, 39.7304568], [-104.988761, 39.7304593], [-104.9888562, 39.7304597]]}}, {"type": "Feature", "properties": {"name": "12th Street", "highway": "residential"}, "geometry": {"type": "LineString", "coordinates": [[-104.9954244, 39.7402594], [-104.9956974, 39.7404705], [-104.9960168, 39.7407174], [-104.9960415, 39.7407365], [-104.9960876, 39.7407722], [-104.996115, 39.7407934]]}}, {"type": "Feature", "properties": {"name": "12th Street", "highway": "residential"}, "geometry": {"type": "LineString", "coordinates": [[-104.9952715, 39.7401412], [-104.995295, 39.7401596], [-104.9953965, 39.7402347], [-104.9954244, 39.7402594]]}}, {"type": "Feature", "properties": {"name": "15th Street", "highway": "secondary"}, "geometry": {"type": "LineString", "coordinates": [[-105.0041181, 39.7524895], [-105.0042638, 39.7526679], [-105.0046525, 39.7529674], [-105.0050642, 39.7532902], [-105.0057431, 39.7538157], [-105.0059643, 39.7539096]]}}, {"type": "Feature", "properties": {"name": "Bannock Street", "highway": "tertiary"}, "geometry": {"type": "LineString", "coordinates": [[-104.9902538, 39.733433], [-104.9902524, 39.7335962], [-104.990251, 39.7337611], [-104.9902502, 39.7338525]]}}, {"type": "Feature", "properties": {"name": "Bannock Street", "highway": "tertiary"}, "geometry": {"type": "LineString", "coordinates": [[-104.99025, 39.7342401], [-104.9902499, 39.7343352], [-104.9902499, 39.7343927], [-104.9902497, 39.7347013], [-104.9902495, 39.7351649], [-104.9902494, 39.735264], [-104.9902497, 39.7353616], [-104.9902508, 39.7356934], [-104.990252, 39.7360518], [-104.9902529, 39.7363008]]}}, {"type": "Feature", "properties": {"name": "West 11th Avenue", "highway": "tertiary"}, "geometry": {"type": "LineString", "coordinates": [[-104.9888446, 39.7338498], [-104.988748, 39.7338496], [-104.9881599, 39.7338484], [-104.98798, 39.7338481], [-104.987567, 39.7338473], [-104.987401, 39.733847]]}}, {"type": "Feature", "properties": {"name": "Bannock Street", "highway": "tertiary"}, "geometry": {"type": "LineString", "coordinates": [[-104.9902502, 39.7338525], [-104.9902501, 39.7339555], [-104.99025, 39.7342401]]}}, {"type": "Feature", "properties": {"name": "Bannock Street", "highway": "tertiary"}, "geometry": {"type": "LineString", "coordinates": [[-104.9902529, 39.7363008], [-104.9902537, 39.7365467], [-104.9902527, 39.7367563], [-104.9902547, 39.7368531]]}}, {"type": "Feature", "properties": {"name": "Bannock Street", "highway": "tertiary"}, "geometry": {"type": "LineString", "coordinates": [[-104.9902628, 39.7373226], [-104.9902659, 39.7374532], [-104.9902692, 39.7375907], [-104.990272, 39.7377104]]}}, {"type": "Feature", "properties": {"name": "Bannock Street", "highway": "tertiary"}, "geometry": {"type": "LineString", "coordinates": [[-104.990272, 39.7377104], [-104.990273, 39.7377509], [-104.9902822, 39.7381379]]}}, {"type": "Feature", "properties": {"name": "West 11th Avenue", "highway": "tertiary"}, "geometry": {"type": "LineString", "coordinates": [[-104.9929579, 39.7338577], [-104.9928545, 39.7338575], [-104.9923635, 39.7338566]]}}, {"type": "Feature", "properties": {"name": "West 11th Avenue", "highway": "tertiary"}, "geometry": {"type": "LineString", "coordinates": [[-104.9916554, 39.7338552], [-104.9915541, 39.7338543], [-104.990978, 39.7338539], [-104.9903852, 39.7338527], [-104.9902502, 39.7338525]]}}, {"type": "Feature", "properties": {"name": "West 12th Avenue", "highway": "tertiary"}, "geometry": {"type": "LineString", "coordinates": [[-104.9889556, 39.7352644], [-104.9892484, 39.7352643], [-104.9893021, 39.7352643], [-104.9895478, 39.7352642], [-104.9901361, 39.7352641], [-104.9902494, 39.735264], [-104.9903841, 39.735264], [-104.990982, 39.7352638], [-104.9915255, 39.7352637], [-104.991554, 39.7352637], [-104.9916531, 39.7352637]]}}, {"type": "Feature", "properties": {"name": "West 13th Avenue", "highway": "tertiary"}, "geometry": {"type": "LineString", "coordinates": [[-105.0117764, 39.7369092], [-105.0111968, 39.7369091], [-105.0111603, 39.7369079], [-105.0111073, 39.7369051], [-105.0109344, 39.7368941], [-105.0105554, 39.7368938], [-105.0103808, 39.7368995]]}}, {"type": "Feature", "properties": {"name": "West 13th Avenue", "highway": "tertiary"}, "geometry": {"type": "LineString", "coordinates": [[-105.0152235, 39.7369172], [-105.0154836, 39.7369177]]}}, {"type": "Feature", "properties": {"name": "West 13th Avenue", "highway": "tertiary"}, "geometry": {"type": "LineString", "coordinates": [[-105.013742, 39.7369145], [-105.0145918, 39.7369127]]}}, {"type": "Feature", "properties": {"name": "Champa Street", "highway": "secondary"}, "geometry": {"type": "LineString", "coordinates": [[-104.991519, 39.7483918], [-104.9915955, 39.7483308], [-104.9921582, 39.7478972], [-104.9926417, 39.7475247], [-104.992675, 39.7474985], [-104.9927179, 39.7474647]]}}, {"type": "Feature", "properties": {"name": "19th Street", "highway": "tertiary"}, "geometry": {"type": "LineString", "coordinates": [[-104.9903143, 39.7493229], [-104.99023, 39.7492573], [-104.9901611, 39.7492038]]}}, {"type": "Feature", "properties": {"name": "Chestnut Place", "highway": "residential"}, "geometry": {"type": "LineString", "coordinates": [[-104.9982593, 39.7579577], [-104.9981066, 39.7580825], [-104.9980876, 39.7581011], [-104.9980726, 39.7581208], [-104.9980453, 39.7581591], [-104.9980277, 39.7581969], [-104.9980181, 39.7582348], [-104.9980126, 39.7582688], [-104.9980097, 39.7583038], [-104.9980099, 39.7583239], [-104.9980109, 39.7584273]]}}, {"type": "Feature", "properties": {"name": "Chestnut Place", "highway": "residential"}, "geometry": {"type": "LineString", "coordinates": [[-104.9999057, 39.7566845], [-104.9999855, 39.7566228], [-105.0010275, 39.755817], [-105.0011212, 39.7557483]]}}, {"type": "Feature", "properties": {"name": "Chestnut Place", "highway": "residential"}, "geometry": {"type": "LineString", "coordinates": [[-104.9985388, 39.7577415], [-104.9984613, 39.7578015], [-104.9984511, 39.7578094]]}}, {"type": "Feature", "properties": {"name": "Chestnut Place", "highway": "residential"}, "geometry": {"type": "LineString", "coordinates": [[-104.9986405, 39.7576629], [-104.9985388, 39.7577415]]}}, {"type": "Feature", "properties": {"name": "North Mariposa Street", "highway": "tertiary"}, "geometry": {"type": "LineString", "coordinates": [[-105.0028281, 39.7368812], [-105.002828, 39.736922], [-105.0028285, 39.736977], [-105.0028288, 39.7369997], [-105.0028267, 39.7377441], [-105.002825, 39.738383], [-105.0028252, 39.7384712]]}}, {"type": "Feature", "properties": {"name": "West Colfax Avenue", "highway": "primary"}, "geometry": {"type": "LineString", "coordinates": [[-105.0028305, 39.7400228], [-105.0026989, 39.7400246], [-105.001731, 39.7400201], [-105.0015834, 39.7400207], [-105.001439, 39.7400217], [-105.001139, 39.7400197]]}}, {"type": "Feature", "properties": {"name": "West Colfax Avenue", "highway": "primary"}, "geometry": {"type": "LineString", "coordinates": [[-105.0028458, 39.7401609], [-105.002974, 39.7401617], [-105.0038186, 39.7401641], [-105.0040077, 39.7401672], [-105.0041512, 39.7401714], [-105.0043684, 39.7401827], [-105.00474, 39.7402066]]}}, {"type": "Feature", "properties": {"name": "Wazee Street", "highway": "residential"}, "geometry": {"type": "LineString", "coordinates": [[-105.0000395, 39.7512128], [-104.999945, 39.7512865], [-104.9999171, 39.7513082]]}}, {"type": "Feature", "properties": {"name": "Wazee Street", "highway": "residential"}, "geometry": {"type": "LineString", "coordinates": [[-105.0012293, 39.7502862], [-105.0011516, 39.7503468], [-105.0004112, 39.7509234], [-105.0001231, 39.7511477], [-105.0000395, 39.7512128]]}}, {"type": "Feature", "properties": {"name": "18th Street", "highway": "secondary"}, "geometry": {"type": "LineString", "coordinates": [[-104.9963568, 39.7520542], [-104.996714, 39.7523345], [-104.9967449, 39.7523561], [-104.9967894, 39.7523875]]}}, {"type": "Feature", "properties": {"name": "North Speer Boulevard", "highway": "primary"}, "geometry": {"type": "LineString", "coordinates": [[-105.0040579, 39.7496574], [-105.0042494, 39.7498257], [-105.0043157, 39.7498763]]}}, {"type": "Feature", "properties": {"name": "North Speer Boulevard", "highway": "primary"}, "geometry": {"type": "LineString", "coordinates": [[-105.004758, 39.750213], [-105.00492, 39.7503358]]}}, {"type": "Feature", "properties": {"name": "North Speer Boulevard", "highway": "primary"}, "geometry": {"type": "LineString", "coordinates": [[-105.005094, 39.7501957], [-105.0050134, 39.7501363], [-105.004934, 39.7500778]]}}, {"type": "Feature", "properties": {"name": "North Speer Boulevard", "highway": "primary"}, "geometry": {"type": "LineString", "coordinates": [[-105.0057231, 39.750642], [-105.0054469, 39.750446]]}}, {"type": "Feature", "properties": {"name": "Wewatta Street", "highway": "tertiary"}, "geometry": {"type": "LineString", "coordinates": [[-104.9963803, 39.7570373], [-104.9962865, 39.7571117], [-104.9962505, 39.7571403]]}}, {"type": "Feature", "properties": {"name": "Wewatta Street", "highway": "tertiary"}, "geometry": {"type": "LineString", "coordinates": [[-104.9963285, 39.7571972], [-104.9963631, 39.7571702], [-104.9964584, 39.7570956]]}}, {"type": "Feature", "properties": {"name": "Wewatta Street", "highway": "tertiary"}, "geometry": {"type": "LineString", "coordinates": [[-104.9992699, 39.7553909], [-104.9988417, 39.7557176], [-104.9987465, 39.7557902]]}}, {"type": "Feature", "properties": {"name": "Wewatta Street", "highway": "tertiary"}, "geometry": {"type": "LineString", "coordinates": [[-105.0005467, 39.7548804], [-105.0003671, 39.7550057], [-105.0002586, 39.7550606]]}}, {"type": "Feature", "properties": {"name": "Wewatta Street", "highway": "tertiary"}, "geometry": {"type": "LineString", "coordinates": [[-105.0025621, 39.7532067], [-105.0024883, 39.7532728], [-105.002437, 39.7533188], [-105.0021378, 39.7535541], [-105.0020205, 39.7536464], [-105.001808, 39.7538135]]}}, {"type": "Feature", "properties": {"name": "Wewatta Street", "highway": "tertiary"}, "geometry": {"type": "LineString", "coordinates": [[-105.001494, 39.7540604], [-105.0014543, 39.7540916], [-105.0013831, 39.7541476], [-105.0012076, 39.7542856], [-105.0011165, 39.7543572]]}}, {"type": "Feature", "properties": {"name": "Wewatta Street", "highway": "tertiary"}, "geometry": {"type": "LineString", "coordinates": [[-105.0026879, 39.752171], [-105.0026486, 39.7523446], [-105.0026795, 39.752453], [-105.002722, 39.7526016]]}}, {"type": "Feature", "properties": {"name": "Chopper Circle", "highway": "tertiary"}, "geometry": {"type": "LineString", "coordinates": [[-105.00567, 39.7495109], [-105.0054594, 39.7496734], [-105.005046, 39.7499916], [-105.004934, 39.7500778]]}}, {"type": "Feature", "properties": {"name": "Chopper Circle", "highway": "tertiary"}, "geometry": {"type": "LineString", "coordinates": [[-105.006368, 39.7484987], [-105.006337, 39.7485966], [-105.0063248, 39.748635], [-105.0062947, 39.7487324], [-105.0062114, 39.7489151]]}}, {"type": "Feature", "properties": {"name": "Chopper Circle", "highway": "tertiary"}, "geometry": {"type": "LineString", "coordinates": [[-105.0057519, 39.7494495], [-105.00567, 39.7495109]]}}, {"type": "Feature", "properties": {"name": "Chopper Circle", "highway": "tertiary"}, "geometry": {"type": "LineString", "coordinates": [[-105.004934, 39.7500778], [-105.004758, 39.750213]]}}, {"type": "Feature", "properties": {"name": "15th Street", "highway": "secondary"}, "geometry": {"type": "LineString", "coordinates": [[-105.002986, 39.7516233], [-105.0030982, 39.751709], [-105.0034203, 39.7519552]]}}, {"type": "Feature", "properties": {"name": "15th Street", "highway": "secondary"}, "geometry": {"type": "LineString", "coordinates": [[-105.0025632, 39.7513001], [-105.0027906, 39.7514722], [-105.0028812, 39.7515432], [-105.002986, 39.7516233]]}}, {"type": "Feature", "properties": {"name": "Wewatta Street", "highway": "tertiary"}, "geometry": {"type": "LineString", "coordinates": [[-105.002986, 39.7516233], [-105.0030638, 39.7515405], [-105.0034125, 39.7512678], [-105.0034869, 39.7512094], [-105.0037341, 39.7510164], [-105.0037452, 39.7510078]]}}, {"type": "Feature", "properties": {"name": "Chestnut Place", "highway": "residential"}, "geometry": {"type": "LineString", "coordinates": [[-104.9993228, 39.7571353], [-104.9992176, 39.7572167]]}}, {"type": "Feature", "properties": {"name": "Zuni Street", "highway": "tertiary"}, "geometry": {"type": "LineString", "coordinates": [[-105.0158441, 39.7588807], [-105.0158435, 39.7585017], [-105.0158426, 39.7584095]]}}, {"type": "Feature", "properties": {"name": "Zuni Street", "highway": "tertiary"}, "geometry": {"type": "LineString", "coordinates": [[-105.0158426, 39.7584095], [-105.015842, 39.7583242], [-105.0158384, 39.7578372]]}}, {"type": "Feature", "properties": {"name": "15th Street", "highway": "tertiary"}, "geometry": {"type": "LineString", "coordinates": [[-105.0113696, 39.758061], [-105.0116229, 39.7582572], [-105.0116988, 39.7583159]]}}, {"type": "Feature", "properties": {"name": "West 29th Avenue", "highway": "tertiary"}, "geometry": {"type": "LineString", "coordinates": [[-105.0123064, 39.7584039], [-105.0119201, 39.7584033], [-105.0118114, 39.7584031]]}}, {"type": "Feature", "properties": {"name": "West 29th Avenue", "highway": "tertiary"}, "geometry": {"type": "LineString", "coordinates": [[-105.0158426, 39.7584095], [-105.0157333, 39.7584093], [-105.0153139, 39.7584086]]}}, {"type": "Feature", "properties": {"name": "20th Street", "highway": "secondary"}, "geometry": {"type": "LineString", "coordinates": [[-104.9938849, 39.7539667], [-104.9942348, 39.7542471], [-104.9942788, 39.7542827], [-104.9943078, 39.7543062]]}}, {"type": "Feature", "properties": {"name": "20th Street", "highway": "secondary"}, "geometry": {"type": "LineString", "coordinates": [[-104.9947335, 39.7546479], [-104.9949901, 39.7548539], [-104.9951571, 39.7549879]]}}, {"type": "Feature", "properties": {"name": "20th Street", "highway": "secondary"}, "geometry": {"type": "LineString", "coordinates": [[-104.9943078, 39.7543062], [-104.9943584, 39.7543463], [-104.9944034, 39.7543819], [-104.9947335, 39.7546479]]}}, {"type": "Feature", "properties": {"name": "14th Street", "highway": "secondary"}, "geometry": {"type": "LineString", "coordinates": [[-104.9966043, 39.744861], [-104.9964238, 39.7447242], [-104.9963376, 39.7446587]]}}, {"type": "Feature", "properties": {"name": "14th Street", "highway": "secondary"}, "geometry": {"type": "LineString", "coordinates": [[-104.9972214, 39.7453375], [-104.9971474, 39.7452792], [-104.9967906, 39.7450046], [-104.9966043, 39.744861]]}}, {"type": "Feature", "properties": {"name": "14th Street", "highway": "secondary"}, "geometry": {"type": "LineString", "coordinates": [[-104.9989592, 39.7466802], [-104.9989117, 39.7466435], [-104.9988829, 39.7466213], [-104.9985289, 39.7463464], [-104.9981732, 39.7460715], [-104.9981425, 39.7460482], [-104.9980781, 39.7459994], [-104.9980001, 39.7459384], [-104.9975865, 39.7456226]]}}, {"type": "Feature", "properties": {"name": "15th Street", "highway": "secondary"}, "geometry": {"type": "LineString", "coordinates": [[-104.9960105, 39.7462733], [-104.9960828, 39.7463285], [-104.9962734, 39.7464739]]}}, {"type": "Feature", "properties": {"name": "15th Street", "highway": "secondary"}, "geometry": {"type": "LineString", "coordinates": [[-104.9968678, 39.7469139], [-104.9969217, 39.7469537], [-104.9969702, 39.7470056], [-104.9976889, 39.7475405], [-104.9977061, 39.7475542], [-104.9977622, 39.7475986]]}}, {"type": "Feature", "properties": {"name": "15th Street", "highway": "secondary"}, "geometry": {"type": "LineString", "coordinates": [[-104.9947038, 39.7452625], [-104.9950538, 39.7455333], [-104.9951313, 39.7455932]]}}, {"type": "Feature", "properties": {"name": "15th Street", "highway": "secondary"}, "geometry": {"type": "LineString", "coordinates": [[-104.9942609, 39.7449199], [-104.994305, 39.7449539], [-104.9943523, 39.7449921], [-104.9944346, 39.7450542], [-104.9947038, 39.7452625]]}}, {"type": "Feature", "properties": {"name": "15th Street", "highway": "secondary"}, "geometry": {"type": "LineString", "coordinates": [[-104.9934133, 39.7442641], [-104.9934898, 39.7443233], [-104.9938314, 39.7445875], [-104.994188, 39.7448635], [-104.9942609, 39.7449199]]}}, {"type": "Feature", "properties": {"name": "15th Street", "highway": "secondary"}, "geometry": {"type": "LineString", "coordinates": [[-104.9930661, 39.7440013], [-104.993331, 39.744201], [-104.9933603, 39.7442238], [-104.9934133, 39.7442641]]}}, {"type": "Feature", "properties": {"name": "15th Street", "highway": "secondary"}, "geometry": {"type": "LineString", "coordinates": [[-104.9920957, 39.7432334], [-104.9924517, 39.7435116], [-104.9924871, 39.7435395], [-104.9925281, 39.7435718]]}}, {"type": "Feature", "properties": {"name": "15th Street", "highway": "secondary"}, "geometry": {"type": "LineString", "coordinates": [[-104.9912362, 39.7425746], [-104.9915904, 39.742848], [-104.9916735, 39.7429078]]}}, {"type": "Feature", "properties": {"name": "15th Street", "highway": "secondary"}, "geometry": {"type": "LineString", "coordinates": [[-104.989325, 39.7411361], [-104.9896239, 39.7413631]]}}, {"type": "Feature", "properties": {"name": "20th Street", "highway": "secondary"}, "geometry": {"type": "LineString", "coordinates": [[-104.9873785, 39.7489186], [-104.9875578, 39.7490541], [-104.9877416, 39.7491979]]}}, {"type": "Feature", "properties": {"name": "19th Street", "highway": "tertiary"}, "geometry": {"type": "LineString", "coordinates": [[-104.9891474, 39.7484063], [-104.9886959, 39.7480397], [-104.9886508, 39.748003], [-104.9886094, 39.7479695]]}}, {"type": "Feature", "properties": {"name": "19th Street", "highway": "tertiary"}, "geometry": {"type": "LineString", "coordinates": [[-104.9894316, 39.7486371], [-104.9893826, 39.7485973], [-104.9893572, 39.7485767], [-104.9891474, 39.7484063]]}}, {"type": "Feature", "properties": {"name": "19th Street", "highway": "tertiary"}, "geometry": {"type": "LineString", "coordinates": [[-104.9906596, 39.7495863], [-104.9904051, 39.7493899], [-104.9903143, 39.7493229]]}}, {"type": "Feature", "properties": {"name": "18th Street", "highway": "secondary"}, "geometry": {"type": "LineString", "coordinates": [[-104.9920036, 39.7487084], [-104.992349, 39.7489796], [-104.9924251, 39.7490444]]}}, {"type": "Feature", "properties": {"name": "18th Street", "highway": "secondary"}, "geometry": {"type": "LineString", "coordinates": [[-104.9912937, 39.7482187], [-104.9913707, 39.7482774], [-104.9914355, 39.7483267], [-104.991519, 39.7483918]]}}, {"type": "Feature", "properties": {"name": "18th Street", "highway": "secondary"}, "geometry": {"type": "LineString", "coordinates": [[-104.9903549, 39.7474991], [-104.990557, 39.7476545], [-104.9906283, 39.7477091]]}}, {"type": "Feature", "properties": {"name": "18th Street", "highway": "secondary"}, "geometry": {"type": "LineString", "coordinates": [[-104.9895541, 39.7468821], [-104.9897088, 39.7470017], [-104.9897373, 39.7470234], [-104.9897867, 39.7470613]]}}, {"type": "Feature", "properties": {"name": "18th Street", "highway": "secondary"}, "geometry": {"type": "LineString", "coordinates": [[-104.9897867, 39.7470613], [-104.9898717, 39.7471275], [-104.989937, 39.7471778], [-104.9903549, 39.7474991]]}}, {"type": "Feature", "properties": {"name": "17th Street", "highway": "secondary"}, "geometry": {"type": "LineString", "coordinates": [[-104.9879301, 39.7437761], [-104.9875895, 39.7435119], [-104.9875473, 39.7434816], [-104.9873953, 39.7433641]]}}, {"type": "Feature", "properties": {"name": "17th Street", "highway": "secondary"}, "geometry": {"type": "LineString", "coordinates": [[-104.9892287, 39.7447764], [-104.9891515, 39.7447163], [-104.9887912, 39.7444394]]}}, {"type": "Feature", "properties": {"name": "17th Street", "highway": "secondary"}, "geometry": {"type": "LineString", "coordinates": [[-104.9912323, 39.7463197], [-104.9910729, 39.7461965], [-104.9909899, 39.7461333]]}}, {"type": "Feature", "properties": {"name": "17th Street", "highway": "secondary"}, "geometry": {"type": "LineString", "coordinates": [[-104.9918336, 39.7467834], [-104.9917615, 39.7467288], [-104.9914081, 39.7464556], [-104.9912323, 39.7463197]]}}, {"type": "Feature", "properties": {"name": "Curtis Street", "highway": "tertiary"}, "geometry": {"type": "LineString", "coordinates": [[-104.9935966, 39.7481388], [-104.9935484, 39.7481768], [-104.9935201, 39.748199], [-104.9930835, 39.748536], [-104.993022, 39.7485835], [-104.9929604, 39.7486311], [-104.9924742, 39.7490064], [-104.9924251, 39.7490444]]}}, {"type": "Feature", "properties": {"name": "Curtis Street", "highway": "tertiary"}, "geometry": {"type": "LineString", "coordinates": [[-104.9947281, 39.7472619], [-104.9945775, 39.7473794], [-104.9943977, 39.7475197], [-104.9936865, 39.7480695], [-104.9936351, 39.7481091], [-104.9935966, 39.7481388]]}}, {"type": "Feature", "properties": {"name": "Champa Street", "highway": "secondary"}, "geometry": {"type": "LineString", "coordinates": [[-104.9910858, 39.7487261], [-104.9912362, 39.7486099], [-104.9914367, 39.7484549], [-104.9914633, 39.7484345], [-104.9914967, 39.7484089], [-104.991519, 39.7483918]]}}, {"type": "Feature", "properties": {"name": "Champa Street", "highway": "secondary"}, "geometry": {"type": "LineString", "coordinates": [[-104.9903143, 39.7493229], [-104.9903979, 39.7492578], [-104.9910858, 39.7487261]]}}, {"type": "Feature", "properties": {"name": "California Street", "highway": "tertiary"}, "geometry": {"type": "LineString", "coordinates": [[-104.9939341, 39.7438625], [-104.9940929, 39.7437401], [-104.9942954, 39.7435839]]}}, {"type": "Feature", "properties": {"name": "California Street", "highway": "tertiary"}, "geometry": {"type": "LineString", "coordinates": [[-104.9934133, 39.7442641], [-104.9934637, 39.7442254], [-104.9934972, 39.7441979], [-104.9939341, 39.7438625]]}}, {"type": "Feature", "properties": {"name": "California Street", "highway": "tertiary"}, "geometry": {"type": "LineString", "coordinates": [[-104.9930417, 39.7445514], [-104.9933315, 39.7443285], [-104.9933823, 39.7442885], [-104.9934133, 39.7442641]]}}, {"type": "Feature", "properties": {"name": "California Street", "highway": "tertiary"}, "geometry": {"type": "LineString", "coordinates": [[-104.9897867, 39.7470613], [-104.9898664, 39.747001], [-104.9903261, 39.7466459], [-104.9909087, 39.7461959], [-104.9909453, 39.7461677], [-104.9909899, 39.7461333]]}}, {"type": "Feature", "properties": {"name": "California Street", "highway": "tertiary"}, "geometry": {"type": "LineString", "coordinates": [[-104.9895, 39.747282], [-104.9897054, 39.7471238], [-104.9897456, 39.7470929], [-104.98977, 39.7470741], [-104.9897867, 39.7470613]]}}, {"type": "Feature", "properties": {"name": "California Street", "highway": "tertiary"}, "geometry": {"type": "LineString", "coordinates": [[-104.9886094, 39.7479695], [-104.9886522, 39.7479362], [-104.9886669, 39.7479238], [-104.9887491, 39.7478605], [-104.9895, 39.747282]]}}, {"type": "Feature", "properties": {"name": "California Street", "highway": "tertiary"}, "geometry": {"type": "LineString", "coordinates": [[-104.9878358, 39.7485653], [-104.9884942, 39.7480576], [-104.988535, 39.7480266], [-104.9886094, 39.7479695]]}}, {"type": "Feature", "properties": {"name": "California Street", "highway": "tertiary"}, "geometry": {"type": "LineString", "coordinates": [[-104.9873785, 39.7489186], [-104.9875425, 39.7487915], [-104.9878358, 39.7485653]]}}, {"type": "Feature", "properties": {"name": "Welton Street", "highway": "tertiary"}, "geometry": {"type": "LineString", "coordinates": [[-104.9894277, 39.7459793], [-104.9889854, 39.746324], [-104.9889045, 39.7463841]]}}, {"type": "Feature", "properties": {"name": "Welton Street", "highway": "tertiary"}, "geometry": {"type": "LineString", "coordinates": [[-104.9906068, 39.7450597], [-104.9905764, 39.7450834], [-104.9901899, 39.7453838], [-104.9901293, 39.7454325], [-104.9901053, 39.7454518]]}}, {"type": "Feature", "properties": {"name": "Welton Street", "highway": "tertiary"}, "geometry": {"type": "LineString", "coordinates": [[-104.9913636, 39.7444694], [-104.9912915, 39.7445218]]}}, {"type": "Feature", "properties": {"name": "13th Street", "highway": "tertiary"}, "geometry": {"type": "LineString", "coordinates": [[-104.994502, 39.7413873], [-104.9946895, 39.7415299]]}}, {"type": "Feature", "properties": {"name": "13th Street", "highway": "tertiary"}, "geometry": {"type": "LineString", "coordinates": [[-104.9936311, 39.7407197], [-104.9939901, 39.740983], [-104.9940667, 39.7410426]]}}, {"type": "Feature", "properties": {"name": "13th Street", "highway": "tertiary"}, "geometry": {"type": "LineString", "coordinates": [[-104.9931217, 39.740378], [-104.9932289, 39.7404565], [-104.9932693, 39.740484], [-104.9934458, 39.7405903], [-104.9936311, 39.7407197]]}}, {"type": "Feature", "properties": {"name": "14th Street", "highway": "secondary"}, "geometry": {"type": "LineString", "coordinates": [[-104.9940794, 39.7429091], [-104.9938171, 39.7427178], [-104.9937373, 39.7426589]]}}, {"type": "Feature", "properties": {"name": "14th Street", "highway": "secondary"}, "geometry": {"type": "LineString", "coordinates": [[-104.995475, 39.7439878], [-104.9953724, 39.7439077], [-104.9950427, 39.7436542], [-104.9946969, 39.7433878], [-104.9946238, 39.7433305], [-104.994554, 39.7432765], [-104.994241, 39.7430347], [-104.9940794, 39.7429091]]}}, {"type": "Feature", "properties": {"name": "14th Street", "highway": "secondary"}, "geometry": {"type": "LineString", "coordinates": [[-104.9959131, 39.7443267], [-104.9955942, 39.7440792], [-104.9955518, 39.7440475], [-104.9954804, 39.743992], [-104.995475, 39.7439878]]}}, {"type": "Feature", "properties": {"name": "14th Street", "highway": "secondary"}, "geometry": {"type": "LineString", "coordinates": [[-104.9963376, 39.7446587], [-104.9962663, 39.7446067], [-104.9959131, 39.7443267]]}}, {"type": "Feature", "properties": {"name": "Glenarm Place", "highway": "tertiary"}, "geometry": {"type": "LineString", "coordinates": [[-104.987775, 39.7459031], [-104.9879452, 39.7457704], [-104.9879794, 39.7457436], [-104.9880105, 39.7457192], [-104.9880305, 39.7457035]]}}, {"type": "Feature", "properties": {"name": "Lawrence Street", "highway": "tertiary"}, "geometry": {"type": "LineString", "coordinates": [[-104.9977622, 39.7475986], [-104.9977274, 39.7476241], [-104.9976706, 39.7476637], [-104.9973781, 39.7478895], [-104.9971958, 39.7480302], [-104.9966296, 39.7484671], [-104.9966115, 39.7484811], [-104.9966021, 39.7484884]]}}, {"type": "Feature", "properties": {"name": "Arapahoe Street", "highway": "tertiary"}, "geometry": {"type": "LineString", "coordinates": [[-104.996212, 39.7474393], [-104.9963502, 39.7473325], [-104.9967824, 39.7469812], [-104.9968214, 39.7469504], [-104.9968678, 39.7469139]]}}, {"type": "Feature", "properties": {"name": "Arapahoe Street", "highway": "tertiary"}, "geometry": {"type": "LineString", "coordinates": [[-104.9957138, 39.7478235], [-104.9957538, 39.7477935], [-104.9961959, 39.7474517], [-104.996212, 39.7474393]]}}, {"type": "Feature", "properties": {"name": "Arapahoe Street", "highway": "tertiary"}, "geometry": {"type": "LineString", "coordinates": [[-104.9956511, 39.7478712], [-104.9957138, 39.7478235]]}}, {"type": "Feature", "properties": {"name": "Arapahoe Street", "highway": "tertiary"}, "geometry": {"type": "LineString", "coordinates": [[-104.9953942, 39.7480696], [-104.9956021, 39.7479092], [-104.9956511, 39.7478712]]}}, {"type": "Feature", "properties": {"name": "Arapahoe Street", "highway": "tertiary"}, "geometry": {"type": "LineString", "coordinates": [[-104.9932838, 39.7497042], [-104.9933302, 39.7496645], [-104.994377, 39.7488561], [-104.9943942, 39.7488425], [-104.9944532, 39.7487959]]}}, {"type": "Feature", "properties": {"name": "Court Place", "highway": "tertiary"}, "geometry": {"type": "LineString", "coordinates": [[-104.9899054, 39.7415764], [-104.9898729, 39.7416013], [-104.989825, 39.741638], [-104.9897307, 39.7417094], [-104.9894587, 39.7419154], [-104.9894328, 39.7419356]]}}, {"type": "Feature", "properties": {"name": "Tremont Place", "highway": "tertiary"}, "geometry": {"type": "LineString", "coordinates": [[-104.9903962, 39.7425314], [-104.9906927, 39.7423036], [-104.9907473, 39.742261], [-104.9907772, 39.7422377]]}}, {"type": "Feature", "properties": {"name": "Tremont Place", "highway": "tertiary"}, "geometry": {"type": "LineString", "coordinates": [[-104.9875195, 39.7447394], [-104.9880097, 39.7443667]]}}, {"type": "Feature", "properties": {"name": "18th Street", "highway": "secondary"}, "geometry": {"type": "LineString", "coordinates": [[-104.9873994, 39.7450638], [-104.9875481, 39.7452418], [-104.9876284, 39.7453379]]}}, {"type": "Feature", "properties": {"name": "North Broadway", "highway": "secondary"}, "geometry": {"type": "LineString", "coordinates": [[-104.9876427, 39.7594739], [-104.9876183, 39.7593619], [-104.987547, 39.7588998], [-104.9874756, 39.7584283], [-104.9874557, 39.7582688]]}}, {"type": "Feature", "properties": {"name": "Park Avenue West", "highway": "primary"}, "geometry": {"type": "LineString", "coordinates": [[-104.9938177, 39.7592645], [-104.993782, 39.7592352], [-104.99373, 39.7591916]]}}, {"type": "Feature", "properties": {"name": "Wewatta Street", "highway": "tertiary"}, "geometry": {"type": "LineString", "coordinates": [[-104.99373, 39.7591916], [-104.9935792, 39.759298]]}}, {"type": "Feature", "properties": {"name": "Park Avenue West", "highway": "primary"}, "geometry": {"type": "LineString", "coordinates": [[-104.9944784, 39.7599251], [-104.9943933, 39.7598166], [-104.9943048, 39.7597094], [-104.9942082, 39.7596063], [-104.9941561, 39.7595497], [-104.9941036, 39.7595073], [-104.9939963, 39.7594125], [-104.9939352, 39.7593606], [-104.9938937, 39.7593253], [-104.9938722, 39.7593086], [-104.9938177, 39.7592645]]}}, {"type": "Feature", "properties": {"name": "Wewatta Street", "highway": "tertiary"}, "geometry": {"type": "LineString", "coordinates": [[-104.9944507, 39.7586401], [-104.9938362, 39.7591123], [-104.99373, 39.7591916]]}}, {"type": "Feature", "properties": {"name": "Little Raven Street", "highway": "residential"}, "geometry": {"type": "LineString", "coordinates": [[-105.0021646, 39.7591388], [-105.0018469, 39.7595171], [-105.0017875, 39.7595933]]}}, {"type": "Feature", "properties": {"name": "North Valley Highway", "highway": "motorway"}, "geometry": {"type": "LineString", "coordinates": [[-105.0072038, 39.759455], [-105.0084002, 39.7586191]]}}, {"type": "Feature", "properties": {"name": "North Speer Boulevard", "highway": "primary"}, "geometry": {"type": "LineString", "coordinates": [[-105.0162, 39.7564509], [-105.0159872, 39.7563603], [-105.0158265, 39.7562926]]}}, {"type": "Feature", "properties": {"name": "North Speer Boulevard", "highway": "primary"}, "geometry": {"type": "LineString", "coordinates": [[-105.0158273, 39.7563707], [-105.0159865, 39.7564048], [-105.0162, 39.7564509]]}}, {"type": "Feature", "properties": {"name": "Zuni Street", "highway": "tertiary"}, "geometry": {"type": "LineString", "coordinates": [[-105.0158334, 39.7571855], [-105.0158302, 39.7567539]]}}, {"type": "Feature", "properties": {"name": "Zuni Street", "highway": "tertiary"}, "geometry": {"type": "LineString", "coordinates": [[-105.0158273, 39.7563707], [-105.0158265, 39.7562926]]}}, {"type": "Feature", "properties": {"name": "Zuni Street", "highway": "tertiary"}, "geometry": {"type": "LineString", "coordinates": [[-105.0158302, 39.7567539], [-105.0158289, 39.7565902]]}}, {"type": "Feature", "properties": {"name": "15th Street", "highway": "secondary"}, "geometry": {"type": "LineString", "coordinates": [[-105.0096423, 39.7567387], [-105.0093615, 39.7565259], [-105.0092717, 39.7564592]]}}, {"type": "Feature", "properties": {"name": "15th Street", "highway": "secondary"}, "geometry": {"type": "LineString", "coordinates": [[-105.0084021, 39.7558015], [-105.0080257, 39.7555071]]}}, {"type": "Feature", "properties": {"name": "Water Street", "highway": "tertiary"}, "geometry": {"type": "LineString", "coordinates": [[-105.013737, 39.7524537], [-105.0135644, 39.7525284]]}}, {"type": "Feature", "properties": {"name": "Water Street", "highway": "tertiary"}, "geometry": {"type": "LineString", "coordinates": [[-105.0142159, 39.7522369], [-105.013737, 39.7524537]]}}, {"type": "Feature", "properties": {"name": "Water Street", "highway": "tertiary"}, "geometry": {"type": "LineString", "coordinates": [[-105.0149596, 39.7518969], [-105.014875, 39.751936], [-105.01477, 39.7519851]]}}, {"type": "Feature", "properties": {"name": "North Valley Highway", "highway": "motorway"}, "geometry": {"type": "LineString", "coordinates": [[-105.0121371, 39.7555494], [-105.0114614, 39.7560656], [-105.01023, 39.7569498]]}}, {"type": "Feature", "properties": {"name": "North Valley Highway", "highway": "motorway"}, "geometry": {"type": "LineString", "coordinates": [[-105.0126934, 39.7551368], [-105.0124085, 39.755357]]}}, {"type": "Feature", "properties": {"name": "North Speer Boulevard", "highway": "primary"}, "geometry": {"type": "LineString", "coordinates": [[-105.0139011, 39.7558011], [-105.0146842, 39.7560727]]}}, {"type": "Feature", "properties": {"name": "North Valley Highway", "highway": "motorway"}, "geometry": {"type": "LineString", "coordinates": [[-105.0126481, 39.7554679], [-105.0129665, 39.755245]]}}, {"type": "Feature", "properties": {"name": "North Valley Highway", "highway": "motorway"}, "geometry": {"type": "LineString", "coordinates": [[-105.014873, 39.7535163], [-105.0146429, 39.7537185], [-105.0144083, 39.7539087], [-105.014149, 39.7541102], [-105.0136561, 39.7544665], [-105.013163, 39.7548305], [-105.0128952, 39.755018]]}}, {"type": "Feature", "properties": {"name": "North Valley Highway", "highway": "motorway"}, "geometry": {"type": "LineString", "coordinates": [[-105.0152472, 39.753141], [-105.0151575, 39.753234], [-105.0150035, 39.7533912], [-105.014873, 39.7535163]]}}, {"type": "Feature", "properties": {"name": "North Speer Boulevard", "highway": "primary"}, "geometry": {"type": "LineString", "coordinates": [[-105.0067427, 39.7517052], [-105.0068606, 39.7518307], [-105.0069809, 39.7519696]]}}, {"type": "Feature", "properties": {"name": "North Valley Highway", "highway": "motorway"}, "geometry": {"type": "LineString", "coordinates": [[-105.0128952, 39.755018], [-105.0126934, 39.7551368]]}}, {"type": "Feature", "properties": {"name": "North Speer Boulevard", "highway": "primary"}, "geometry": {"type": "LineString", "coordinates": [[-105.0146842, 39.7560727], [-105.0150131, 39.7561794]]}}, {"type": "Feature", "properties": {"name": "Zuni Street", "highway": "tertiary"}, "geometry": {"type": "LineString", "coordinates": [[-105.0158219, 39.7556716], [-105.0158203, 39.7554538], [-105.0158174, 39.7552272]]}}, {"type": "Feature", "properties": {"name": "North Valley Highway", "highway": "motorway"}, "geometry": {"type": "LineString", "coordinates": [[-105.0084927, 39.7582037], [-105.0077701, 39.7587328], [-105.0075703, 39.7588771]]}}, {"type": "Feature", "properties": {"name": "North Valley Highway", "highway": "motorway"}, "geometry": {"type": "LineString", "coordinates": [[-105.0091096, 39.7580964], [-105.0101548, 39.7572801]]}}, {"type": "Feature", "properties": {"name": "North Valley Highway", "highway": "motorway"}, "geometry": {"type": "LineString", "coordinates": [[-105.0098823, 39.7572069], [-105.0092158, 39.7576884], [-105.0084927, 39.7582037]]}}, {"type": "Feature", "properties": {"name": "North Valley Highway", "highway": "motorway"}, "geometry": {"type": "LineString", "coordinates": [[-105.0129665, 39.755245], [-105.0133112, 39.7549734], [-105.0135973, 39.7547512], [-105.0142769, 39.7542389], [-105.0145691, 39.7540078], [-105.0147732, 39.7538422], [-105.014926, 39.7537075], [-105.0151367, 39.7535203], [-105.0152971, 39.7533671], [-105.015487, 39.753172], [-105.0156753, 39.7529719], [-105.0158151, 39.7528124], [-105.0159762, 39.7526163]]}}, {"type": "Feature", "properties": {"name": "North Valley Highway", "highway": "motorway"}, "geometry": {"type": "LineString", "coordinates": [[-105.017433, 39.7493151], [-105.017255, 39.7497599], [-105.0169114, 39.7505856], [-105.0167813, 39.7508859], [-105.0166457, 39.7511628], [-105.0165104, 39.7514294], [-105.0164058, 39.7516175], [-105.0162965, 39.7518026], [-105.0161854, 39.7519742], [-105.0160679, 39.7521499], [-105.0159412, 39.7523286], [-105.0158147, 39.7524998], [-105.0156456, 39.7527138], [-105.0154903, 39.7528871], [-105.0153252, 39.7530601], [-105.0152472, 39.753141]]}}, {"type": "Feature", "properties": {"name": "9th Street", "highway": "tertiary"}, "geometry": {"type": "LineString", "coordinates": [[-105.007476, 39.7463748], [-105.007615, 39.7465567]]}}, {"type": "Feature", "properties": {"name": "Auraria Parkway", "highway": "primary"}, "geometry": {"type": "LineString", "coordinates": [[-105.0069324, 39.7469301], [-105.0070516, 39.7468656], [-105.0074777, 39.746636], [-105.007505, 39.7466213], [-105.007615, 39.7465567]]}}, {"type": "Feature", "properties": {"name": "Auraria Parkway", "highway": "primary"}, "geometry": {"type": "LineString", "coordinates": [[-105.007476, 39.7463748], [-105.007373, 39.7464298], [-105.0069913, 39.7466437]]}}, {"type": "Feature", "properties": {"name": "Chopper Circle", "highway": "tertiary"}, "geometry": {"type": "LineString", "coordinates": [[-105.0076152, 39.747612], [-105.008009, 39.747431], [-105.0082003, 39.7473429]]}}, {"type": "Feature", "properties": {"name": "Auraria Parkway", "highway": "primary"}, "geometry": {"type": "LineString", "coordinates": [[-105.0081059, 39.745968], [-105.0076331, 39.7462819], [-105.007587, 39.7463126], [-105.007476, 39.7463748]]}}, {"type": "Feature", "properties": {"name": "Auraria Parkway", "highway": "primary"}, "geometry": {"type": "LineString", "coordinates": [[-105.007615, 39.7465567], [-105.00773, 39.7464917], [-105.0084076, 39.7460248]]}}, {"type": "Feature", "properties": {"name": "Auraria Parkway", "highway": "primary"}, "geometry": {"type": "LineString", "coordinates": [[-105.0084076, 39.7460248], [-105.0088743, 39.7456907]]}}, {"type": "Feature", "properties": {"name": "Auraria Parkway", "highway": "primary"}, "geometry": {"type": "LineString", "coordinates": [[-105.0094779, 39.7450045], [-105.009325, 39.7451103], [-105.0081059, 39.745968]]}}, {"type": "Feature", "properties": {"name": "Auraria Parkway", "highway": "primary"}, "geometry": {"type": "LineString", "coordinates": [[-105.0088743, 39.7456907], [-105.009452, 39.7452907], [-105.0096125, 39.7451836]]}}, {"type": "Feature", "properties": {"name": "Auraria Parkway", "highway": "primary"}, "geometry": {"type": "LineString", "coordinates": [[-105.0096125, 39.7451836], [-105.009748, 39.7450753], [-105.0100373, 39.7448563]]}}, {"type": "Feature", "properties": {"name": "7th Street", "highway": "secondary"}, "geometry": {"type": "LineString", "coordinates": [[-105.0091526, 39.7445713], [-105.009405, 39.7449077], [-105.0094779, 39.7450045]]}}, {"type": "Feature", "properties": {"name": "7th Street", "highway": "secondary"}, "geometry": {"type": "LineString", "coordinates": [[-105.0094779, 39.7450045], [-105.0096125, 39.7451836]]}}, {"type": "Feature", "properties": {"name": "Auraria Parkway", "highway": "primary"}, "geometry": {"type": "LineString", "coordinates": [[-105.010264, 39.7444058], [-105.0099839, 39.7446238], [-105.009612, 39.7449132], [-105.0094779, 39.7450045]]}}, {"type": "Feature", "properties": {"name": "Auraria Parkway", "highway": "primary"}, "geometry": {"type": "LineString", "coordinates": [[-105.0110726, 39.743883], [-105.0106022, 39.7441765], [-105.010264, 39.7444058]]}}, {"type": "Feature", "properties": {"name": "Auraria Parkway", "highway": "primary"}, "geometry": {"type": "LineString", "coordinates": [[-105.0100373, 39.7448563], [-105.0103961, 39.7445517], [-105.0105805, 39.7443979], [-105.0107759, 39.7442468], [-105.011169, 39.7439697]]}}, {"type": "Feature", "properties": {"name": "North Speer Boulevard", "highway": "primary"}, "geometry": {"type": "LineString", "coordinates": [[-105.0033568, 39.7484399], [-105.0030468, 39.7480756], [-105.0027645, 39.7477438], [-105.0026615, 39.7476216]]}}, {"type": "Feature", "properties": {"name": "North Speer Boulevard", "highway": "primary"}, "geometry": {"type": "LineString", "coordinates": [[-105.0023143, 39.7476847], [-105.0024502, 39.7477807], [-105.0025933, 39.7479012], [-105.002653, 39.7479515]]}}, {"type": "Feature", "properties": {"name": "North Speer Boulevard", "highway": "primary"}, "geometry": {"type": "LineString", "coordinates": [[-105.0013856, 39.7471146], [-105.0018467, 39.7473876]]}}, {"type": "Feature", "properties": {"name": "North Speer Boulevard", "highway": "primary"}, "geometry": {"type": "LineString", "coordinates": [[-105.0000371, 39.7444743], [-105.0000434, 39.7445355], [-105.000047, 39.744566], [-105.0000746, 39.7450004]]}}, {"type": "Feature", "properties": {"name": "North Speer Boulevard", "highway": "primary"}, "geometry": {"type": "LineString", "coordinates": [[-104.9995854, 39.7428537], [-104.9997716, 39.7432594], [-104.999903, 39.7435584], [-104.9999647, 39.7437708], [-105.0000033, 39.7439984], [-105.000022, 39.7443318], [-105.0000371, 39.7444743]]}}, {"type": "Feature", "properties": {"name": "North Speer Boulevard", "highway": "primary"}, "geometry": {"type": "LineString", "coordinates": [[-104.9993415, 39.7423284], [-104.999385, 39.7424181], [-104.9995854, 39.7428537]]}}, {"type": "Feature", "properties": {"name": "Champa Street", "highway": "secondary"}, "geometry": {"type": "LineString", "coordinates": [[-104.9988712, 39.7426921], [-104.999029, 39.7425697], [-104.999235, 39.7424095], [-104.9993415, 39.7423284]]}}, {"type": "Feature", "properties": {"name": "North Speer Boulevard", "highway": "primary"}, "geometry": {"type": "LineString", "coordinates": [[-104.9992797, 39.7422104], [-104.9993415, 39.7423284]]}}, {"type": "Feature", "properties": {"name": "North Speer Boulevard", "highway": "primary"}, "geometry": {"type": "LineString", "coordinates": [[-104.9991762, 39.7420208], [-104.9992488, 39.7421577]]}}, {"type": "Feature", "properties": {"name": "North Speer Boulevard", "highway": "primary"}, "geometry": {"type": "LineString", "coordinates": [[-104.9990027, 39.7417051], [-104.9991762, 39.7420208]]}}, {"type": "Feature", "properties": {"name": "North Speer Boulevard", "highway": "primary"}, "geometry": {"type": "LineString", "coordinates": [[-104.9984971, 39.7408038], [-104.998792, 39.7413342], [-104.9988393, 39.7414203]]}}, {"type": "Feature", "properties": {"name": "North Speer Boulevard", "highway": "primary"}, "geometry": {"type": "LineString", "coordinates": [[-104.998211, 39.7402891], [-104.9982725, 39.7403955], [-104.9983343, 39.7405071], [-104.9984971, 39.7408038]]}}, {"type": "Feature", "properties": {"name": "North Kalamath Street", "highway": "secondary"}, "geometry": {"type": "LineString", "coordinates": [[-105.0001476, 39.7406886], [-105.00015, 39.7403209], [-105.0001508, 39.7402153]]}}, {"type": "Feature", "properties": {"name": "North Kalamath Street", "highway": "secondary"}, "geometry": {"type": "LineString", "coordinates": [[-105.0001319, 39.7414552], [-105.0001426, 39.7413758], [-105.000148, 39.7412799], [-105.000147, 39.7409808], [-105.0001475, 39.7408683], [-105.0001472, 39.7408111], [-105.0001476, 39.7406886]]}}, {"type": "Feature", "properties": {"name": "Stout Street", "highway": "secondary"}, "geometry": {"type": "LineString", "coordinates": [[-104.9994651, 39.7412073], [-104.999357, 39.7412554]]}}, {"type": "Feature", "properties": {"name": "North Speer Boulevard", "highway": "primary"}, "geometry": {"type": "LineString", "coordinates": [[-105.000125, 39.7424805], [-105.0000495, 39.7423249]]}}, {"type": "Feature", "properties": {"name": "North Speer Boulevard", "highway": "primary"}, "geometry": {"type": "LineString", "coordinates": [[-105.0009987, 39.7458436], [-105.0007578, 39.7453794]]}}, {"type": "Feature", "properties": {"name": "North Speer Boulevard", "highway": "primary"}, "geometry": {"type": "LineString", "coordinates": [[-105.0007578, 39.7453794], [-105.0007254, 39.7452556]]}}, {"type": "Feature", "properties": {"name": "Lawrence Street", "highway": "tertiary"}, "geometry": {"type": "LineString", "coordinates": [[-105.0007254, 39.7452556], [-105.0006302, 39.7453393], [-105.0006092, 39.7453581]]}}, {"type": "Feature", "properties": {"name": "7th Street", "highway": "secondary"}, "geometry": {"type": "LineString", "coordinates": [[-105.0054061, 39.7408563], [-105.0054866, 39.7409203], [-105.0055617, 39.740976], [-105.0056556, 39.7410317]]}}, {"type": "Feature", "properties": {"name": "7th Street", "highway": "secondary"}, "geometry": {"type": "LineString", "coordinates": [[-105.006142, 39.7412639], [-105.006251, 39.7413144], [-105.0065354, 39.7414524]]}}, {"type": "Feature", "properties": {"name": "Larimer Street", "highway": "tertiary"}, "geometry": {"type": "LineString", "coordinates": [[-105.0008598, 39.7467168], [-105.0009648, 39.7466636], [-105.0013624, 39.7464685], [-105.001433, 39.7464083]]}}, {"type": "Feature", "properties": {"name": "14th Street", "highway": "secondary"}, "geometry": {"type": "LineString", "coordinates": [[-105.0010253, 39.7482985], [-105.0010054, 39.7482756], [-105.0009624, 39.7482323], [-105.0008794, 39.748157], [-105.0007903, 39.7480886]]}}, {"type": "Feature", "properties": {"name": "15th Street", "highway": "secondary"}, "geometry": {"type": "LineString", "coordinates": [[-104.9966095, 39.7467183], [-104.9968042, 39.746864], [-104.9968678, 39.7469139]]}}, {"type": "Feature", "properties": {"name": "Lawrence Street", "highway": "tertiary"}, "geometry": {"type": "LineString", "coordinates": [[-104.9980438, 39.7473797], [-104.9978494, 39.747534], [-104.9978268, 39.747552], [-104.9977622, 39.7475986]]}}, {"type": "Feature", "properties": {"name": "14th Street", "highway": "secondary"}, "geometry": {"type": "LineString", "coordinates": [[-104.9975865, 39.7456226], [-104.997289, 39.7453897], [-104.9972214, 39.7453375]]}}, {"type": "Feature", "properties": {"name": "North Speer Boulevard", "highway": "primary"}, "geometry": {"type": "LineString", "coordinates": [[-105.0001571, 39.7457455], [-105.0002, 39.7458304]]}}, {"type": "Feature", "properties": {"name": "Lawrence Street", "highway": "tertiary"}, "geometry": {"type": "LineString", "coordinates": [[-105.0001571, 39.7457455], [-105.0000334, 39.7458388]]}}, {"type": "Feature", "properties": {"name": "11th Street", "highway": "tertiary"}, "geometry": {"type": "LineString", "coordinates": [[-105.0055367, 39.7478374], [-105.005681, 39.7480278], [-105.0057934, 39.7481761]]}}, {"type": "Feature", "properties": {"name": "11th Street", "highway": "tertiary"}, "geometry": {"type": "LineString", "coordinates": [[-105.0052514, 39.7474609], [-105.0053839, 39.7476357]]}}, {"type": "Feature", "properties": {"name": "Auraria Parkway", "highway": "primary"}, "geometry": {"type": "LineString", "coordinates": [[-105.0033568, 39.7484399], [-105.0035056, 39.7483939], [-105.0037197, 39.7483276]]}}, {"type": "Feature", "properties": {"name": "Auraria Parkway", "highway": "primary"}, "geometry": {"type": "LineString", "coordinates": [[-105.0043843, 39.7477818], [-105.004138, 39.747776], [-105.0038275, 39.7477356], [-105.0036799, 39.7477117]]}}, {"type": "Feature", "properties": {"name": "Auraria Parkway", "highway": "primary"}, "geometry": {"type": "LineString", "coordinates": [[-105.0052514, 39.7474609], [-105.005128, 39.747514], [-105.0049271, 39.7476003], [-105.004784, 39.7476622], [-105.0046163, 39.7477323], [-105.0044728, 39.7477674], [-105.0043843, 39.7477818]]}}, {"type": "Feature", "properties": {"name": "Auraria Parkway", "highway": "primary"}, "geometry": {"type": "LineString", "coordinates": [[-105.0045305, 39.7480097], [-105.0052611, 39.7476895], [-105.0053839, 39.7476357]]}}, {"type": "Feature", "properties": {"name": "Auraria Parkway", "highway": "primary"}, "geometry": {"type": "LineString", "coordinates": [[-105.0042764, 39.7481259], [-105.0045305, 39.7480097]]}}, {"type": "Feature", "properties": {"name": "Auraria Parkway", "highway": "primary"}, "geometry": {"type": "LineString", "coordinates": [[-105.0060019, 39.7471229], [-105.0053716, 39.7474068], [-105.0052514, 39.7474609]]}}, {"type": "Feature", "properties": {"name": "Auraria Parkway", "highway": "primary"}, "geometry": {"type": "LineString", "coordinates": [[-105.0069913, 39.7466437], [-105.0065086, 39.746894], [-105.0063675, 39.7469575], [-105.0060019, 39.7471229]]}}, {"type": "Feature", "properties": {"name": "Auraria Parkway", "highway": "primary"}, "geometry": {"type": "LineString", "coordinates": [[-105.0053839, 39.7476357], [-105.0055095, 39.7475793], [-105.0056911, 39.7474977], [-105.0066293, 39.7470765], [-105.0069324, 39.7469301]]}}, {"type": "Feature", "properties": {"name": "Auraria Parkway", "highway": "primary"}, "geometry": {"type": "LineString", "coordinates": [[-105.003117, 39.748509], [-105.0033568, 39.7484399]]}}, {"type": "Feature", "properties": {"name": "Blake Street", "highway": "secondary"}, "geometry": {"type": "LineString", "coordinates": [[-105.0020035, 39.7486712], [-105.0020958, 39.7486586]]}}, {"type": "Feature", "properties": {"name": "North Speer Boulevard", "highway": "primary"}, "geometry": {"type": "LineString", "coordinates": [[-105.0039835, 39.749246], [-105.0038239, 39.7490445], [-105.0034318, 39.7485398], [-105.0033568, 39.7484399]]}}, {"type": "Feature", "properties": {"name": "North Speer Boulevard", "highway": "primary"}, "geometry": {"type": "LineString", "coordinates": [[-105.001433, 39.7464083], [-105.0013775, 39.7463445], [-105.0011202, 39.7460152], [-105.0009987, 39.7458436]]}}, {"type": "Feature", "properties": {"name": "15th Street", "highway": "secondary"}, "geometry": {"type": "LineString", "coordinates": [[-104.9999112, 39.7493015], [-104.9999944, 39.7493678]]}}, {"type": "Feature", "properties": {"name": "Larimer Street", "highway": "tertiary"}, "geometry": {"type": "LineString", "coordinates": [[-104.9985348, 39.7483286], [-104.9985746, 39.7482983], [-104.9986107, 39.7482708]]}}, {"type": "Feature", "properties": {"name": "Lawrence Street", "highway": "tertiary"}, "geometry": {"type": "LineString", "coordinates": [[-104.9983428, 39.7471518], [-104.9983292, 39.7471622], [-104.9982603, 39.7472147], [-104.9980438, 39.7473797]]}}, {"type": "Feature", "properties": {"name": "15th Street", "highway": "secondary"}, "geometry": {"type": "LineString", "coordinates": [[-104.9982542, 39.7479933], [-104.9985371, 39.7482135], [-104.9986107, 39.7482708]]}}, {"type": "Feature", "properties": {"name": "14th Street", "highway": "secondary"}, "geometry": {"type": "LineString", "coordinates": [[-104.9993868, 39.7470091], [-104.9990513, 39.7467508], [-104.9989592, 39.7466802]]}}, {"type": "Feature", "properties": {"name": "14th Street", "highway": "secondary"}, "geometry": {"type": "LineString", "coordinates": [[-104.9997726, 39.7473066], [-104.9997381, 39.74728], [-104.9993868, 39.7470091]]}}, {"type": "Feature", "properties": {"name": "North Speer Boulevard", "highway": "primary"}, "geometry": {"type": "LineString", "coordinates": [[-104.9912259, 39.7297319], [-104.990775, 39.7291547], [-104.9906634, 39.7290172], [-104.9905857, 39.728937]]}}, {"type": "Feature", "properties": {"name": "West 11th Avenue", "highway": "tertiary"}, "geometry": {"type": "LineString", "coordinates": [[-104.989171, 39.7338504], [-104.988965, 39.73385], [-104.9888446, 39.7338498]]}}, {"type": "Feature", "properties": {"name": "West 11th Avenue", "highway": "tertiary"}, "geometry": {"type": "LineString", "coordinates": [[-104.9902502, 39.7338525], [-104.990143, 39.7338523], [-104.9898156, 39.7338517], [-104.9895324, 39.7338511], [-104.989171, 39.7338504]]}}, {"type": "Feature", "properties": {"name": "West 13th Avenue", "highway": "secondary"}, "geometry": {"type": "LineString", "coordinates": [[-104.9953106, 39.7368601], [-104.9956047, 39.7368605], [-104.9957301, 39.7368607]]}}, {"type": "Feature", "properties": {"name": "West 13th Avenue", "highway": "secondary"}, "geometry": {"type": "LineString", "coordinates": [[-104.9957301, 39.7368607], [-104.9958403, 39.7368608]]}}, {"type": "Feature", "properties": {"name": "West 13th Avenue", "highway": "secondary"}, "geometry": {"type": "LineString", "coordinates": [[-104.999064, 39.7368738], [-104.9994257, 39.7368742]]}}, {"type": "Feature", "properties": {"name": "West 13th Avenue", "highway": "secondary"}, "geometry": {"type": "LineString", "coordinates": [[-104.9986954, 39.7368734], [-104.9987921, 39.7368734], [-104.999064, 39.7368738]]}}, {"type": "Feature", "properties": {"name": "West 13th Avenue", "highway": "tertiary"}, "geometry": {"type": "LineString", "coordinates": [[-105.0001422, 39.736875], [-105.0002974, 39.7368754], [-105.0008766, 39.7368767]]}}, {"type": "Feature", "properties": {"name": "West 13th Avenue", "highway": "tertiary"}, "geometry": {"type": "LineString", "coordinates": [[-105.001582, 39.7368783], [-105.0016833, 39.7368786], [-105.0021642, 39.7368797]]}}, {"type": "Feature", "properties": {"name": "West 13th Avenue", "highway": "tertiary"}, "geometry": {"type": "LineString", "coordinates": [[-105.0008766, 39.7368767], [-105.0014665, 39.7368781], [-105.001582, 39.7368783]]}}, {"type": "Feature", "properties": {"name": "West 14th Avenue", "highway": "secondary"}, "geometry": {"type": "LineString", "coordinates": [[-104.9985796, 39.7384889], [-104.9984224, 39.7384881], [-104.9978104, 39.7384774], [-104.9976451, 39.7384663]]}}, {"type": "Feature", "properties": {"name": "West 14th Avenue", "highway": "secondary"}, "geometry": {"type": "LineString", "coordinates": [[-104.9976451, 39.7384663], [-104.9975364, 39.7384588]]}}, {"type": "Feature", "properties": {"name": "West 14th Avenue Parkway", "highway": "secondary"}, "geometry": {"type": "LineString", "coordinates": [[-104.9888546, 39.7377909], [-104.9888024, 39.7378022], [-104.9887189, 39.7378352], [-104.9880607, 39.7383151], [-104.9880316, 39.7383343]]}}, {"type": "Feature", "properties": {"name": "West Colfax Avenue", "highway": "primary"}, "geometry": {"type": "LineString", "coordinates": [[-104.988233, 39.74035], [-104.9884893, 39.7405273]]}}, {"type": "Feature", "properties": {"name": "West Colfax Avenue", "highway": "primary"}, "geometry": {"type": "LineString", "coordinates": [[-104.9884893, 39.7405273], [-104.9886032, 39.740586], [-104.9886268, 39.7405959], [-104.9886664, 39.7406125], [-104.9887316, 39.740627], [-104.9887948, 39.7406372], [-104.9888126, 39.7406383]]}}, {"type": "Feature", "properties": {"name": "West Colfax Avenue", "highway": "primary"}, "geometry": {"type": "LineString", "coordinates": [[-104.989007, 39.7405032], [-104.9889432, 39.7405128], [-104.988884, 39.7405179], [-104.9888279, 39.7405169]]}}, {"type": "Feature", "properties": {"name": "West Colfax Avenue", "highway": "primary"}, "geometry": {"type": "LineString", "coordinates": [[-104.9894201, 39.740289], [-104.989396, 39.7403072], [-104.9893192, 39.7403664], [-104.9892737, 39.7403984], [-104.9892277, 39.7404256], [-104.9891704, 39.7404548], [-104.9891556, 39.740461]]}}, {"type": "Feature", "properties": {"name": "West Colfax Avenue", "highway": "primary"}, "geometry": {"type": "LineString", "coordinates": [[-104.9916442, 39.7400018], [-104.9915399, 39.7400022], [-104.9904747, 39.7400029], [-104.9904029, 39.7400028], [-104.990367, 39.7400028], [-104.9902997, 39.7400023]]}}, {"type": "Feature", "properties": {"name": "14th Street", "highway": "secondary"}, "geometry": {"type": "LineString", "coordinates": [[-104.9911167, 39.7406429], [-104.9910397, 39.7405903], [-104.9907241, 39.7403473]]}}, {"type": "Feature", "properties": {"name": "West Colfax Avenue", "highway": "primary"}, "geometry": {"type": "LineString", "coordinates": [[-104.99212, 39.7400044], [-104.991771, 39.7400037], [-104.9916442, 39.7400018]]}}, {"type": "Feature", "properties": {"name": "West Colfax Avenue", "highway": "primary"}, "geometry": {"type": "LineString", "coordinates": [[-104.9947642, 39.7401392], [-104.995034, 39.7401399], [-104.9952715, 39.7401412]]}}, {"type": "Feature", "properties": {"name": "West Colfax Avenue", "highway": "primary"}, "geometry": {"type": "LineString", "coordinates": [[-104.9930387, 39.740134], [-104.993178, 39.7401357], [-104.9943819, 39.7401382]]}}, {"type": "Feature", "properties": {"name": "Glenarm Place", "highway": "tertiary"}, "geometry": {"type": "LineString", "coordinates": [[-104.9952715, 39.7401412], [-104.9952896, 39.7400103]]}}, {"type": "Feature", "properties": {"name": "Glenarm Place", "highway": "tertiary"}, "geometry": {"type": "LineString", "coordinates": [[-104.9948052, 39.7404709], [-104.994868, 39.7404226], [-104.9951377, 39.740223]]}}, {"type": "Feature", "properties": {"name": "West Colfax Avenue", "highway": "primary"}, "geometry": {"type": "LineString", "coordinates": [[-104.995826, 39.7400113], [-104.9956274, 39.7400109], [-104.995357, 39.7400107], [-104.9952896, 39.7400103]]}}, {"type": "Feature", "properties": {"name": "West Colfax Avenue", "highway": "primary"}, "geometry": {"type": "LineString", "coordinates": [[-104.996484, 39.7400125], [-104.996401, 39.7400123], [-104.996179, 39.7400119]]}}, {"type": "Feature", "properties": {"name": "Welton Street", "highway": "tertiary"}, "geometry": {"type": "LineString", "coordinates": [[-104.9964304, 39.7405315], [-104.9963802, 39.7405913], [-104.9963242, 39.7406392], [-104.9963129, 39.7406479], [-104.996115, 39.7407934], [-104.9956916, 39.7411164], [-104.9949485, 39.7417225]]}}, {"type": "Feature", "properties": {"name": "North Speer Boulevard", "highway": "primary"}, "geometry": {"type": "LineString", "coordinates": [[-104.9977851, 39.7396662], [-104.9979797, 39.7399384], [-104.9980335, 39.7400154]]}}, {"type": "Feature", "properties": {"name": "West Colfax Avenue", "highway": "primary"}, "geometry": {"type": "LineString", "coordinates": [[-104.999193, 39.7401977], [-104.9993658, 39.7402015]]}}, {"type": "Feature", "properties": {"name": "North Kalamath Street", "highway": "secondary"}, "geometry": {"type": "LineString", "coordinates": [[-105.0001508, 39.7402153], [-105.0001503, 39.7400188]]}}, {"type": "Feature", "properties": {"name": "West Colfax Avenue", "highway": "primary"}, "geometry": {"type": "LineString", "coordinates": [[-105.001139, 39.7400197], [-105.0006848, 39.7400198]]}}, {"type": "Feature", "properties": {"name": "West Colfax Avenue", "highway": "primary"}, "geometry": {"type": "LineString", "coordinates": [[-105.0015736, 39.7401672], [-105.001737, 39.7401664], [-105.0019236, 39.7401655]]}}, {"type": "Feature", "properties": {"name": "North Mariposa Street", "highway": "tertiary"}, "geometry": {"type": "LineString", "coordinates": [[-105.0028225, 39.7397221], [-105.0028215, 39.7399094], [-105.0028218, 39.739938], [-105.0028305, 39.7400228]]}}, {"type": "Feature", "properties": {"name": "West Colfax Avenue", "highway": "primary"}, "geometry": {"type": "LineString", "coordinates": [[-105.0040693, 39.7400279], [-105.0040088, 39.7400261], [-105.0038168, 39.740023], [-105.0030059, 39.7400214], [-105.0029623, 39.7400213], [-105.0028305, 39.7400228]]}}, {"type": "Feature", "properties": {"name": "West Colfax Avenue", "highway": "primary"}, "geometry": {"type": "LineString", "coordinates": [[-105.0052417, 39.7402359], [-105.0053544, 39.7402384], [-105.0058034, 39.7402514], [-105.0062798, 39.7402651]]}}, {"type": "Feature", "properties": {"name": "Osage Street", "highway": "secondary"}, "geometry": {"type": "LineString", "coordinates": [[-105.0052501, 39.7400991], [-105.0052417, 39.7402359]]}}, {"type": "Feature", "properties": {"name": "Osage Street", "highway": "tertiary"}, "geometry": {"type": "LineString", "coordinates": [[-105.0052513, 39.7395828], [-105.0052521, 39.7397616]]}}, {"type": "Feature", "properties": {"name": "West Colfax Avenue", "highway": "primary"}, "geometry": {"type": "LineString", "coordinates": [[-105.0062886, 39.7401428], [-105.005701, 39.7401192]]}}, {"type": "Feature", "properties": {"name": "North Santa Fe Drive", "highway": "secondary"}, "geometry": {"type": "LineString", "coordinates": [[-104.9999112, 39.7389701], [-104.9999461, 39.7390257], [-104.9999716, 39.7390722], [-104.9999903, 39.739132], [-104.9999962, 39.7391871], [-104.9999947, 39.7393853], [-104.9999917, 39.7395754]]}}, {"type": "Feature", "properties": {"name": "North Santa Fe Drive", "highway": "secondary"}, "geometry": {"type": "LineString", "coordinates": [[-104.9993739, 39.7384802], [-104.999471, 39.738556], [-104.9995833, 39.7386424]]}}, {"type": "Feature", "properties": {"name": "North Kalamath Street", "highway": "secondary"}, "geometry": {"type": "LineString", "coordinates": [[-105.0001487, 39.7393918], [-105.0001479, 39.7390847]]}}, {"type": "Feature", "properties": {"name": "North Kalamath Street", "highway": "secondary"}, "geometry": {"type": "LineString", "coordinates": [[-105.0001497, 39.7398004], [-105.0001487, 39.7393918]]}}, {"type": "Feature", "properties": {"name": "North Kalamath Street", "highway": "secondary"}, "geometry": {"type": "LineString", "coordinates": [[-105.0001479, 39.7390847], [-105.0001472, 39.7388243], [-105.0001457, 39.7385379], [-105.000146, 39.7384776]]}}, {"type": "Feature", "properties": {"name": "North Kalamath Street", "highway": "secondary"}, "geometry": {"type": "LineString", "coordinates": [[-105.000181, 39.7304124], [-105.0001825, 39.7301643], [-105.0001835, 39.7300077], [-105.0001857, 39.7296347]]}}, {"type": "Feature", "properties": {"name": "North Kalamath Street", "highway": "secondary"}, "geometry": {"type": "LineString", "coordinates": [[-105.0001857, 39.7296347], [-105.000187, 39.7294207], [-105.0001871, 39.729399], [-105.0001872, 39.7293835], [-105.000189, 39.7290943], [-105.000189, 39.7290143], [-105.0001903, 39.7289454]]}}, {"type": "Feature", "properties": {"name": "West Colfax Avenue", "highway": "primary"}, "geometry": {"type": "LineString", "coordinates": [[-105.0120413, 39.7402859], [-105.0110123, 39.7402631]]}}, {"type": "Feature", "properties": {"name": "West Colfax Avenue", "highway": "primary"}, "geometry": {"type": "LineString", "coordinates": [[-105.0110123, 39.7402631], [-105.0080159, 39.7401968], [-105.0074309, 39.7401811], [-105.0062886, 39.7401428]]}}, {"type": "Feature", "properties": {"name": "Lawrence Street", "highway": "tertiary"}, "geometry": {"type": "LineString", "coordinates": [[-105.0006092, 39.7453581], [-105.0002699, 39.7456603]]}}, {"type": "Feature", "properties": {"name": "20th Street", "highway": "secondary"}, "geometry": {"type": "LineString", "coordinates": [[-104.9951571, 39.7549879], [-104.9952697, 39.7551426], [-104.9964255, 39.7560108], [-104.9980666, 39.7573548]]}}, {"type": "Feature", "properties": {"name": "Wynkoop Street", "highway": "tertiary"}, "geometry": {"type": "LineString", "coordinates": [[-105.0009134, 39.7518932], [-105.0008232, 39.751963], [-105.0007919, 39.7519872], [-104.9998272, 39.7527578], [-104.9997989, 39.7527795], [-104.9997276, 39.7528388], [-104.9996522, 39.7528993], [-104.9996244, 39.7529221], [-104.9986364, 39.7536841], [-104.9986095, 39.7537056], [-104.9985404, 39.7537533]]}}, {"type": "Feature", "properties": {"name": "16th Street", "highway": "tertiary"}, "geometry": {"type": "LineString", "coordinates": [[-105.0009134, 39.7518932], [-105.0009894, 39.7519702], [-105.0010103, 39.7519897], [-105.0015054, 39.7523542]]}}, {"type": "Feature", "properties": {"name": "West Colfax Avenue", "highway": "primary"}, "geometry": {"type": "LineString", "coordinates": [[-104.988124, 39.7402717], [-104.988233, 39.74035]]}}, {"type": "Feature", "properties": {"name": "16th Street", "highway": "tertiary"}, "geometry": {"type": "LineString", "coordinates": [[-105.002669, 39.7532857], [-105.0025621, 39.7532067]]}}, {"type": "Feature", "properties": {"name": "Chestnut Place", "highway": "residential"}, "geometry": {"type": "LineString", "coordinates": [[-105.0011212, 39.7557483], [-105.0012079, 39.7556775], [-105.0015049, 39.7554478], [-105.0016279, 39.7553527], [-105.0022812, 39.7548475], [-105.0024021, 39.7547539]]}}, {"type": "Feature", "properties": {"name": "Little Raven Street", "highway": "residential"}, "geometry": {"type": "LineString", "coordinates": [[-105.0075214, 39.7535264], [-105.0074748, 39.7535638], [-105.0072528, 39.7537496], [-105.0072443, 39.7537567], [-105.0068646, 39.754089], [-105.0068104, 39.7541375], [-105.0066417, 39.7542884], [-105.0065457, 39.7543693]]}}, {"type": "Feature", "properties": {"name": "West Colfax Avenue", "highway": "primary"}, "geometry": {"type": "LineString", "coordinates": [[-105.0153918, 39.7404728], [-105.0156786, 39.7404788], [-105.0165256, 39.7404962], [-105.0171331, 39.7405117], [-105.0176333, 39.740522], [-105.0183374, 39.7405364]]}}, {"type": "Feature", "properties": {"name": "North Valley Highway", "highway": "motorway"}, "geometry": {"type": "LineString", "coordinates": [[-105.0163238, 39.7434505], [-105.0158773, 39.7430247]]}}, {"type": "Feature", "properties": {"name": "North Santa Fe Drive", "highway": "secondary"}, "geometry": {"type": "LineString", "coordinates": [[-104.9987031, 39.7376389], [-104.9987066, 39.7376565], [-104.9987118, 39.7376826], [-104.9987372, 39.7378111]]}}, {"type": "Feature", "properties": {"name": "West Colfax Avenue", "highway": "primary"}, "geometry": {"type": "LineString", "coordinates": [[-105.0001508, 39.7402153], [-105.0002544, 39.7402137], [-105.0006402, 39.740192]]}}, {"type": "Feature", "properties": {"name": "17th Street", "highway": "secondary"}, "geometry": {"type": "LineString", "coordinates": [[-104.9883539, 39.7441042], [-104.98828, 39.7440484], [-104.9879301, 39.7437761]]}}, {"type": "Feature", "properties": {"name": "Chestnut Place", "highway": "residential"}, "geometry": {"type": "LineString", "coordinates": [[-104.9993228, 39.7571353], [-104.9994784, 39.757015]]}}, {"type": "Feature", "properties": {"name": "West 13th Avenue", "highway": "tertiary"}, "geometry": {"type": "LineString", "coordinates": [[-105.0077854, 39.7369026], [-105.0076248, 39.7369023], [-105.0071468, 39.7369014]]}}, {"type": "Feature", "properties": {"name": "West Colfax Avenue", "highway": "primary"}, "geometry": {"type": "LineString", "coordinates": [[-105.0001503, 39.7400188], [-104.9999703, 39.740019]]}}, {"type": "Feature", "properties": {"name": "North Mariposa Street", "highway": "tertiary"}, "geometry": {"type": "LineString", "coordinates": [[-105.0028292, 39.7366091], [-105.0028282, 39.7367543], [-105.0028279, 39.7367922], [-105.0028285, 39.736843], [-105.0028281, 39.7368812]]}}, {"type": "Feature", "properties": {"name": "15th Street", "highway": "secondary"}, "geometry": {"type": "LineString", "coordinates": [[-105.0104489, 39.7573481], [-105.0105054, 39.7573918]]}}, {"type": "Feature", "properties": {"name": "Central Street", "highway": "secondary"}, "geometry": {"type": "LineString", "coordinates": [[-105.0093725, 39.7582705], [-105.0098942, 39.7578658], [-105.0104054, 39.7574694], [-105.0105054, 39.7573918]]}}, {"type": "Feature", "properties": {"name": "16th Street", "highway": "tertiary"}, "geometry": {"type": "LineString", "coordinates": [[-105.01106, 39.7596582], [-105.01101, 39.7596206], [-105.0108611, 39.7595084], [-105.0106003, 39.759312], [-105.0105031, 39.7592388]]}}, {"type": "Feature", "properties": {"name": "15th Street", "highway": "tertiary"}, "geometry": {"type": "LineString", "coordinates": [[-105.0116988, 39.7583159], [-105.0118114, 39.7584031]]}}, {"type": "Feature", "properties": {"name": "Galapago Street", "highway": "tertiary"}, "geometry": {"type": "LineString", "coordinates": [[-104.996484, 39.7400125], [-104.9964859, 39.74015]]}}, {"type": "Feature", "properties": {"name": "North Speer Boulevard", "highway": "primary"}, "geometry": {"type": "LineString", "coordinates": [[-104.9903985, 39.7296179], [-104.990614, 39.7299252], [-104.9906535, 39.7299812]]}}, {"type": "Feature", "properties": {"name": "Wazee Street", "highway": "residential"}, "geometry": {"type": "LineString", "coordinates": [[-104.998833, 39.7521516], [-104.9987542, 39.7522143], [-104.9983334, 39.7525385], [-104.9978435, 39.7529168], [-104.9977017, 39.7530262], [-104.9976541, 39.7530634]]}}, {"type": "Feature", "properties": {"name": "18th Street", "highway": "tertiary"}, "geometry": {"type": "LineString", "coordinates": [[-104.9967894, 39.7523875], [-104.9968751, 39.7524511], [-104.9971756, 39.7526884], [-104.9972228, 39.7527241], [-104.9973597, 39.7528296]]}}, {"type": "Feature", "properties": {"name": "Blake Street", "highway": "secondary"}, "geometry": {"type": "LineString", "coordinates": [[-104.995548, 39.7533464], [-104.9956299, 39.7532837], [-104.996669, 39.7524791], [-104.9967048, 39.7524513], [-104.996745, 39.7524192], [-104.9967894, 39.7523875]]}}, {"type": "Feature", "properties": {"name": "Park Avenue West", "highway": "primary"}, "geometry": {"type": "LineString", "coordinates": [[-104.9889675, 39.7557505], [-104.9890644, 39.7558257], [-104.9894065, 39.7560894], [-104.9897568, 39.7563606], [-104.9898088, 39.7564003], [-104.9898601, 39.7564388]]}}, {"type": "Feature", "properties": {"name": "Market Street", "highway": "secondary"}, "geometry": {"type": "LineString", "coordinates": [[-104.9983166, 39.7498571], [-104.9982484, 39.7499092], [-104.9981138, 39.7500126]]}}, {"type": "Feature", "properties": {"name": "Market Street", "highway": "secondary"}, "geometry": {"type": "LineString", "coordinates": [[-104.9981138, 39.7500126], [-104.9979583, 39.7501324], [-104.9971667, 39.7507421], [-104.9970843, 39.7508067]]}}, {"type": "Feature", "properties": {"name": "Blake Street", "highway": "secondary"}, "geometry": {"type": "LineString", "coordinates": [[-104.9995924, 39.7502164], [-104.9996241, 39.7501919], [-105.0002052, 39.7497421], [-105.0002876, 39.7496784], [-105.0003498, 39.7496302]]}}, {"type": "Feature", "properties": {"name": "West Colfax Avenue", "highway": "primary"}, "geometry": {"type": "LineString", "coordinates": [[-104.9904352, 39.7401173], [-104.9905185, 39.740117], [-104.9905809, 39.7401167], [-104.9907989, 39.7401174], [-104.9915263, 39.7401224], [-104.9916422, 39.7401229]]}}, {"type": "Feature", "properties": {"name": "14th Street", "highway": "secondary"}, "geometry": {"type": "LineString", "coordinates": [[-104.9904352, 39.7401173], [-104.990349, 39.7400402], [-104.9902997, 39.7400023]]}}, {"type": "Feature", "properties": {"name": "West Colfax Avenue", "highway": "primary"}, "geometry": {"type": "LineString", "coordinates": [[-104.9902997, 39.7400023], [-104.990173, 39.7400005], [-104.9900466, 39.7400021], [-104.9899809, 39.7400061], [-104.9899248, 39.7400137], [-104.9898756, 39.7400242], [-104.9898183, 39.7400418], [-104.9897596, 39.7400638], [-104.9897039, 39.7400896], [-104.9896457, 39.7401208], [-104.9895933, 39.7401564], [-104.98952, 39.7402135], [-104.9894201, 39.740289]]}}, {"type": "Feature", "properties": {"name": "West Colfax Avenue", "highway": "primary"}, "geometry": {"type": "LineString", "coordinates": [[-104.9988963, 39.7401911], [-104.999062, 39.7401985], [-104.999193, 39.7401977]]}}, {"type": "Feature", "properties": {"name": "Tremont Place", "highway": "tertiary"}, "geometry": {"type": "LineString", "coordinates": [[-104.9880097, 39.7443667], [-104.9880553, 39.744332], [-104.9880713, 39.7443198], [-104.9882714, 39.744165], [-104.9883539, 39.7441042]]}}, {"type": "Feature", "properties": {"name": "Lawrence Street", "highway": "tertiary"}, "geometry": {"type": "LineString", "coordinates": [[-104.9964122, 39.748635], [-104.9962701, 39.7487442]]}}, {"type": "Feature", "properties": {"name": "Lawrence Street", "highway": "tertiary"}, "geometry": {"type": "LineString", "coordinates": [[-104.9962701, 39.7487442], [-104.9958842, 39.7490425]]}}, {"type": "Feature", "properties": {"name": "Lawrence Street", "highway": "tertiary"}, "geometry": {"type": "LineString", "coordinates": [[-104.9958842, 39.7490425], [-104.9958465, 39.7490718]]}}, {"type": "Feature", "properties": {"name": "Lawrence Street", "highway": "tertiary"}, "geometry": {"type": "LineString", "coordinates": [[-104.9953312, 39.7494694], [-104.9952796, 39.7495107], [-104.995245, 39.7495385], [-104.9944038, 39.750185]]}}, {"type": "Feature", "properties": {"name": "Lawrence Street", "highway": "tertiary"}, "geometry": {"type": "LineString", "coordinates": [[-104.9943686, 39.7502122], [-104.9942059, 39.7503378], [-104.9941572, 39.7503754]]}}, {"type": "Feature", "properties": {"name": "Lawrence Street", "highway": "tertiary"}, "geometry": {"type": "LineString", "coordinates": [[-104.9944038, 39.750185], [-104.9943686, 39.7502122]]}}, {"type": "Feature", "properties": {"name": "Curtis Street", "highway": "tertiary"}, "geometry": {"type": "LineString", "coordinates": [[-104.9916351, 39.7496548], [-104.9912752, 39.7499329], [-104.9911919, 39.7499973]]}}, {"type": "Feature", "properties": {"name": "Curtis Street", "highway": "tertiary"}, "geometry": {"type": "LineString", "coordinates": [[-104.9918175, 39.7495138], [-104.9916837, 39.7496172], [-104.9916351, 39.7496548]]}}, {"type": "Feature", "properties": {"name": "Larimer Street", "highway": "tertiary"}, "geometry": {"type": "LineString", "coordinates": [[-104.9933397, 39.752364], [-104.9933776, 39.752335]]}}, {"type": "Feature", "properties": {"name": "Larimer Street", "highway": "tertiary"}, "geometry": {"type": "LineString", "coordinates": [[-104.9933776, 39.752335], [-104.9937093, 39.7520804], [-104.9937395, 39.7520575], [-104.993798, 39.7520123]]}}, {"type": "Feature", "properties": {"name": "West 13th Avenue", "highway": "secondary"}, "geometry": {"type": "LineString", "coordinates": [[-104.9971132, 39.7368637], [-104.9972226, 39.7368644], [-104.9979473, 39.7368691], [-104.998165, 39.7368705], [-104.9985931, 39.7368732], [-104.9986954, 39.7368734]]}}, {"type": "Feature", "properties": {"name": "West 14th Avenue", "highway": "secondary"}, "geometry": {"type": "LineString", "coordinates": [[-105.000146, 39.7384776], [-105.0000367, 39.7384809], [-104.9995293, 39.7384797], [-104.9993739, 39.7384802]]}}, {"type": "Feature", "properties": {"name": "Wynkoop Street", "highway": "tertiary"}, "geometry": {"type": "LineString", "coordinates": [[-105.0021189, 39.7509611], [-105.0020323, 39.7510281], [-105.0015638, 39.7513904], [-105.0014969, 39.7514421], [-105.0014701, 39.7514628], [-105.0013436, 39.7515872], [-105.0010445, 39.7518124], [-105.0010137, 39.7518345], [-105.0009134, 39.7518932]]}}, {"type": "Feature", "properties": {"name": "24th Street", "highway": "residential"}, "geometry": {"type": "LineString", "coordinates": [[-104.9874038, 39.7564058], [-104.9875381, 39.7565103], [-104.9875635, 39.7565301], [-104.9876614, 39.7566063], [-104.987685, 39.7566247], [-104.9877614, 39.7566841], [-104.9878686, 39.7567675], [-104.9878947, 39.7567878], [-104.9882105, 39.7570336], [-104.9885258, 39.757279], [-104.9885531, 39.7572951], [-104.988599, 39.7573314], [-104.9886472, 39.7573713]]}}, {"type": "Feature", "properties": {"name": "24th Street", "highway": "residential"}, "geometry": {"type": "LineString", "coordinates": [[-104.9886472, 39.7573713], [-104.9887171, 39.7574275], [-104.9887433, 39.7574478], [-104.9890621, 39.7576955], [-104.9893868, 39.7579476], [-104.9894247, 39.757977], [-104.9894986, 39.7580286]]}}, {"type": "Feature", "properties": {"name": "Wewatta Street", "highway": "tertiary"}, "geometry": {"type": "LineString", "coordinates": [[-105.0006709, 39.7548191], [-105.0008201, 39.7547455]]}}, {"type": "Feature", "properties": {"name": "North Mariposa Street", "highway": "tertiary"}, "geometry": {"type": "LineString", "coordinates": [[-105.0028409, 39.7318471], [-105.0028412, 39.731698], [-105.0028422, 39.7312378], [-105.0028435, 39.7306092], [-105.0028437, 39.7305155]]}}, {"type": "Feature", "properties": {"name": "North Mariposa Street", "highway": "tertiary"}, "geometry": {"type": "LineString", "coordinates": [[-105.0028396, 39.7324238], [-105.002889, 39.7323124], [-105.0028893, 39.7322046], [-105.0028895, 39.7321056], [-105.0028897, 39.7320134], [-105.0028899, 39.7319184], [-105.0028409, 39.7318471]]}}, {"type": "Feature", "properties": {"name": "North Mariposa Street", "highway": "tertiary"}, "geometry": {"type": "LineString", "coordinates": [[-105.0028409, 39.7318471], [-105.0027973, 39.7319164], [-105.0027971, 39.7320108], [-105.0027969, 39.7321059], [-105.0027967, 39.7322044], [-105.0027965, 39.7323135], [-105.0028396, 39.7324238]]}}, {"type": "Feature", "properties": {"name": "West 10th Avenue", "highway": "residential"}, "geometry": {"type": "LineString", "coordinates": [[-105.0052471, 39.7321412], [-105.0052362, 39.7321354], [-105.0052122, 39.7321225], [-105.0051719, 39.7321115], [-105.0051519, 39.7321101], [-105.0051216, 39.7321085], [-105.0046892, 39.7321079], [-105.0042021, 39.7321073], [-105.004088, 39.7321071], [-105.0039886, 39.732107], [-105.0029981, 39.7321057], [-105.0028895, 39.7321056], [-105.0028432, 39.7321057]]}}, {"type": "Feature", "properties": {"name": "Court Place", "highway": "tertiary"}, "geometry": {"type": "LineString", "coordinates": [[-104.9894328, 39.7419356], [-104.9893606, 39.7419903]]}}, {"type": "Feature", "properties": {"name": "North Speer Boulevard", "highway": "primary"}, "geometry": {"type": "LineString", "coordinates": [[-105.0124586, 39.7550264], [-105.0123631, 39.7549903]]}}, {"type": "Feature", "properties": {"name": "Bassett Circle", "highway": "residential"}, "geometry": {"type": "LineString", "coordinates": [[-105.0057608, 39.7544315], [-105.0057543, 39.7544441], [-105.0058299, 39.7545669], [-105.0058479, 39.7545731]]}}, {"type": "Feature", "properties": {"name": "Bassett Circle", "highway": "residential"}, "geometry": {"type": "LineString", "coordinates": [[-105.0057608, 39.7544315], [-105.0057795, 39.7544349], [-105.0058551, 39.7545578], [-105.0058479, 39.7545731]]}}, {"type": "Feature", "properties": {"name": "West 22nd Street", "highway": "primary"}, "geometry": {"type": "LineString", "coordinates": [[-104.991044, 39.7554853], [-104.9910231, 39.755469], [-104.9909682, 39.7554261], [-104.9906167, 39.7551516], [-104.9902778, 39.7548868], [-104.990176, 39.7548073]]}}, {"type": "Feature", "properties": {"name": "North Yuma Street", "highway": "tertiary"}, "geometry": {"type": "LineString", "coordinates": [[-105.015158, 39.7316878], [-105.0151585, 39.731733], [-105.0151601, 39.7318888]]}}, {"type": "Feature", "properties": {"name": "Cleveland Place", "highway": "tertiary"}, "geometry": {"type": "LineString", "coordinates": [[-104.9878917, 39.7417901], [-104.9879171, 39.7417703], [-104.9882463, 39.7415141], [-104.9883529, 39.7414311], [-104.9884514, 39.7413544], [-104.9889501, 39.7409662], [-104.9890246, 39.7409082]]}}, {"type": "Feature", "properties": {"name": "Cleveland Place", "highway": "tertiary"}, "geometry": {"type": "LineString", "coordinates": [[-104.9878298, 39.7418383], [-104.9878917, 39.7417901]]}}, {"type": "Feature", "properties": {"name": "West 11th Avenue", "highway": "residential"}, "geometry": {"type": "LineString", "coordinates": [[-105.0021757, 39.7337012], [-105.0026739, 39.7337018], [-105.0027906, 39.733702]]}}, {"type": "Feature", "properties": {"name": "West 11th Avenue", "highway": "tertiary"}, "geometry": {"type": "LineString", "coordinates": [[-104.9994272, 39.7336969], [-104.9998533, 39.7336979], [-105.00002, 39.7336983], [-105.0001613, 39.7336986]]}}, {"type": "Feature", "properties": {"name": "North Lipan Street", "highway": "residential"}, "geometry": {"type": "LineString", "coordinates": [[-105.0015915, 39.7331173], [-105.0015905, 39.7335143], [-105.0015903, 39.7336012], [-105.00159, 39.7337004]]}}, {"type": "Feature", "properties": {"name": "North Lipan Street", "highway": "residential"}, "geometry": {"type": "LineString", "coordinates": [[-105.001582, 39.7368783], [-105.0015819, 39.7369194], [-105.0015817, 39.7369776], [-105.0015816, 39.7369982], [-105.0015812, 39.7371782], [-105.0015782, 39.738353], [-105.0015781, 39.7383815], [-105.001578, 39.738435], [-105.0015779, 39.7384683]]}}, {"type": "Feature", "properties": {"name": "West 12th Avenue", "highway": "residential"}, "geometry": {"type": "LineString", "coordinates": [[-105.00217, 39.7352912], [-105.0026427, 39.735293], [-105.0026689, 39.7352931], [-105.0028321, 39.7352931]]}}, {"type": "Feature", "properties": {"name": "West 12th Avenue", "highway": "residential"}, "geometry": {"type": "LineString", "coordinates": [[-104.9994264, 39.7352834], [-105.000016, 39.7352851], [-105.0001518, 39.7352855], [-105.000303, 39.7352859], [-105.000878, 39.7352875], [-105.0014715, 39.7352893], [-105.001586, 39.7352896], [-105.0016903, 39.7352899], [-105.00217, 39.7352912]]}}, {"type": "Feature", "properties": {"name": "North Kalamath Street", "highway": "secondary"}, "geometry": {"type": "LineString", "coordinates": [[-105.0001464, 39.7361768], [-105.0001499, 39.7355887], [-105.000151, 39.7353836], [-105.0001518, 39.7352855], [-105.000152, 39.7351901], [-105.0001541, 39.734886], [-105.00016, 39.7337918], [-105.0001613, 39.7336986], [-105.000161, 39.7335983], [-105.0001633, 39.733362], [-105.0001638, 39.7332827]]}}, {"type": "Feature", "properties": {"name": "North Kalamath Street", "highway": "secondary"}, "geometry": {"type": "LineString", "coordinates": [[-105.0001638, 39.7332827], [-105.0001679, 39.7325991], [-105.00017, 39.7321986], [-105.0001709, 39.7321019], [-105.000171, 39.7320041], [-105.000173, 39.7317482], [-105.000174, 39.7315801], [-105.0001799, 39.7306059], [-105.0001804, 39.7305159]]}}, {"type": "Feature", "properties": {"name": "13th Street", "highway": "tertiary"}, "geometry": {"type": "LineString", "coordinates": [[-104.9946895, 39.7415299], [-104.9948206, 39.7416295], [-104.9948466, 39.741649], [-104.994886, 39.7416774], [-104.9949485, 39.7417225]]}}, {"type": "Feature", "properties": {"name": "15th Street", "highway": "secondary"}, "geometry": {"type": "LineString", "coordinates": [[-104.9955803, 39.7459405], [-104.9959332, 39.7462135], [-104.9960105, 39.7462733]]}}, {"type": "Feature", "properties": {"name": "West 14th Avenue", "highway": "secondary"}, "geometry": {"type": "LineString", "coordinates": [[-104.9941204, 39.7384589], [-104.994022, 39.7384589], [-104.993055, 39.7384588], [-104.9929512, 39.7384588], [-104.992842, 39.7384588], [-104.991773, 39.7384587], [-104.991647, 39.7384593]]}}, {"type": "Feature", "properties": {"name": "Welton Street", "highway": "tertiary"}, "geometry": {"type": "LineString", "coordinates": [[-104.9912915, 39.7445218], [-104.991232, 39.7445704], [-104.9909579, 39.7447858]]}}, {"type": "Feature", "properties": {"name": "Wewatta Street", "highway": "tertiary"}, "geometry": {"type": "LineString", "coordinates": [[-105.0008201, 39.7547455], [-105.0013101, 39.7543644], [-105.0014839, 39.7542291], [-105.0015583, 39.7541716], [-105.001575, 39.7541576], [-105.001598, 39.75414]]}}, {"type": "Feature", "properties": {"name": "Larimer Street", "highway": "tertiary"}, "geometry": {"type": "LineString", "coordinates": [[-104.9929345, 39.752675], [-104.9931422, 39.7525156], [-104.9931808, 39.752486], [-104.9933397, 39.752364]]}}, {"type": "Feature", "properties": {"name": "18th Street", "highway": "tertiary"}, "geometry": {"type": "LineString", "coordinates": [[-104.9980983, 39.753393], [-104.998467, 39.7536818], [-104.9985151, 39.7537287], [-104.9985404, 39.7537533]]}}, {"type": "Feature", "properties": {"name": "Stout Street", "highway": "secondary"}, "geometry": {"type": "LineString", "coordinates": [[-104.998972, 39.7413851], [-104.998952, 39.7413901]]}}, {"type": "Feature", "properties": {"name": "West 13th Avenue", "highway": "tertiary"}, "geometry": {"type": "LineString", "coordinates": [[-105.0154836, 39.7369177], [-105.0158055, 39.7369184], [-105.0159695, 39.7369187]]}}, {"type": "Feature", "properties": {"name": "Court Place", "highway": "tertiary"}, "geometry": {"type": "LineString", "coordinates": [[-104.9886983, 39.742497], [-104.9886333, 39.7425479], [-104.988233, 39.7428592], [-104.9878972, 39.7431235]]}}, {"type": "Feature", "properties": {"name": "Court Place", "highway": "tertiary"}, "geometry": {"type": "LineString", "coordinates": [[-104.9887503, 39.7424563], [-104.9886983, 39.742497]]}}, {"type": "Feature", "properties": {"name": "Zuni Street", "highway": "tertiary"}, "geometry": {"type": "LineString", "coordinates": [[-105.0158289, 39.7565902], [-105.0158284, 39.7565145], [-105.0158273, 39.7563707]]}}, {"type": "Feature", "properties": {"name": "Champa Street", "highway": "secondary"}, "geometry": {"type": "LineString", "coordinates": [[-104.9975466, 39.7437203], [-104.9976626, 39.7436304], [-104.9981719, 39.7432354], [-104.9986817, 39.7428393], [-104.9988049, 39.7427436]]}}, {"type": "Feature", "properties": {"name": "West Colfax Avenue", "highway": "primary"}, "geometry": {"type": "LineString", "coordinates": [[-104.994108, 39.7400074], [-104.993093, 39.7400043], [-104.9929485, 39.7400059], [-104.9928704, 39.7400058], [-104.9924125, 39.7400049]]}}, {"type": "Feature", "properties": {"name": "Wazee Street", "highway": "residential"}, "geometry": {"type": "LineString", "coordinates": [[-104.9998711, 39.751344], [-104.9997552, 39.7514342], [-104.9989178, 39.7520864], [-104.998833, 39.7521516]]}}, {"type": "Feature", "properties": {"name": "Wazee Street", "highway": "residential"}, "geometry": {"type": "LineString", "coordinates": [[-104.9999171, 39.7513082], [-104.9998711, 39.751344]]}}, {"type": "Feature", "properties": {"name": "20th Street", "highway": "secondary"}, "geometry": {"type": "LineString", "coordinates": [[-104.9980666, 39.7573548], [-104.9984262, 39.7576493], [-104.9985388, 39.7577415]]}}, {"type": "Feature", "properties": {"name": "California Street", "highway": "tertiary"}, "geometry": {"type": "LineString", "coordinates": [[-104.9921915, 39.7452097], [-104.9922574, 39.7451557]]}}, {"type": "Feature", "properties": {"name": "California Street", "highway": "tertiary"}, "geometry": {"type": "LineString", "coordinates": [[-104.9922574, 39.7451557], [-104.99229, 39.7451309], [-104.9926502, 39.744853], [-104.9930417, 39.7445514]]}}, {"type": "Feature", "properties": {"name": "Curtis Street", "highway": "tertiary"}, "geometry": {"type": "LineString", "coordinates": [[-104.9948678, 39.7471542], [-104.9947881, 39.7472105]]}}, {"type": "Feature", "properties": {"name": "Curtis Street", "highway": "tertiary"}, "geometry": {"type": "LineString", "coordinates": [[-104.9947881, 39.7472105], [-104.9947281, 39.7472619]]}}, {"type": "Feature", "properties": {"name": "North Valley Highway", "highway": "motorway"}, "geometry": {"type": "LineString", "coordinates": [[-105.0075703, 39.7588771], [-105.0073584, 39.7590307], [-105.0071545, 39.7591699], [-105.0067965, 39.7594163], [-105.0064987, 39.7596153], [-105.0062305, 39.7597885], [-105.0058925, 39.7599977], [-105.0048976, 39.7606292]]}}, {"type": "Feature", "properties": {"name": "Champa Street", "highway": "secondary"}, "geometry": {"type": "LineString", "coordinates": [[-104.9939162, 39.746535], [-104.9939904, 39.7464779]]}}, {"type": "Feature", "properties": {"name": "Champa Street", "highway": "secondary"}, "geometry": {"type": "LineString", "coordinates": [[-104.9939904, 39.7464779], [-104.994015, 39.7464582], [-104.994744, 39.745893], [-104.9950536, 39.745653], [-104.9951008, 39.7456167], [-104.9951313, 39.7455932], [-104.9951887, 39.7455487], [-104.9952264, 39.745521], [-104.9954265, 39.7453644], [-104.9962514, 39.744721], [-104.9963376, 39.7446587], [-104.9963822, 39.7446233], [-104.9964185, 39.7445952], [-104.9974783, 39.7437735], [-104.9975466, 39.7437203]]}}, {"type": "Feature", "properties": {"name": "West Colfax Avenue", "highway": "primary"}, "geometry": {"type": "LineString", "coordinates": [[-104.9980335, 39.7400154], [-104.997847, 39.7400153]]}}, {"type": "Feature", "properties": {"name": "North Speer Boulevard", "highway": "primary"}, "geometry": {"type": "LineString", "coordinates": [[-104.9980335, 39.7400154], [-104.9981376, 39.7401689]]}}, {"type": "Feature", "properties": {"name": "West Colfax Avenue", "highway": "primary"}, "geometry": {"type": "LineString", "coordinates": [[-104.9981376, 39.7401689], [-104.998293, 39.7401744]]}}, {"type": "Feature", "properties": {"name": "North Speer Boulevard", "highway": "primary"}, "geometry": {"type": "LineString", "coordinates": [[-104.9981376, 39.7401689], [-104.998211, 39.7402891]]}}, {"type": "Feature", "properties": {"name": "West 22nd Street", "highway": "primary"}, "geometry": {"type": "LineString", "coordinates": [[-104.9879402, 39.753087], [-104.9878355, 39.7530065], [-104.9876718, 39.7528805], [-104.9875591, 39.7527938]]}}, {"type": "Feature", "properties": {"name": "20th Street", "highway": "secondary"}, "geometry": {"type": "LineString", "coordinates": [[-104.9878212, 39.7492618], [-104.9881441, 39.7495115], [-104.9882001, 39.7495554], [-104.9882254, 39.7495753]]}}, {"type": "Feature", "properties": {"name": "West Colfax Avenue", "highway": "primary"}, "geometry": {"type": "LineString", "coordinates": [[-104.9891556, 39.740461], [-104.9891203, 39.7404757], [-104.9890593, 39.7404939], [-104.989007, 39.7405032]]}}, {"type": "Feature", "properties": {"name": "North Speer Boulevard", "highway": "primary"}, "geometry": {"type": "LineString", "coordinates": [[-105.0134779, 39.7556489], [-105.0139011, 39.7558011]]}}, {"type": "Feature", "properties": {"name": "North Speer Boulevard", "highway": "primary"}, "geometry": {"type": "LineString", "coordinates": [[-105.0027568, 39.7480665], [-105.002842, 39.7481612], [-105.0028911, 39.7482154], [-105.0029448, 39.7482749], [-105.003117, 39.748509]]}}, {"type": "Feature", "properties": {"name": "North Speer Boulevard", "highway": "primary"}, "geometry": {"type": "LineString", "coordinates": [[-105.0043157, 39.7498763], [-105.0045799, 39.750078], [-105.004607, 39.7500987], [-105.004758, 39.750213]]}}, {"type": "Feature", "properties": {"name": "Park Avenue West", "highway": "primary"}, "geometry": {"type": "LineString", "coordinates": [[-104.992691, 39.7586169], [-104.993038, 39.7588817], [-104.9935348, 39.7592628], [-104.9935792, 39.759298]]}}, {"type": "Feature", "properties": {"name": "West Colfax Avenue", "highway": "primary"}, "geometry": {"type": "LineString", "coordinates": [[-104.9993658, 39.7402015], [-104.9998297, 39.7402119], [-104.9999608, 39.7402147], [-105.0001508, 39.7402153]]}}, {"type": "Feature", "properties": {"name": "West Colfax Avenue", "highway": "primary"}, "geometry": {"type": "LineString", "coordinates": [[-105.005701, 39.7401192], [-105.0055823, 39.7401144], [-105.0053466, 39.7401051], [-105.0052501, 39.7400991]]}}, {"type": "Feature", "properties": {"name": "North Speer Boulevard", "highway": "primary"}, "geometry": {"type": "LineString", "coordinates": [[-105.0054469, 39.750446], [-105.0051272, 39.7502192], [-105.005094, 39.7501957]]}}, {"type": "Feature", "properties": {"name": "West Colfax Avenue", "highway": "primary"}, "geometry": {"type": "LineString", "coordinates": [[-105.0006848, 39.7400198], [-105.0002705, 39.7400201], [-105.0001503, 39.7400188]]}}, {"type": "Feature", "properties": {"name": "Lawrence Street", "highway": "tertiary"}, "geometry": {"type": "LineString", "coordinates": [[-104.9966021, 39.7484884], [-104.9965445, 39.7485328]]}}, {"type": "Feature", "properties": {"name": "Lawrence Street", "highway": "tertiary"}, "geometry": {"type": "LineString", "coordinates": [[-104.9965445, 39.7485328], [-104.9965029, 39.7485649], [-104.9964122, 39.748635]]}}, {"type": "Feature", "properties": {"name": "Chestnut Place", "highway": "residential"}, "geometry": {"type": "LineString", "coordinates": [[-105.0027026, 39.7545216], [-105.0024799, 39.7546938], [-105.0024021, 39.7547539]]}}, {"type": "Feature", "properties": {"name": "Stout Street", "highway": "secondary"}, "geometry": {"type": "LineString", "coordinates": [[-104.9930312, 39.7458655], [-104.9929694, 39.7459115], [-104.9924855, 39.746283], [-104.9919201, 39.746717], [-104.9918685, 39.7467566], [-104.9918336, 39.7467834]]}}, {"type": "Feature", "properties": {"name": "Stout Street", "highway": "secondary"}, "geometry": {"type": "LineString", "coordinates": [[-104.9930992, 39.7458118], [-104.9930312, 39.7458655]]}}, {"type": "Feature", "properties": {"name": "Tremont Place", "highway": "tertiary"}, "geometry": {"type": "LineString", "coordinates": [[-104.9896216, 39.7431285], [-104.989649, 39.7431057], [-104.9903962, 39.7425314]]}}, {"type": "Feature", "properties": {"name": "North Speer Boulevard", "highway": "primary"}, "geometry": {"type": "LineString", "coordinates": [[-105.0000495, 39.7423249], [-104.9998975, 39.7420135], [-104.9998498, 39.7419149]]}}, {"type": "Feature", "properties": {"name": "17th Street", "highway": "secondary"}, "geometry": {"type": "LineString", "coordinates": [[-104.9897234, 39.7451577], [-104.9896641, 39.7451118], [-104.9893107, 39.7448387], [-104.9892287, 39.7447764]]}}, {"type": "Feature", "properties": {"name": "West Colfax Avenue", "highway": "primary"}, "geometry": {"type": "LineString", "coordinates": [[-105.00474, 39.7402066], [-105.0051383, 39.7402298], [-105.0052417, 39.7402359]]}}, {"type": "Feature", "properties": {"name": "Wewatta Street", "highway": "tertiary"}, "geometry": {"type": "LineString", "coordinates": [[-105.002752, 39.7528054], [-105.0027472, 39.7528607], [-105.0027402, 39.7529206], [-105.0027225, 39.7529853], [-105.0026943, 39.7530461], [-105.0026773, 39.753075], [-105.0026601, 39.7531041], [-105.0026447, 39.7531234], [-105.0026216, 39.7531497], [-105.0026059, 39.7531676], [-105.0025962, 39.7531762], [-105.0025621, 39.7532067]]}}, {"type": "Feature", "properties": {"name": "West Colfax Avenue", "highway": "primary"}, "geometry": {"type": "LineString", "coordinates": [[-105.0176374, 39.7404051], [-105.0171376, 39.7403948], [-105.0165303, 39.7403793], [-105.0153924, 39.7403559], [-105.014693, 39.7403408]]}}, {"type": "Feature", "properties": {"name": "North Speer Boulevard", "highway": "primary"}, "geometry": {"type": "LineString", "coordinates": [[-104.9992488, 39.7421577], [-104.9992797, 39.7422104]]}}, {"type": "Feature", "properties": {"name": "West Colfax Avenue", "highway": "primary"}, "geometry": {"type": "LineString", "coordinates": [[-104.9972407, 39.7401543], [-104.9975394, 39.7401561], [-104.997949, 39.7401623]]}}, {"type": "Feature", "properties": {"name": "Galapago Street", "highway": "tertiary"}, "geometry": {"type": "LineString", "coordinates": [[-104.996477, 39.7395036], [-104.9964786, 39.7396197], [-104.996483, 39.7399582], [-104.996484, 39.7400125]]}}, {"type": "Feature", "properties": {"name": "Delaware Street", "highway": "tertiary"}, "geometry": {"type": "LineString", "coordinates": [[-104.9929494, 39.7390959], [-104.9929506, 39.7387638], [-104.992951, 39.7385532], [-104.9929512, 39.7384588]]}}, {"type": "Feature", "properties": {"name": "Arapahoe Street", "highway": "tertiary"}, "geometry": {"type": "LineString", "coordinates": [[-104.9977016, 39.7462897], [-104.9979963, 39.7460628], [-104.9980781, 39.7459994]]}}, {"type": "Feature", "properties": {"name": "20th Street", "highway": "secondary"}, "geometry": {"type": "LineString", "coordinates": [[-104.9891054, 39.7502576], [-104.9891962, 39.7503252], [-104.9896711, 39.7506932]]}}, {"type": "Feature", "properties": {"name": "Champa Street", "highway": "secondary"}, "geometry": {"type": "LineString", "coordinates": [[-104.9891054, 39.7502576], [-104.9891824, 39.7501983], [-104.9902171, 39.7493978], [-104.9902629, 39.7493625], [-104.9903143, 39.7493229]]}}, {"type": "Feature", "properties": {"name": "Stout Street", "highway": "secondary"}, "geometry": {"type": "LineString", "coordinates": [[-104.9896879, 39.748439], [-104.9895126, 39.7485755], [-104.989471, 39.7486078], [-104.9894316, 39.7486371]]}}, {"type": "Feature", "properties": {"name": "17th Street", "highway": "secondary"}, "geometry": {"type": "LineString", "coordinates": [[-104.9901053, 39.7454518], [-104.9900259, 39.7453907], [-104.9897234, 39.7451577]]}}, {"type": "Feature", "properties": {"name": "Stout Street", "highway": "secondary"}, "geometry": {"type": "LineString", "coordinates": [[-104.9957018, 39.7438137], [-104.9955595, 39.7439229], [-104.99552, 39.7439532], [-104.995475, 39.7439878]]}}, {"type": "Feature", "properties": {"name": "Stout Street", "highway": "secondary"}, "geometry": {"type": "LineString", "coordinates": [[-104.9942609, 39.7449199], [-104.994228, 39.7449452], [-104.9941804, 39.7449817], [-104.9937462, 39.7453151], [-104.9931375, 39.7457824], [-104.9930992, 39.7458118]]}}, {"type": "Feature", "properties": {"name": "North Santa Fe Drive", "highway": "secondary"}, "geometry": {"type": "LineString", "coordinates": [[-104.9987372, 39.7378111], [-104.9987598, 39.7378744], [-104.9988029, 39.7379572]]}}, {"type": "Feature", "properties": {"name": "18th Street", "highway": "secondary"}, "geometry": {"type": "LineString", "coordinates": [[-104.9941572, 39.7503754], [-104.9942639, 39.7504552], [-104.99462, 39.7507288], [-104.9949468, 39.7509849], [-104.9950316, 39.7510486]]}}, {"type": "Feature", "properties": {"name": "Larimer Street", "highway": "tertiary"}, "geometry": {"type": "LineString", "coordinates": [[-104.9950316, 39.7510486], [-104.9950796, 39.7510097], [-104.9961258, 39.7501973], [-104.9961435, 39.7501839], [-104.9962036, 39.7501386]]}}, {"type": "Feature", "properties": {"name": "18th Street", "highway": "secondary"}, "geometry": {"type": "LineString", "coordinates": [[-104.9954767, 39.7513871], [-104.9956117, 39.7514764], [-104.995731, 39.7515615], [-104.9958463, 39.7516511], [-104.9958778, 39.7516811], [-104.9959157, 39.7517136]]}}, {"type": "Feature", "properties": {"name": "20th Street", "highway": "secondary"}, "geometry": {"type": "LineString", "coordinates": [[-104.9896711, 39.7506932], [-104.9899002, 39.7508706], [-104.9899765, 39.750933]]}}, {"type": "Feature", "properties": {"name": "West Colfax Avenue", "highway": "primary"}, "geometry": {"type": "LineString", "coordinates": [[-104.9943819, 39.7401382], [-104.9946636, 39.7401389], [-104.9947642, 39.7401392]]}}, {"type": "Feature", "properties": {"name": "West Colfax Avenue", "highway": "primary"}, "geometry": {"type": "LineString", "coordinates": [[-104.9924125, 39.7400049], [-104.99212, 39.7400044]]}}, {"type": "Feature", "properties": {"name": "Arapahoe Street", "highway": "tertiary"}, "geometry": {"type": "LineString", "coordinates": [[-104.9952171, 39.7482064], [-104.9953942, 39.7480696]]}}, {"type": "Feature", "properties": {"name": "West Colfax Avenue", "highway": "primary"}, "geometry": {"type": "LineString", "coordinates": [[-104.996179, 39.7400119], [-104.996057, 39.7400117], [-104.995826, 39.7400113]]}}, {"type": "Feature", "properties": {"name": "North Speer Boulevard", "highway": "primary"}, "geometry": {"type": "LineString", "coordinates": [[-104.9973969, 39.738123], [-104.9970611, 39.7376617]]}}, {"type": "Feature", "properties": {"name": "North Speer Boulevard", "highway": "primary"}, "geometry": {"type": "LineString", "coordinates": [[-104.9976451, 39.7384663], [-104.9976128, 39.7384206], [-104.9975755, 39.7383676], [-104.9973969, 39.738123]]}}, {"type": "Feature", "properties": {"name": "Champa Street", "highway": "secondary"}, "geometry": {"type": "LineString", "coordinates": [[-104.9988049, 39.7427436], [-104.998832, 39.7427226], [-104.9988712, 39.7426921]]}}, {"type": "Feature", "properties": {"name": "16th Street", "highway": "tertiary"}, "geometry": {"type": "LineString", "coordinates": [[-105.002169, 39.7529715], [-105.0022159, 39.7530064], [-105.0023374, 39.7530985], [-105.0024021, 39.7531475], [-105.0024512, 39.7531847], [-105.0025621, 39.7532067]]}}, {"type": "Feature", "properties": {"name": "Blake Street", "highway": "secondary"}, "geometry": {"type": "LineString", "coordinates": [[-104.9894986, 39.7580286], [-104.9895586, 39.7579826], [-104.9898235, 39.7577756], [-104.99021, 39.7574775]]}}, {"type": "Feature", "properties": {"name": "West 13th Avenue", "highway": "secondary"}, "geometry": {"type": "LineString", "coordinates": [[-104.9964751, 39.7368596], [-104.9966328, 39.7368605], [-104.9971132, 39.7368637]]}}, {"type": "Feature", "properties": {"name": "Welton Street", "highway": "tertiary"}, "geometry": {"type": "LineString", "coordinates": [[-104.9883055, 39.746792], [-104.9881913, 39.7468618]]}}, {"type": "Feature", "properties": {"name": "19th Street", "highway": "tertiary"}, "geometry": {"type": "LineString", "coordinates": [[-104.9876516, 39.7471916], [-104.9875977, 39.7471478], [-104.9875039, 39.7470713], [-104.9873844, 39.7469738]]}}, {"type": "Feature", "properties": {"name": "Welton Street", "highway": "tertiary"}, "geometry": {"type": "LineString", "coordinates": [[-104.9876516, 39.7471916], [-104.9875731, 39.7472396], [-104.9875034, 39.7472822], [-104.9873832, 39.7473557]]}}, {"type": "Feature", "properties": {"name": "Chestnut Place", "highway": "residential"}, "geometry": {"type": "LineString", "coordinates": [[-104.9994784, 39.757015], [-104.9998111, 39.7567577], [-104.9999057, 39.7566845]]}}, {"type": "Feature", "properties": {"name": "Chestnut Place", "highway": "residential"}, "geometry": {"type": "LineString", "coordinates": [[-104.9992176, 39.7572167], [-104.9987079, 39.7576117], [-104.9986405, 39.7576629]]}}, {"type": "Feature", "properties": {"name": "West 29th Avenue", "highway": "tertiary"}, "geometry": {"type": "LineString", "coordinates": [[-105.01644, 39.7584141], [-105.0163957, 39.7584138], [-105.0159726, 39.7584105], [-105.0158426, 39.7584095]]}}, {"type": "Feature", "properties": {"name": "West 14th Avenue Parkway", "highway": "secondary"}, "geometry": {"type": "LineString", "coordinates": [[-104.9901571, 39.738443], [-104.9900877, 39.7384098], [-104.9900106, 39.7383546], [-104.9899651, 39.73832], [-104.9896327, 39.7380724], [-104.9896174, 39.738061]]}}, {"type": "Feature", "properties": {"name": "Wynkoop Street", "highway": "tertiary"}, "geometry": {"type": "LineString", "coordinates": [[-104.9984664, 39.7538082], [-104.998432, 39.7538348], [-104.9984065, 39.7538556], [-104.997741, 39.7543462], [-104.9973776, 39.7546272], [-104.9972971, 39.7546894]]}}, {"type": "Feature", "properties": {"name": "Lawrence Street", "highway": "tertiary"}, "geometry": {"type": "LineString", "coordinates": [[-104.9933343, 39.7510122], [-104.9931864, 39.7511267], [-104.9930071, 39.7512655], [-104.9929197, 39.7513332]]}}, {"type": "Feature", "properties": {"name": "Lawrence Street", "highway": "tertiary"}, "geometry": {"type": "LineString", "coordinates": [[-104.9941572, 39.7503754], [-104.9941109, 39.7504096], [-104.9940714, 39.7504417], [-104.9940458, 39.7504615], [-104.9936683, 39.7507537], [-104.9934947, 39.7508881], [-104.9934627, 39.7509129], [-104.9933343, 39.7510122]]}}, {"type": "Feature", "properties": {"name": "Arapahoe Street", "highway": "tertiary"}, "geometry": {"type": "LineString", "coordinates": [[-104.9892786, 39.752819], [-104.9893579, 39.7527571], [-104.989577, 39.7525919], [-104.9896431, 39.7525389]]}}, {"type": "Feature", "properties": {"name": "Arapahoe Street", "highway": "tertiary"}, "geometry": {"type": "LineString", "coordinates": [[-104.9896431, 39.7525389], [-104.9897145, 39.7524842], [-104.9898395, 39.7523878], [-104.9900643, 39.7522146], [-104.9901805, 39.7521251], [-104.9901905, 39.7521174], [-104.9903201, 39.7520175], [-104.9904983, 39.7518802]]}}, {"type": "Feature", "properties": {"name": "Arapahoe Street", "highway": "tertiary"}, "geometry": {"type": "LineString", "coordinates": [[-104.9904983, 39.7518802], [-104.9907645, 39.751675], [-104.9908493, 39.7516097]]}}, {"type": "Feature", "properties": {"name": "14th Street", "highway": "secondary"}, "geometry": {"type": "LineString", "coordinates": [[-104.9907241, 39.7403473], [-104.9905368, 39.7402026]]}}, {"type": "Feature", "properties": {"name": "Galapago Street", "highway": "tertiary"}, "geometry": {"type": "LineString", "coordinates": [[-104.9964542, 39.7378444], [-104.9964556, 39.7379959], [-104.9964614, 39.7383712], [-104.9964622, 39.7384242], [-104.9964627, 39.7384591]]}}, {"type": "Feature", "properties": {"name": "West 11th Avenue", "highway": "tertiary"}, "geometry": {"type": "LineString", "coordinates": [[-104.9950132, 39.7336869], [-104.9947551, 39.7336707]]}}, {"type": "Feature", "properties": {"name": "West 11th Avenue", "highway": "tertiary"}, "geometry": {"type": "LineString", "coordinates": [[-104.9950132, 39.7336869], [-104.9953102, 39.7336876]]}}, {"type": "Feature", "properties": {"name": "North Mariposa Street", "highway": "tertiary"}, "geometry": {"type": "LineString", "coordinates": [[-105.002823, 39.7395059], [-105.0028225, 39.7397221]]}}, {"type": "Feature", "properties": {"name": "Walnut Street", "highway": "tertiary"}, "geometry": {"type": "LineString", "coordinates": [[-105.0124026, 39.7430088], [-105.0128304, 39.7428176]]}}, {"type": "Feature", "properties": {"name": "West Colfax Avenue", "highway": "primary"}, "geometry": {"type": "LineString", "coordinates": [[-105.0062798, 39.7402651], [-105.0074248, 39.740298], [-105.0080109, 39.7403137], [-105.00936, 39.7403456]]}}, {"type": "Feature", "properties": {"name": "North Speer Boulevard", "highway": "primary"}, "geometry": {"type": "LineString", "coordinates": [[-104.9902888, 39.7294701], [-104.9903408, 39.7295356], [-104.9903985, 39.7296179]]}}, {"type": "Feature", "properties": {"name": "North Speer Boulevard", "highway": "primary"}, "geometry": {"type": "LineString", "coordinates": [[-104.9899006, 39.7290427], [-104.9900033, 39.7291561], [-104.9901086, 39.7292722], [-104.9901875, 39.7293522], [-104.9902499, 39.7294237], [-104.9902888, 39.7294701]]}}, {"type": "Feature", "properties": {"name": "West 22nd Street", "highway": "primary"}, "geometry": {"type": "LineString", "coordinates": [[-104.9914809, 39.7558265], [-104.9913895, 39.7557551], [-104.9911392, 39.7555597], [-104.991044, 39.7554853]]}}, {"type": "Feature", "properties": {"name": "Walnut Street", "highway": "secondary"}, "geometry": {"type": "LineString", "coordinates": [[-104.9881046, 39.7577865], [-104.9878007, 39.7580196], [-104.9876001, 39.7581607]]}}, {"type": "Feature", "properties": {"name": "North Speer Boulevard", "highway": "primary"}, "geometry": {"type": "LineString", "coordinates": [[-105.0000746, 39.7450004], [-105.0000799, 39.745072]]}}, {"type": "Feature", "properties": {"name": "Lawrence Street", "highway": "tertiary"}, "geometry": {"type": "LineString", "coordinates": [[-104.9881046, 39.7550844], [-104.9880102, 39.755157], [-104.9878817, 39.7552565]]}}, {"type": "Feature", "properties": {"name": "Lawrence Street", "highway": "tertiary"}, "geometry": {"type": "LineString", "coordinates": [[-104.9887115, 39.7546082], [-104.9886804, 39.7546329], [-104.9885012, 39.7547734], [-104.9881878, 39.7550192], [-104.9881046, 39.7550844]]}}, {"type": "Feature", "properties": {"name": "Welton Street", "highway": "tertiary"}, "geometry": {"type": "LineString", "coordinates": [[-104.993167, 39.7430736], [-104.9927823, 39.743374], [-104.992609, 39.7435101], [-104.9925725, 39.7435377], [-104.9925281, 39.7435718]]}}, {"type": "Feature", "properties": {"name": "Welton Street", "highway": "tertiary"}, "geometry": {"type": "LineString", "coordinates": [[-104.9937373, 39.7426589], [-104.9936483, 39.7427233], [-104.993167, 39.7430736]]}}, {"type": "Feature", "properties": {"name": "Welton Street", "highway": "tertiary"}, "geometry": {"type": "LineString", "coordinates": [[-104.9949485, 39.7417225], [-104.994789, 39.7418448], [-104.9945347, 39.7420444]]}}, {"type": "Feature", "properties": {"name": "17th Street", "highway": "secondary"}, "geometry": {"type": "LineString", "coordinates": [[-104.9931693, 39.747811], [-104.992808, 39.7475349], [-104.9927179, 39.7474647]]}}, {"type": "Feature", "properties": {"name": "17th Street", "highway": "secondary"}, "geometry": {"type": "LineString", "coordinates": [[-104.9935966, 39.7481388], [-104.9935177, 39.7480782], [-104.9931693, 39.747811]]}}, {"type": "Feature", "properties": {"name": "17th Street", "highway": "secondary"}, "geometry": {"type": "LineString", "coordinates": [[-104.9944532, 39.7487959], [-104.994378, 39.7487388], [-104.9938791, 39.7483559]]}}, {"type": "Feature", "properties": {"name": "Arapahoe Street", "highway": "tertiary"}, "geometry": {"type": "LineString", "coordinates": [[-104.9944532, 39.7487959], [-104.9945007, 39.748759], [-104.994542, 39.7487269], [-104.9949933, 39.7483789], [-104.9952171, 39.7482064]]}}, {"type": "Feature", "properties": {"name": "17th Street", "highway": "secondary"}, "geometry": {"type": "LineString", "coordinates": [[-104.9962036, 39.7501386], [-104.9961249, 39.7500783], [-104.9959986, 39.7499823], [-104.9956599, 39.7497221]]}}, {"type": "Feature", "properties": {"name": "Lawrence Street", "highway": "tertiary"}, "geometry": {"type": "LineString", "coordinates": [[-104.9958465, 39.7490718], [-104.9955607, 39.7492921]]}}, {"type": "Feature", "properties": {"name": "17th Street", "highway": "secondary"}, "geometry": {"type": "LineString", "coordinates": [[-104.994778, 39.7490454], [-104.9945312, 39.7488581], [-104.9944968, 39.7488307], [-104.9944532, 39.7487959]]}}, {"type": "Feature", "properties": {"name": "17th Street", "highway": "secondary"}, "geometry": {"type": "LineString", "coordinates": [[-104.9956599, 39.7497221], [-104.9955072, 39.7496052], [-104.995437, 39.7495477], [-104.9953312, 39.7494694]]}}, {"type": "Feature", "properties": {"name": "Larimer Street", "highway": "tertiary"}, "geometry": {"type": "LineString", "coordinates": [[-104.9889675, 39.7557505], [-104.9890493, 39.7556856], [-104.9891458, 39.7556113], [-104.9893015, 39.7554898], [-104.9895199, 39.7553194], [-104.9898906, 39.7550301], [-104.9900839, 39.75488], [-104.990176, 39.7548073]]}}, {"type": "Feature", "properties": {"name": "Park Avenue West", "highway": "primary"}, "geometry": {"type": "LineString", "coordinates": [[-104.9881046, 39.7550844], [-104.9881897, 39.7551485], [-104.9885319, 39.7554142], [-104.9888884, 39.7556884], [-104.9889675, 39.7557505]]}}, {"type": "Feature", "properties": {"name": "17th Street", "highway": "secondary"}, "geometry": {"type": "LineString", "coordinates": [[-104.9965042, 39.7503671], [-104.9963057, 39.7502161], [-104.9962036, 39.7501386]]}}, {"type": "Feature", "properties": {"name": "Lawrence Street", "highway": "tertiary"}, "geometry": {"type": "LineString", "coordinates": [[-104.9955607, 39.7492921], [-104.9954415, 39.7493849], [-104.9953821, 39.7494301], [-104.9953312, 39.7494694]]}}, {"type": "Feature", "properties": {"name": "15th Street", "highway": "secondary"}, "geometry": {"type": "LineString", "coordinates": [[-104.9896239, 39.7413631], [-104.9898286, 39.7415181], [-104.9899054, 39.7415764]]}}, {"type": "Feature", "properties": {"name": "19th Street", "highway": "secondary"}, "geometry": {"type": "LineString", "coordinates": [[-104.995824, 39.753559], [-104.9956374, 39.7534167], [-104.995597, 39.7533849], [-104.995548, 39.7533464]]}}, {"type": "Feature", "properties": {"name": "18th Street", "highway": "secondary"}, "geometry": {"type": "LineString", "coordinates": [[-104.9938592, 39.7501459], [-104.9940839, 39.7503161], [-104.9941069, 39.750337], [-104.9941572, 39.7503754]]}}, {"type": "Feature", "properties": {"name": "Zuni Street", "highway": "tertiary"}, "geometry": {"type": "LineString", "coordinates": [[-105.0158248, 39.756045], [-105.0158219, 39.7556716]]}}, {"type": "Feature", "properties": {"name": "20th Street", "highway": "secondary"}, "geometry": {"type": "LineString", "coordinates": [[-104.9921603, 39.7526032], [-104.9923247, 39.7527274]]}}, {"type": "Feature", "properties": {"name": "West 13th Avenue", "highway": "secondary"}, "geometry": {"type": "LineString", "coordinates": [[-104.9947101, 39.7368594], [-104.9952278, 39.73686], [-104.9953106, 39.7368601]]}}, {"type": "Feature", "properties": {"name": "Inca Street", "highway": "residential"}, "geometry": {"type": "LineString", "coordinates": [[-104.9975955, 39.7349], [-104.9975937, 39.7351608], [-104.9975935, 39.7351826], [-104.9975928, 39.7352782]]}}, {"type": "Feature", "properties": {"name": "Acoma Street", "highway": "residential"}, "geometry": {"type": "LineString", "coordinates": [[-104.988843, 39.735168], [-104.9888432, 39.7352644]]}}, {"type": "Feature", "properties": {"name": "Acoma Street", "highway": "residential"}, "geometry": {"type": "LineString", "coordinates": [[-104.9888599, 39.7290834], [-104.9888596, 39.7291885], [-104.9888595, 39.7292162], [-104.9888564, 39.7303834], [-104.9888562, 39.7304597]]}}, {"type": "Feature", "properties": {"name": "West 9th Avenue", "highway": "tertiary"}, "geometry": {"type": "LineString", "coordinates": [[-104.9888562, 39.7304597], [-104.9889692, 39.7304601], [-104.989549, 39.7304626], [-104.9901053, 39.7304649], [-104.990145, 39.7304651], [-104.9902595, 39.7304656]]}}, {"type": "Feature", "properties": {"name": "21st Street", "highway": "tertiary"}, "geometry": {"type": "LineString", "coordinates": [[-104.9931255, 39.7552213], [-104.9930972, 39.7551995], [-104.9930488, 39.7551623]]}}, {"type": "Feature", "properties": {"name": "West 12th Avenue", "highway": "residential"}, "geometry": {"type": "LineString", "coordinates": [[-104.9968679, 39.7354342], [-104.996949, 39.735399], [-104.9971255, 39.7353176], [-104.997226, 39.7352867], [-104.9973064, 39.7352774], [-104.997509, 39.735278], [-104.9975928, 39.7352782]]}}, {"type": "Feature", "properties": {"name": "West 10th Avenue", "highway": "residential"}, "geometry": {"type": "LineString", "coordinates": [[-104.9964411, 39.7320969], [-104.9965421, 39.732097], [-104.9966008, 39.7320971], [-104.9970313, 39.7320977], [-104.9975019, 39.7320984], [-104.9975241, 39.7320984], [-104.9976203, 39.7320985]]}}, {"type": "Feature", "properties": {"name": "Inca Street", "highway": "residential"}, "geometry": {"type": "LineString", "coordinates": [[-104.9976203, 39.7320985], [-104.9976211, 39.7321975], [-104.9976331, 39.7335789], [-104.9976332, 39.7335953]]}}, {"type": "Feature", "properties": {"name": "West 9th Avenue", "highway": "tertiary"}, "geometry": {"type": "LineString", "coordinates": [[-104.9976071, 39.7305196], [-104.997709, 39.7305193], [-104.998122, 39.7305178], [-104.998509, 39.7305165], [-104.998536, 39.7305164], [-104.9986313, 39.7305161]]}}, {"type": "Feature", "properties": {"name": "Inca Street", "highway": "residential"}, "geometry": {"type": "LineString", "coordinates": [[-104.9976071, 39.7305196], [-104.9976078, 39.7306038], [-104.9976079, 39.7306219], [-104.9976115, 39.7310497], [-104.9976173, 39.7317428], [-104.9976188, 39.7319239], [-104.9976196, 39.7320143], [-104.9976203, 39.7320985]]}}, {"type": "Feature", "properties": {"name": "West 9th Avenue", "highway": "tertiary"}, "geometry": {"type": "LineString", "coordinates": [[-104.9940683, 39.7305285], [-104.9941687, 39.7305275], [-104.9946576, 39.7305298], [-104.9951487, 39.7305281], [-104.9952494, 39.7305278]]}}, {"type": "Feature", "properties": {"name": "Galapago Street", "highway": "tertiary"}, "geometry": {"type": "LineString", "coordinates": [[-104.9971132, 39.7368637], [-104.997113, 39.7367764], [-104.9971138, 39.7367546], [-104.9971165, 39.7363201], [-104.9971185, 39.7359996], [-104.997118, 39.7359614], [-104.9971134, 39.7359256], [-104.9971093, 39.7358931], [-104.9971049, 39.7358755], [-104.9970946, 39.7358343], [-104.9970704, 39.7357529], [-104.9970248, 39.7356549], [-104.996915, 39.7355012], [-104.9968679, 39.7354342]]}}, {"type": "Feature", "properties": {"name": "West 9th Avenue", "highway": "residential"}, "geometry": {"type": "LineString", "coordinates": [[-105.0028437, 39.7305155], [-105.0026866, 39.7305155], [-105.0026551, 39.7305155], [-105.0021856, 39.7305156], [-105.001708, 39.7305157], [-105.0015982, 39.7305157]]}}, {"type": "Feature", "properties": {"name": "North Lipan Street", "highway": "residential"}, "geometry": {"type": "LineString", "coordinates": [[-105.0015982, 39.7305157], [-105.001598, 39.7306096], [-105.0015973, 39.7308825], [-105.0015944, 39.7319839], [-105.0015943, 39.7320091], [-105.0015941, 39.7321038]]}}, {"type": "Feature", "properties": {"name": "North Lipan Street", "highway": "residential"}, "geometry": {"type": "LineString", "coordinates": [[-105.001583, 39.7399169], [-105.0015834, 39.7400207]]}}, {"type": "Feature", "properties": {"name": "14th Street", "highway": "secondary"}, "geometry": {"type": "LineString", "coordinates": [[-105.0006969, 39.7480168], [-105.0006218, 39.7479572]]}}, {"type": "Feature", "properties": {"name": "Wyandot Street", "highway": "residential"}, "geometry": {"type": "LineString", "coordinates": [[-105.0144868, 39.7571862], [-105.0144867, 39.7572654], [-105.0144862, 39.7576491], [-105.0144857, 39.7579965], [-105.0144853, 39.7583047], [-105.0144853, 39.7583182], [-105.0144852, 39.7584073]]}}, {"type": "Feature", "properties": {"name": "West 29th Avenue", "highway": "tertiary"}, "geometry": {"type": "LineString", "coordinates": [[-105.0153139, 39.7584086], [-105.015159, 39.7584084], [-105.0150003, 39.7584081], [-105.0145952, 39.7584075], [-105.0144852, 39.7584073]]}}, {"type": "Feature", "properties": {"name": "Wyandot Street", "highway": "residential"}, "geometry": {"type": "LineString", "coordinates": [[-105.0144852, 39.7584073], [-105.014485, 39.7585073], [-105.014485, 39.7585248], [-105.0144836, 39.7595614], [-105.0144835, 39.7596493]]}}, {"type": "Feature", "properties": {"name": "Central Street", "highway": "secondary"}, "geometry": {"type": "LineString", "coordinates": [[-105.0092961, 39.7583297], [-105.0093725, 39.7582705]]}}, {"type": "Feature", "properties": {"name": "Central Street", "highway": "secondary"}, "geometry": {"type": "LineString", "coordinates": [[-105.0092097, 39.7583967], [-105.0092961, 39.7583297]]}}, {"type": "Feature", "properties": {"name": "North Lipan Street", "highway": "residential"}, "geometry": {"type": "LineString", "coordinates": [[-105.0015844, 39.7359025], [-105.0015823, 39.73676], [-105.0015822, 39.7367869], [-105.001582, 39.7368783]]}}, {"type": "Feature", "properties": {"name": "North Lipan Street", "highway": "residential"}, "geometry": {"type": "LineString", "coordinates": [[-105.0015779, 39.7384683], [-105.0015776, 39.7385735], [-105.0015776, 39.7385881], [-105.0015758, 39.7393023], [-105.0015755, 39.7393884], [-105.0015753, 39.7394595], [-105.001583, 39.7399169]]}}, {"type": "Feature", "properties": {"name": "West 14th Avenue", "highway": "secondary"}, "geometry": {"type": "LineString", "coordinates": [[-104.9903773, 39.7384654], [-104.9902907, 39.7384658]]}}, {"type": "Feature", "properties": {"name": "14th Street", "highway": "secondary"}, "geometry": {"type": "LineString", "coordinates": [[-104.9998139, 39.7473376], [-104.9997726, 39.7473066]]}}, {"type": "Feature", "properties": {"name": "14th Street", "highway": "secondary"}, "geometry": {"type": "LineString", "coordinates": [[-104.9905368, 39.7402026], [-104.9904352, 39.7401173]]}}, {"type": "Feature", "properties": {"name": "West 27th Avenue", "highway": "residential"}, "geometry": {"type": "LineString", "coordinates": [[-105.0144878, 39.7564667], [-105.0146223, 39.756469], [-105.0147873, 39.7564762], [-105.0149361, 39.7564876], [-105.0151586, 39.7565107], [-105.0152245, 39.7565175], [-105.0156991, 39.7565752], [-105.015717, 39.7565774]]}}, {"type": "Feature", "properties": {"name": "West 27th Avenue", "highway": "residential"}, "geometry": {"type": "LineString", "coordinates": [[-105.015717, 39.7565774], [-105.0158289, 39.7565902]]}}, {"type": "Feature", "properties": {"name": "17th Street", "highway": "residential"}, "geometry": {"type": "LineString", "coordinates": [[-105.0080981, 39.7592588], [-105.0081777, 39.7593196], [-105.008206, 39.7593414], [-105.0085806, 39.7596283], [-105.0092241, 39.7601212], [-105.0093008, 39.76018]]}}, {"type": "Feature", "properties": {"name": "Boulder Street", "highway": "residential"}, "geometry": {"type": "LineString", "coordinates": [[-105.0093008, 39.76018], [-105.0093814, 39.7601177], [-105.0098536, 39.7597474], [-105.0098858, 39.7597221], [-105.0098962, 39.759714], [-105.0099452, 39.7596756], [-105.0102285, 39.7594548], [-105.0104091, 39.759314], [-105.0105031, 39.7592388]]}}, {"type": "Feature", "properties": {"name": "West 12th Avenue", "highway": "tertiary"}, "geometry": {"type": "LineString", "coordinates": [[-104.9881529, 39.7352645], [-104.9882727, 39.7352645], [-104.9883508, 39.7352645], [-104.9887641, 39.7352654]]}}, {"type": "Feature", "properties": {"name": "West 12th Avenue", "highway": "tertiary"}, "geometry": {"type": "LineString", "coordinates": [[-104.9887641, 39.7352654], [-104.9888432, 39.7352644], [-104.9889556, 39.7352644]]}}, {"type": "Feature", "properties": {"name": "Navajo Street", "highway": "residential"}, "geometry": {"type": "LineString", "coordinates": [[-105.004084, 39.7289511], [-105.0040841, 39.7290241], [-105.0040852, 39.7299133]]}}, {"type": "Feature", "properties": {"name": "Delaware Street", "highway": "residential"}, "geometry": {"type": "LineString", "coordinates": [[-104.99288, 39.7304459], [-104.9928953, 39.7304725], [-104.9929194, 39.7304982], [-104.9929476, 39.7305168], [-104.9929905, 39.7305282], [-104.9930522, 39.7305354]]}}, {"type": "Feature", "properties": {"name": "Bannock Street", "highway": "tertiary"}, "geometry": {"type": "LineString", "coordinates": [[-104.9905766, 39.7300184], [-104.9906535, 39.7299812]]}}, {"type": "Feature", "properties": {"name": "West 14th Avenue Parkway", "highway": "secondary"}, "geometry": {"type": "LineString", "coordinates": [[-104.990237, 39.7384572], [-104.9901571, 39.738443]]}}, {"type": "Feature", "properties": {"name": "Cleveland Place", "highway": "tertiary"}, "geometry": {"type": "LineString", "coordinates": [[-104.9877905, 39.7418689], [-104.9878298, 39.7418383]]}}, {"type": "Feature", "properties": {"name": "West 14th Avenue", "highway": "secondary"}, "geometry": {"type": "LineString", "coordinates": [[-104.9970463, 39.7384591], [-104.997015, 39.7384591]]}}, {"type": "Feature", "properties": {"name": "West 13th Avenue", "highway": "tertiary"}, "geometry": {"type": "LineString", "coordinates": [[-105.004051, 39.7368844], [-105.0034478, 39.7368822]]}}, {"type": "Feature", "properties": {"name": "North Kalamath Street", "highway": "secondary"}, "geometry": {"type": "LineString", "coordinates": [[-104.9999703, 39.740019], [-104.9999608, 39.7402147]]}}, {"type": "Feature", "properties": {"highway": "residential"}, "geometry": {"type": "LineString", "coordinates": [[-104.996115, 39.7407934], [-104.9962048, 39.7408644], [-104.9962238, 39.7408795]]}}, {"type": "Feature", "properties": {"name": "17th Street", "highway": "secondary"}, "geometry": {"type": "LineString", "coordinates": [[-104.9938791, 39.7483559], [-104.9936995, 39.7482177], [-104.9935966, 39.7481388]]}}, {"type": "Feature", "properties": {"name": "West 27th Avenue", "highway": "residential"}, "geometry": {"type": "LineString", "coordinates": [[-105.0158248, 39.756045], [-105.0159507, 39.7560449], [-105.0159962, 39.7560449], [-105.0160753, 39.7560449], [-105.0166466, 39.7560448], [-105.016744, 39.7560448], [-105.0170543, 39.7560447], [-105.0170918, 39.7560447], [-105.0177198, 39.7560446], [-105.0178057, 39.7560446]]}}, {"type": "Feature", "properties": {"name": "West 10th Avenue", "highway": "tertiary"}, "geometry": {"type": "LineString", "coordinates": [[-104.9916584, 39.7320578], [-104.991558, 39.732058], [-104.9915259, 39.7320578], [-104.9909788, 39.7320548]]}}, {"type": "Feature", "properties": {"name": "West 13th Avenue", "highway": "tertiary"}, "geometry": {"type": "LineString", "coordinates": [[-105.0026618, 39.7368808], [-105.0027514, 39.736881], [-105.0028281, 39.7368812]]}}, {"type": "Feature", "properties": {"name": "North Kalamath Street", "highway": "secondary"}, "geometry": {"type": "LineString", "coordinates": [[-105.0001804, 39.7305159], [-105.000181, 39.7304124]]}}, {"type": "Feature", "properties": {"name": "Blake Street", "highway": "secondary"}, "geometry": {"type": "LineString", "coordinates": [[-104.9876427, 39.7594739], [-104.9878022, 39.759357], [-104.9879052, 39.759274]]}}, {"type": "Feature", "properties": {"name": "18th Street", "highway": "secondary"}, "geometry": {"type": "LineString", "coordinates": [[-104.9876284, 39.7453379], [-104.9877528, 39.7454634], [-104.9878309, 39.7455395], [-104.987949, 39.7456397], [-104.9880305, 39.7457035]]}}, {"type": "Feature", "properties": {"name": "West 10th Avenue", "highway": "residential"}, "geometry": {"type": "LineString", "coordinates": [[-105.0015941, 39.7321038], [-105.0017026, 39.7321039], [-105.002181, 39.7321046], [-105.0026791, 39.7321067], [-105.0027969, 39.7321059], [-105.0028432, 39.7321057]]}}, {"type": "Feature", "properties": {"name": "North Lipan Street", "highway": "residential"}, "geometry": {"type": "LineString", "coordinates": [[-105.0015941, 39.7321038], [-105.0015945, 39.7322018], [-105.0015944, 39.7322272], [-105.0015928, 39.7326031], [-105.0015915, 39.7331173]]}}, {"type": "Feature", "properties": {"name": "Platte Street", "highway": "tertiary"}, "geometry": {"type": "LineString", "coordinates": [[-105.0107376, 39.7537754], [-105.010925, 39.7536929]]}}, {"type": "Feature", "properties": {"name": "West 14th Avenue Parkway", "highway": "secondary"}, "geometry": {"type": "LineString", "coordinates": [[-104.9902907, 39.7384658], [-104.9902643, 39.7384616], [-104.990237, 39.7384572]]}}, {"type": "Feature", "properties": {"name": "Osage Street", "highway": "tertiary"}, "geometry": {"type": "LineString", "coordinates": [[-105.0052588, 39.7368901], [-105.0052498, 39.7369305], [-105.0052483, 39.7369656], [-105.0052484, 39.7370021], [-105.0052488, 39.7373579], [-105.0052471, 39.7377575], [-105.0052469, 39.7378384], [-105.0052423, 39.7384843], [-105.0052395, 39.7390003], [-105.0052495, 39.7395355], [-105.0052513, 39.7395828]]}}, {"type": "Feature", "properties": {"name": "West 9th Avenue", "highway": "residential"}, "geometry": {"type": "LineString", "coordinates": [[-105.0015982, 39.7305157], [-105.0014879, 39.7305157], [-105.0009087, 39.7305158], [-105.0003537, 39.7305159], [-105.0003207, 39.7305159], [-105.0001804, 39.7305159]]}}, {"type": "Feature", "properties": {"name": "West 9th Avenue", "highway": "residential"}, "geometry": {"type": "LineString", "coordinates": [[-104.9930522, 39.7305354], [-104.9939643, 39.7305286], [-104.9940683, 39.7305285]]}}, {"type": "Feature", "properties": {"name": "Delaware Street", "highway": "residential"}, "geometry": {"type": "LineString", "coordinates": [[-104.9928681, 39.7289308], [-104.992867, 39.7290318], [-104.9928675, 39.7290525], [-104.99288, 39.7304459]]}}, {"type": "Feature", "properties": {"name": "West 29th Avenue", "highway": "residential"}, "geometry": {"type": "LineString", "coordinates": [[-104.9954895, 39.7584996], [-104.9955369, 39.7584683], [-104.9955866, 39.7584467], [-104.9956415, 39.7584324], [-104.9957009, 39.7584262]]}}, {"type": "Feature", "properties": {"name": "Little Raven Street", "highway": "residential"}, "geometry": {"type": "LineString", "coordinates": [[-105.0065457, 39.7543693], [-105.0064421, 39.7544561], [-105.0063945, 39.7544978], [-105.0063006, 39.7545581], [-105.0062013, 39.754619], [-105.006136, 39.7546505], [-105.0060746, 39.7546751], [-105.0059405, 39.7547236], [-105.0052277, 39.754985], [-105.0051681, 39.7550099], [-105.005003, 39.7550795], [-105.0048797, 39.7551435]]}}, {"type": "Feature", "properties": {"name": "Little Raven Street", "highway": "residential"}, "geometry": {"type": "LineString", "coordinates": [[-105.0048797, 39.7551435], [-105.0048038, 39.7551996]]}}, {"type": "Feature", "properties": {"name": "Chestnut Place", "highway": "residential"}, "geometry": {"type": "LineString", "coordinates": [[-105.0034588, 39.7539151], [-105.0034017, 39.7539711]]}}, {"type": "Feature", "properties": {"name": "Blake Street", "highway": "secondary"}, "geometry": {"type": "LineString", "coordinates": [[-104.9991792, 39.7505362], [-104.9992525, 39.7504795], [-104.9995924, 39.7502164]]}}, {"type": "Feature", "properties": {"name": "Blake Street", "highway": "secondary"}, "geometry": {"type": "LineString", "coordinates": [[-104.9988383, 39.7508], [-104.9990753, 39.7506166], [-104.9991792, 39.7505362]]}}, {"type": "Feature", "properties": {"name": "Walnut Street", "highway": "secondary"}, "geometry": {"type": "LineString", "coordinates": [[-104.9876001, 39.7581607], [-104.9874557, 39.7582688]]}}, {"type": "Feature", "properties": {"name": "Market Street", "highway": "secondary"}, "geometry": {"type": "LineString", "coordinates": [[-104.993553, 39.7535529], [-104.9934602, 39.7536258]]}}, {"type": "Feature", "properties": {"name": "14th Street", "highway": "secondary"}, "geometry": {"type": "LineString", "coordinates": [[-105.0007903, 39.7480886], [-105.0006969, 39.7480168]]}}, {"type": "Feature", "properties": {"name": "North Valley Highway", "highway": "motorway"}, "geometry": {"type": "LineString", "coordinates": [[-105.0139195, 39.7377044], [-105.0138987, 39.7378415], [-105.0138718, 39.7380431]]}}, {"type": "Feature", "properties": {"name": "North Valley Highway", "highway": "motorway"}, "geometry": {"type": "LineString", "coordinates": [[-105.0139954, 39.7371957], [-105.013959, 39.7374565]]}}, {"type": "Feature", "properties": {"name": "14th Street", "highway": "secondary"}, "geometry": {"type": "LineString", "coordinates": [[-104.9937373, 39.7426589], [-104.993647, 39.7425937], [-104.9935261, 39.7425017], [-104.9933979, 39.7424022], [-104.9932877, 39.7423168], [-104.9929285, 39.742047], [-104.9928579, 39.7419892], [-104.9927784, 39.7419311], [-104.9926726, 39.7418492]]}}, {"type": "Feature", "properties": {"name": "14th Street", "highway": "secondary"}, "geometry": {"type": "LineString", "coordinates": [[-104.9926726, 39.7418492], [-104.9924226, 39.7416556], [-104.9921799, 39.7414676]]}}, {"type": "Feature", "properties": {"name": "14th Street", "highway": "secondary"}, "geometry": {"type": "LineString", "coordinates": [[-104.9921799, 39.7414676], [-104.9920619, 39.7413762], [-104.9919834, 39.7413084], [-104.9919115, 39.7412551], [-104.9918238, 39.7411874]]}}, {"type": "Feature", "properties": {"name": "14th Street", "highway": "secondary"}, "geometry": {"type": "LineString", "coordinates": [[-104.9918238, 39.7411874], [-104.9917151, 39.7411035], [-104.9915543, 39.7409794], [-104.9914776, 39.7409204]]}}, {"type": "Feature", "properties": {"name": "West 13th Avenue", "highway": "tertiary"}, "geometry": {"type": "LineString", "coordinates": [[-105.0145918, 39.7369127], [-105.0148233, 39.736914]]}}, {"type": "Feature", "properties": {"name": "West 13th Avenue", "highway": "tertiary"}, "geometry": {"type": "LineString", "coordinates": [[-105.0132698, 39.7369131], [-105.0135342, 39.7369137], [-105.0136219, 39.7369139], [-105.013742, 39.7369145]]}}, {"type": "Feature", "properties": {"name": "Walnut Street", "highway": "tertiary"}, "geometry": {"type": "LineString", "coordinates": [[-105.0128304, 39.7428176], [-105.013083, 39.742704]]}}, {"type": "Feature", "properties": {"name": "Walnut Street", "highway": "tertiary"}, "geometry": {"type": "LineString", "coordinates": [[-105.0149538, 39.7418437], [-105.0148787, 39.7419026], [-105.0147821, 39.7419624], [-105.0146936, 39.7420099], [-105.0145521, 39.7420794], [-105.0143161, 39.7422011], [-105.0141481, 39.742281]]}}, {"type": "Feature", "properties": {"name": "Walnut Street", "highway": "tertiary"}, "geometry": {"type": "LineString", "coordinates": [[-105.0140303, 39.7423412], [-105.0139689, 39.7423726]]}}, {"type": "Feature", "properties": {"name": "Walnut Street", "highway": "tertiary"}, "geometry": {"type": "LineString", "coordinates": [[-105.0141481, 39.742281], [-105.0140303, 39.7423412]]}}, {"type": "Feature", "properties": {"name": "Walnut Street", "highway": "tertiary"}, "geometry": {"type": "LineString", "coordinates": [[-105.0151585, 39.7415251], [-105.0151133, 39.7416366], [-105.0150881, 39.7416841], [-105.0150636, 39.7417169]]}}, {"type": "Feature", "properties": {"name": "North Valley Highway", "highway": "motorway"}, "geometry": {"type": "LineString", "coordinates": [[-105.0149128, 39.7419952], [-105.0148331, 39.7418895]]}}, {"type": "Feature", "properties": {"name": "North Valley Highway", "highway": "motorway"}, "geometry": {"type": "LineString", "coordinates": [[-105.0148331, 39.7418895], [-105.0147785, 39.7418103]]}}, {"type": "Feature", "properties": {"name": "Walnut Street", "highway": "tertiary"}, "geometry": {"type": "LineString", "coordinates": [[-105.0150636, 39.7417169], [-105.015045, 39.7417417], [-105.0150061, 39.7417902], [-105.0149538, 39.7418437]]}}, {"type": "Feature", "properties": {"name": "North Valley Highway", "highway": "motorway"}, "geometry": {"type": "LineString", "coordinates": [[-105.014639, 39.742035], [-105.0146468, 39.7420458], [-105.0147018, 39.742118]]}}, {"type": "Feature", "properties": {"name": "North Valley Highway", "highway": "motorway"}, "geometry": {"type": "LineString", "coordinates": [[-105.0145815, 39.7419581], [-105.014639, 39.742035]]}}, {"type": "Feature", "properties": {"name": "Walnut Street", "highway": "tertiary"}, "geometry": {"type": "LineString", "coordinates": [[-105.0160478, 39.7397788], [-105.0158474, 39.739864], [-105.0157923, 39.7398874], [-105.0156771, 39.7399488], [-105.0155745, 39.7400104], [-105.0155162, 39.7400471]]}}, {"type": "Feature", "properties": {"name": "Walnut Street", "highway": "tertiary"}, "geometry": {"type": "LineString", "coordinates": [[-105.0152853, 39.7403022], [-105.0152598, 39.7403566], [-105.0152441, 39.7404088], [-105.0152303, 39.7404828], [-105.0152248, 39.7405601]]}}, {"type": "Feature", "properties": {"name": "North Valley Highway", "highway": "motorway"}, "geometry": {"type": "LineString", "coordinates": [[-105.0143642, 39.741621], [-105.0144289, 39.7417331]]}}, {"type": "Feature", "properties": {"name": "North Valley Highway", "highway": "motorway"}, "geometry": {"type": "LineString", "coordinates": [[-105.0144289, 39.7417331], [-105.0144575, 39.7417792], [-105.0144972, 39.7418384]]}}, {"type": "Feature", "properties": {"name": "North Valley Highway", "highway": "motorway"}, "geometry": {"type": "LineString", "coordinates": [[-105.0146567, 39.7416102], [-105.0146168, 39.7415414]]}}, {"type": "Feature", "properties": {"name": "North Valley Highway", "highway": "motorway"}, "geometry": {"type": "LineString", "coordinates": [[-105.0146168, 39.7415414], [-105.0145845, 39.7414835]]}}, {"type": "Feature", "properties": {"name": "North Valley Highway", "highway": "motorway"}, "geometry": {"type": "LineString", "coordinates": [[-105.0139941, 39.7405328], [-105.01401, 39.7406046], [-105.0140503, 39.7407971], [-105.0141085, 39.7410044], [-105.0141805, 39.7412136], [-105.0142607, 39.7414101], [-105.0143642, 39.741621]]}}, {"type": "Feature", "properties": {"name": "North Valley Highway", "highway": "motorway"}, "geometry": {"type": "LineString", "coordinates": [[-105.0139454, 39.7402353], [-105.0139568, 39.7403204], [-105.0139696, 39.7404025], [-105.0139941, 39.7405328]]}}, {"type": "Feature", "properties": {"name": "North Valley Highway", "highway": "motorway"}, "geometry": {"type": "LineString", "coordinates": [[-105.0145845, 39.7414835], [-105.0145154, 39.7413584], [-105.0144459, 39.7411942], [-105.014367, 39.7409951], [-105.0142914, 39.7407677], [-105.0142534, 39.7406205], [-105.0142349, 39.7405381]]}}, {"type": "Feature", "properties": {"name": "North Valley Highway", "highway": "motorway"}, "geometry": {"type": "LineString", "coordinates": [[-105.0142349, 39.7405381], [-105.014206, 39.7403916], [-105.0141816, 39.740238]]}}, {"type": "Feature", "properties": {"name": "Walnut Street", "highway": "tertiary"}, "geometry": {"type": "LineString", "coordinates": [[-105.0154311, 39.7401163], [-105.0153589, 39.7401871], [-105.0153211, 39.7402366], [-105.0152853, 39.7403022]]}}, {"type": "Feature", "properties": {"name": "Walnut Street", "highway": "tertiary"}, "geometry": {"type": "LineString", "coordinates": [[-105.0155162, 39.7400471], [-105.0154689, 39.7400811], [-105.0154311, 39.7401163]]}}, {"type": "Feature", "properties": {"name": "North Valley Highway", "highway": "motorway"}, "geometry": {"type": "LineString", "coordinates": [[-105.0103866, 39.7570979], [-105.0108855, 39.7567374], [-105.0126481, 39.7554679]]}}, {"type": "Feature", "properties": {"name": "North Valley Highway", "highway": "motorway"}, "geometry": {"type": "LineString", "coordinates": [[-105.0124085, 39.755357], [-105.0121371, 39.7555494]]}}, {"type": "Feature", "properties": {"name": "Market Street", "highway": "secondary"}, "geometry": {"type": "LineString", "coordinates": [[-104.993624, 39.7534997], [-104.993553, 39.7535529]]}}, {"type": "Feature", "properties": {"name": "Market Street", "highway": "secondary"}, "geometry": {"type": "LineString", "coordinates": [[-104.9932225, 39.7538088], [-104.9923363, 39.7544908], [-104.9922563, 39.7545524], [-104.9921986, 39.7546177], [-104.9911329, 39.7554169], [-104.991044, 39.7554853]]}}, {"type": "Feature", "properties": {"name": "Larimer Street", "highway": "tertiary"}, "geometry": {"type": "LineString", "coordinates": [[-104.9974637, 39.7491603], [-104.997498, 39.7491333], [-104.9975926, 39.74906]]}}, {"type": "Feature", "properties": {"name": "Larimer Street", "highway": "tertiary"}, "geometry": {"type": "LineString", "coordinates": [[-104.9975926, 39.74906], [-104.9977272, 39.7489557]]}}, {"type": "Feature", "properties": {"name": "7th Street", "highway": "secondary"}, "geometry": {"type": "LineString", "coordinates": [[-105.0088107, 39.7441162], [-105.0091526, 39.7445713]]}}, {"type": "Feature", "properties": {"name": "Larimer Street", "highway": "tertiary"}, "geometry": {"type": "LineString", "coordinates": [[-104.9977272, 39.7489557], [-104.9980866, 39.7486772], [-104.9985348, 39.7483286]]}}, {"type": "Feature", "properties": {"name": "Lawrence Street", "highway": "tertiary"}, "geometry": {"type": "LineString", "coordinates": [[-104.9990035, 39.7466444], [-104.9989592, 39.7466802]]}}, {"type": "Feature", "properties": {"name": "Blake Street", "highway": "secondary"}, "geometry": {"type": "LineString", "coordinates": [[-105.001398, 39.7488118], [-105.0014296, 39.7487903]]}}, {"type": "Feature", "properties": {"name": "Wynkoop Street", "highway": "tertiary"}, "geometry": {"type": "LineString", "coordinates": [[-104.9985404, 39.7537533], [-104.9985073, 39.7537767], [-104.9984664, 39.7538082]]}}, {"type": "Feature", "properties": {"name": "Stout Street", "highway": "secondary"}, "geometry": {"type": "LineString", "coordinates": [[-104.9894316, 39.7486371], [-104.9893878, 39.7486723]]}}, {"type": "Feature", "properties": {"name": "Glenarm Place", "highway": "residential"}, "geometry": {"type": "LineString", "coordinates": [[-104.9892287, 39.7447764], [-104.9892719, 39.744743], [-104.989314, 39.7447104], [-104.9896352, 39.7444618]]}}, {"type": "Feature", "properties": {"name": "18th Street", "highway": "tertiary"}, "geometry": {"type": "LineString", "coordinates": [[-104.9973597, 39.7528296], [-104.99758, 39.7530048], [-104.9976541, 39.7530634]]}}, {"type": "Feature", "properties": {"name": "North Mariposa Street", "highway": "tertiary"}, "geometry": {"type": "LineString", "coordinates": [[-105.0028252, 39.7384712], [-105.0028256, 39.7385724], [-105.0028254, 39.7386373], [-105.002823, 39.7395059]]}}, {"type": "Feature", "properties": {"name": "North Speer Boulevard", "highway": "primary"}, "geometry": {"type": "LineString", "coordinates": [[-105.0140836, 39.7556312], [-105.0133279, 39.7553443]]}}, {"type": "Feature", "properties": {"name": "North Mariposa Street", "highway": "tertiary"}, "geometry": {"type": "LineString", "coordinates": [[-105.0027906, 39.733702], [-105.0027911, 39.7337976], [-105.0027924, 39.7338619], [-105.0028348, 39.7340318]]}}, {"type": "Feature", "properties": {"name": "North Mariposa Street", "highway": "tertiary"}, "geometry": {"type": "LineString", "coordinates": [[-105.0028348, 39.7340318], [-105.0028535, 39.7339631], [-105.0028798, 39.7338663], [-105.0028813, 39.7337978], [-105.0028801, 39.733702]]}}, {"type": "Feature", "properties": {"name": "Cherokee Street", "highway": "tertiary"}, "geometry": {"type": "LineString", "coordinates": [[-104.9916584, 39.7320578], [-104.9916573, 39.7321551], [-104.9916566, 39.7331355], [-104.9916556, 39.7337615], [-104.9916554, 39.7338552]]}}, {"type": "Feature", "properties": {"name": "West 11th Avenue", "highway": "tertiary"}, "geometry": {"type": "LineString", "coordinates": [[-104.9923635, 39.7338566], [-104.9923265, 39.7338565], [-104.9917688, 39.7338554], [-104.9916554, 39.7338552]]}}, {"type": "Feature", "properties": {"name": "Delaware Street", "highway": "tertiary"}, "geometry": {"type": "LineString", "coordinates": [[-104.9929579, 39.7338577], [-104.9929578, 39.7339757], [-104.9929576, 39.7343059], [-104.9929573, 39.7346215], [-104.9929569, 39.7351773], [-104.9929568, 39.7352634]]}}, {"type": "Feature", "properties": {"name": "West 12th Avenue", "highway": "tertiary"}, "geometry": {"type": "LineString", "coordinates": [[-104.9929568, 39.7352634], [-104.9930484, 39.7352634], [-104.9930896, 39.7352634], [-104.9935368, 39.7352632], [-104.9940374, 39.7352631], [-104.9941255, 39.7352631], [-104.994236, 39.7352631], [-104.9944121, 39.735263], [-104.994445, 39.735263], [-104.9945592, 39.735263]]}}, {"type": "Feature", "properties": {"name": "Cherokee Street", "highway": "tertiary"}, "geometry": {"type": "LineString", "coordinates": [[-104.9916554, 39.7338552], [-104.9916552, 39.7339591], [-104.9916549, 39.73416], [-104.9916543, 39.7345251], [-104.9916538, 39.7348127], [-104.9916534, 39.7350717], [-104.991653, 39.7351726], [-104.9916531, 39.7352637]]}}, {"type": "Feature", "properties": {"name": "West 12th Avenue", "highway": "tertiary"}, "geometry": {"type": "LineString", "coordinates": [[-104.9916531, 39.7352637], [-104.991774, 39.735264], [-104.9918125, 39.7352637], [-104.992356, 39.7352635], [-104.9928201, 39.7352634], [-104.9928505, 39.7352634], [-104.9929568, 39.7352634]]}}, {"type": "Feature", "properties": {"name": "Walnut Street", "highway": "tertiary"}, "geometry": {"type": "LineString", "coordinates": [[-105.013083, 39.742704], [-105.0131367, 39.7426807], [-105.0132727, 39.7426177], [-105.0133902, 39.7425705]]}}, {"type": "Feature", "properties": {"name": "15th Street", "highway": "secondary"}, "geometry": {"type": "LineString", "coordinates": [[-105.0051475, 39.753227], [-105.0047357, 39.7529042]]}}, {"type": "Feature", "properties": {"name": "15th Street", "highway": "secondary"}, "geometry": {"type": "LineString", "coordinates": [[-105.0059643, 39.7539096], [-105.0058218, 39.7537552], [-105.0051475, 39.753227]]}}, {"type": "Feature", "properties": {"name": "West 13th Avenue", "highway": "tertiary"}, "geometry": {"type": "LineString", "coordinates": [[-105.0128681, 39.7369123], [-105.0129565, 39.736913], [-105.0132698, 39.7369131]]}}, {"type": "Feature", "properties": {"name": "17th Street", "highway": "tertiary"}, "geometry": {"type": "LineString", "coordinates": [[-104.9980152, 39.7515252], [-104.997958, 39.7514814]]}}, {"type": "Feature", "properties": {"name": "Navajo Street", "highway": "residential"}, "geometry": {"type": "LineString", "coordinates": [[-105.0040852, 39.7299133], [-105.0040859, 39.7304186], [-105.004086, 39.7305222]]}}, {"type": "Feature", "properties": {"name": "Bannock Street", "highway": "tertiary"}, "geometry": {"type": "LineString", "coordinates": [[-104.990265, 39.7320542], [-104.990264, 39.73216], [-104.9902578, 39.7329803], [-104.9902574, 39.7330184], [-104.990257, 39.7330609], [-104.9902538, 39.733433]]}}, {"type": "Feature", "properties": {"name": "Bannock Street", "highway": "tertiary"}, "geometry": {"type": "LineString", "coordinates": [[-104.9902626, 39.7312793], [-104.9902631, 39.7313817], [-104.9902633, 39.7314222], [-104.9902645, 39.7317249], [-104.9902649, 39.7319482], [-104.990265, 39.7319676], [-104.990265, 39.7320542]]}}, {"type": "Feature", "properties": {"name": "West 10th Avenue", "highway": "tertiary"}, "geometry": {"type": "LineString", "coordinates": [[-104.9909788, 39.7320548], [-104.990407, 39.7320543], [-104.990388, 39.7320542], [-104.990265, 39.7320542]]}}, {"type": "Feature", "properties": {"name": "Park Avenue West", "highway": "primary"}, "geometry": {"type": "LineString", "coordinates": [[-104.9928723, 39.7570678], [-104.992806, 39.7569507], [-104.9927328, 39.7568449]]}}, {"type": "Feature", "properties": {"name": "West 13th Avenue", "highway": "tertiary"}, "geometry": {"type": "LineString", "coordinates": [[-105.0071468, 39.7369014], [-105.0070247, 39.7369012]]}}, {"type": "Feature", "properties": {"name": "West 13th Avenue", "highway": "tertiary"}, "geometry": {"type": "LineString", "coordinates": [[-105.009252, 39.7369055], [-105.0090118, 39.736905]]}}, {"type": "Feature", "properties": {"name": "West 13th Avenue", "highway": "tertiary"}, "geometry": {"type": "LineString", "coordinates": [[-105.0090118, 39.736905], [-105.0082286, 39.7369035], [-105.0077854, 39.7369026]]}}, {"type": "Feature", "properties": {"name": "West 13th Avenue", "highway": "tertiary"}, "geometry": {"type": "LineString", "coordinates": [[-105.0148233, 39.736914], [-105.0152235, 39.7369172]]}}, {"type": "Feature", "properties": {"name": "Welton Street", "highway": "tertiary"}, "geometry": {"type": "LineString", "coordinates": [[-104.9909579, 39.7447858], [-104.9906068, 39.7450597]]}}, {"type": "Feature", "properties": {"name": "Welton Street", "highway": "tertiary"}, "geometry": {"type": "LineString", "coordinates": [[-104.9916983, 39.7442116], [-104.9913966, 39.744444], [-104.9913636, 39.7444694]]}}, {"type": "Feature", "properties": {"name": "Court Place", "highway": "tertiary"}, "geometry": {"type": "LineString", "coordinates": [[-104.9888833, 39.7423527], [-104.9887795, 39.7424334], [-104.9887503, 39.7424563]]}}, {"type": "Feature", "properties": {"name": "West 13th Avenue", "highway": "tertiary"}, "geometry": {"type": "LineString", "coordinates": [[-105.0070247, 39.7369012], [-105.006643, 39.7368632]]}}, {"type": "Feature", "properties": {"name": "West 13th Avenue", "highway": "tertiary"}, "geometry": {"type": "LineString", "coordinates": [[-105.0066431, 39.7369267], [-105.0067413, 39.736922], [-105.0070247, 39.7369012]]}}, {"type": "Feature", "properties": {"name": "West 13th Avenue", "highway": "tertiary"}, "geometry": {"type": "LineString", "coordinates": [[-105.0056936, 39.7368886], [-105.0058652, 39.7369132]]}}, {"type": "Feature", "properties": {"name": "West 13th Avenue", "highway": "tertiary"}, "geometry": {"type": "LineString", "coordinates": [[-105.0058645, 39.7368611], [-105.0056936, 39.7368886]]}}, {"type": "Feature", "properties": {"name": "Larimer Street", "highway": "tertiary"}, "geometry": {"type": "LineString", "coordinates": [[-104.9998139, 39.7473376], [-104.999868, 39.7473053]]}}, {"type": "Feature", "properties": {"name": "West 13th Avenue", "highway": "tertiary"}, "geometry": {"type": "LineString", "coordinates": [[-105.0118761, 39.7369103], [-105.0117764, 39.7369092]]}}, {"type": "Feature", "properties": {"name": "Champa Street", "highway": "secondary"}, "geometry": {"type": "LineString", "coordinates": [[-104.9927553, 39.7474358], [-104.9928085, 39.7473948], [-104.9933918, 39.7469418], [-104.9935094, 39.7468505], [-104.9938489, 39.7465869], [-104.993895, 39.7465513], [-104.9939162, 39.746535]]}}, {"type": "Feature", "properties": {"name": "19th Street", "highway": "tertiary"}, "geometry": {"type": "LineString", "coordinates": [[-104.9901611, 39.7492038], [-104.9895336, 39.7487155], [-104.9894316, 39.7486371]]}}, {"type": "Feature", "properties": {"name": "Chestnut Place", "highway": "residential"}, "geometry": {"type": "LineString", "coordinates": [[-104.9984511, 39.7578094], [-104.9982593, 39.7579577]]}}, {"type": "Feature", "properties": {"name": "Rio Court", "highway": "residential"}, "geometry": {"type": "LineString", "coordinates": [[-105.0070247, 39.7369012], [-105.0070246, 39.7368479]]}}, {"type": "Feature", "properties": {"name": "Bannock Street", "highway": "tertiary"}, "geometry": {"type": "LineString", "coordinates": [[-104.9902907, 39.7384658], [-104.9902892, 39.7384106], [-104.9902878, 39.738362]]}}]}